data;horario;n_da_ocorrencia;tipo_de_ocorrencia;km;trecho;sentido;tipo_de_acidente;automovel;bicicleta;caminhao;moto;onibus;outros;tracao_animal;transporte_de_cargas_especiais;trator_maquinas;utilitarios;ilesos;levemente_feridos;moderadamente_feridos;gravemente_feridos;mortos
"10/07/2010";"03:04:00";"10";"com vítima";"197.3";"BR-392/RS";"Sul";"Atropelamento de Animal";0;0;0;1;0;0;0;0;0;0;0;1;0;0;0
"10/07/2010";"04:23:00";"13";"com vítima";"121.9";"BR-293/RS";"Norte";"Saída de Pista";0;0;0;0;0;0;1;0;0;0;0;1;0;0;0
"10/07/2010";"09:36:00";"28";"sem vítima";"155.5";"BR-293/RS";"Norte";"Saída de Pista";1;0;0;0;0;0;0;0;0;0;3;0;0;0;0
"10/07/2010";"10:02:00";"30";"sem vítima";"196.5";"BR-392/RS";"Norte";"Abalr.Transversal";2;0;0;0;0;0;0;0;0;0;4;0;0;0;0
"10/07/2010";"05:54:00";"77";"sem vítima";"519.3";"BR-116/RS";"Sul";"Abalr.Transversal";0;0;1;0;0;0;0;0;0;0;1;0;0;0;0
"11/07/2010";"08:08:00";"77";"com vítima";"42.2";"BR-392/RS";"Norte";"Abalr.Transversal";1;0;0;0;0;0;0;0;0;0;0;1;0;0;0
"11/07/2010";"09:48:00";"82";"sem vítima";"26.8";"BR-293/RS";"Norte";"Atropelamento de Animal";1;0;0;0;0;0;0;0;0;0;1;0;0;0;0
"12/07/2010";"01:12:00";"1";"com vítima";"8.9";"BR-392/RS";"Sul";"Abalr.Transversal";0;0;0;1;0;0;0;0;0;0;0;1;0;0;0
"12/07/2010";"07:09:00";"14";"com vítima";"99.8";"BR-392/RS";"Sul";"Tombamento";0;0;0;1;0;0;0;0;0;0;0;1;1;0;0
"12/07/2010";"03:02:00";"63";"sem vítima";"18.1";"BR-392/RS";"Norte";"Abalr.Transversal";0;0;1;0;0;0;0;0;0;0;1;0;0;0;0
"12/07/2010";"04:41:00";"72";"com vítima";"83.4";"BR-392/RS";"Norte";"Tombamento";1;0;0;0;0;0;0;0;0;0;0;1;0;0;0
"12/07/2010";"07:41:00";"94";"sem vítima";"64.5";"BR-392/RS";"Sul";"Atropelamento de Animal";0;0;1;0;0;0;0;0;0;0;1;0;0;0;0
"12/07/2010";"08:17:00";"98";"sem vítima";"24.7";"BR-392/RS";"Sul";"Saída de Pista";2;0;0;0;0;0;0;0;0;0;5;0;0;0;0
"12/07/2010";"10:22:00";"107";"sem vítima";"24.7";"BR-392/RS";"Norte";"Saída de Pista";2;0;0;0;0;0;0;0;0;0;3;0;0;0;0
"14/07/2010";"08:37:00";"110";"sem vítima";"407";"BR-116/RS";"Norte";"Atropelamento de Animal";1;0;0;0;1;0;0;0;0;0;37;0;0;0;0
"15/07/2010";"07:57:00";"23";"com vítima";"481.9";"BR-116/RS";"Norte";"Colisão Traseira";1;0;0;0;0;0;0;0;0;0;0;1;0;0;0
"15/07/2010";"04:57:00";"89";"sem vítima";"451";"BR-116/RS";"Norte";"Abalr.Mesmo Sentido";2;0;0;0;0;0;0;0;0;0;3;0;0;0;0
"16/07/2010";"05:19:00";"72";"com vítima";"15";"BR-293/RS";"Norte";"Colisão Traseira";1;0;0;0;0;0;0;0;0;0;0;1;0;0;0
"17/07/2010";"10:20:00";"24";"sem vítima";"460.5";"BR-116/RS";"Sul";"Saída de Pista";1;0;0;0;0;0;0;0;0;0;1;0;0;0;0
"17/07/2010";"01:11:00";"47";"com vítima";"119.6";"BR-392/RS";"Sul";"Saída de Pista";1;0;1;0;0;0;0;0;0;0;1;1;0;0;0
"17/07/2010";"11:17:00";"85";"sem vítima";"88.8";"BR-392/RS";"Sul";"Colisão Traseira";0;0;2;0;0;0;0;0;0;0;2;0;0;0;0
"18/07/2010";"02:02:00";"8";"com vítima";"61.1";"BR-392/RS";"Sul";"Saída de Pista";0;0;0;2;0;0;0;0;0;0;1;1;0;0;0
"18/07/2010";"10:14:00";"18";"sem vítima";"198.1";"BR-392/RS";"Sul";"Tombamento";1;0;0;0;0;0;0;0;0;0;1;0;0;0;0
"18/07/2010";"03:30:00";"38";"sem vítima";"59.4";"BR-392/RS";"Norte";"Outros(especificar)";1;0;0;0;0;0;0;0;0;0;1;0;0;0;0
"18/07/2010";"06:38:00";"57";"sem vítima";"66.8";"BR-392/RS";"Norte";"Abalr.Transversal";1;0;0;0;1;0;0;0;0;0;43;0;0;0;0
"19/07/2010";"07:50:00";"18";"sem vítima";"526.3";"BR-116/RS";"Sul";"Tombamento";0;0;0;0;1;0;0;0;0;0;27;0;0;0;0
"20/07/2010";"12:07:00";"1";"com vítima";"99.5";"BR-392/RS";"Sul";"Tombamento";1;0;0;0;0;0;0;0;0;0;0;0;1;0;0
"20/07/2010";"06:02:00";"77";"com vítima";"22.6";"BR-392/RS";"Sul";"Abalr.Mesmo Sentido";2;0;0;0;0;0;0;0;0;0;0;4;0;0;1
"21/07/2010";"09:41:00";"23";"com vítima";"25.1";"BR-392/RS";"Norte";"Colisão Frontal";0;0;0;1;0;0;0;0;0;0;0;2;0;0;0
"21/07/2010";"10:19:00";"25";"sem vítima";"28.1";"BR-293/RS";"Norte";"Saída de Pista";0;0;1;0;0;0;0;0;0;0;1;0;0;0;0
"21/07/2010";"11:30:00";"30";"sem vítima";"117.6";"BR-392/RS";"Norte";"Saída de Pista";1;0;0;0;0;0;0;0;0;0;1;0;0;0;0
"21/07/2010";"02:18:00";"43";"com vítima";"121.7";"BR-392/RS";"Norte";"Saída de Pista";0;0;0;1;0;0;0;0;0;0;0;0;1;0;0
"21/07/2010";"03:18:00";"49";"sem vítima";"33.1";"BR-392/RS";"Sul";"Saída de Pista";0;0;1;0;0;0;0;0;0;0;1;0;0;0;0
"21/07/2010";"04:53:00";"63";"com vítima";"526.5";"BR-116/RS";"Sul";"Abalr.Transversal";0;0;0;1;0;0;0;0;0;0;0;1;0;0;0
"21/07/2010";"06:12:00";"74";"com vítima";"523.9";"BR-116/RS";"Norte";"Saída de Pista";1;0;0;0;0;0;0;0;0;0;0;1;0;0;0
"22/07/2010";"07:58:00";"92";"sem vítima";"18.3";"BR-392/RS";"Norte";"Atropelamento sem morte";1;0;0;0;0;0;0;0;0;0;1;0;0;0;0
"22/07/2010";"08:39:00";"95";"com vítima";"526.5";"BR-116/RS";"Norte";"Colisão Traseira";1;0;1;0;0;0;0;0;0;0;0;1;0;1;1
"23/07/2010";"08:19:00";"19";"com vítima";"523.9";"BR-116/RS";"Sul";"Colisão Traseira";0;0;2;0;0;0;0;0;0;0;1;0;1;0;0
"23/07/2010";"09:06:00";"25";"sem vítima";"402.1";"BR-116/RS";"Norte";"Outros(especificar)";1;0;1;0;0;0;0;0;0;0;3;0;0;0;0
"23/07/2010";"10:30:00";"37";"com vítima";"19.9";"BR-392/RS";"Norte";"Abalr.Transversal";2;0;0;0;0;0;0;0;0;0;0;2;1;0;0
"23/07/2010";"11:34:00";"44";"sem vítima";"123.4";"BR-392/RS";"Norte";"Abalr.Transversal";0;0;1;1;0;0;0;0;0;0;2;0;0;0;0
"24/07/2010";"09:03:00";"98";"com vítima";"44.1";"BR-293/RS";"Norte";"Colisão Traseira";1;0;0;0;0;0;1;0;0;0;0;2;0;1;0
"26/07/2010";"11:40:00";"105";"sem vítima";"428.6";"BR-116/RS";"Norte";"Outros(especificar)";2;0;0;0;0;0;0;0;0;0;3;0;0;0;0
"27/07/2010";"06:42:00";"95";"sem vítima";"426";"BR-116/RS";"Sul";"Saída de Pista";2;0;0;0;0;0;0;0;0;0;3;0;0;0;0
"27/07/2010";"08:00:00";"101";"com vítima";"120.9";"BR-392/RS";"Sul";"Saída de Pista";1;0;0;0;0;0;0;0;0;0;1;1;0;0;0
"28/07/2010";"08:15:00";"17";"sem vítima";"119.7";"BR-392/RS";"Norte";"Saída de Pista";2;0;0;0;1;0;0;0;0;0;4;0;0;0;0
"28/07/2010";"01:04:00";"46";"sem vítima";"520.9";"BR-116/RS";"Sul";"Abalr.Transversal";1;0;0;0;0;0;0;0;0;0;4;0;0;0;0
"29/07/2010";"11:57:00";"59";"com vítima";"407.8";"BR-116/RS";"Norte";"Saída de Pista";1;0;0;0;0;0;0;0;0;0;0;0;1;0;0
"29/07/2010";"06:38:00";"98";"sem vítima";"38.9";"BR-392/RS";"Sul";"Abalr.Transversal";1;0;0;1;0;0;0;0;0;0;6;0;0;0;0
"30/07/2010";"05:18:00";"13";"com vítima";"539.9";"BR-116/RS";"Sul";"Atropelamento de Animal";0;0;1;0;0;0;0;0;0;0;0;0;1;0;0
"30/07/2010";"06:27:00";"15";"com vítima";"427.8";"BR-116/RS";"Sul";"Saída de Pista";0;0;0;1;0;0;0;0;0;0;0;0;1;0;0
"30/07/2010";"09:37:00";"27";"sem vítima";"5";"BR-604/RS";"Sul";"Abalr.Transversal";1;0;2;0;0;0;0;0;0;0;3;0;0;0;0
"30/07/2010";"12:35:00";"44";"com vítima";"516.9";"BR-116/RS";"Norte";"Abalr.Transversal";1;0;0;0;0;0;0;0;0;0;0;1;0;0;0
"30/07/2010";"06:27:00";"80";"sem vítima";"526.6";"BR-116/RS";"Norte";"Atropelamento sem morte";1;0;0;0;0;0;0;0;0;0;1;0;0;0;0
"30/07/2010";"10:24:00";"101";"sem vítima";"36.4";"BR-392/RS";"Norte";"Atropelamento de Animal";1;0;1;0;0;0;0;0;0;0;3;0;0;0;0
"30/07/2010";"10:53:00";"105";"sem vítima";"18";"BR-392/RS";"Norte";"Abalr.Transversal";1;0;0;0;0;0;0;0;0;0;1;0;0;0;0
"31/07/2010";"12:19:00";"39";"com vítima";"62";"BR-392/RS";"Norte";"Abalr.Transversal";1;0;0;1;0;0;0;0;0;0;1;1;0;0;0
"01/08/2010";"08:19:00";"95";"sem vítima";"522.8";"BR-116/RS";"Sul";"Atropelamento de Animal";0;0;1;0;0;0;0;0;0;0;1;0;0;0;0
"01/08/2010";"09:26:00";"99";"sem vítima";"551.1";"BR-116/RS";"Norte";"Saída de Pista";1;0;1;0;0;0;0;0;0;0;4;0;0;0;0
"02/08/2010";"12:29:00";"3";"com vítima";"529.6";"BR-116/RS";"Norte";"Saída de Pista";1;0;1;0;0;0;0;0;0;0;1;0;0;1;0
"02/08/2010";"07:49:00";"13";"sem vítima";"529.1";"BR-116/RS";"Norte";"Colisão Traseira";0;0;1;0;0;0;0;0;0;0;1;0;0;0;0
"02/08/2010";"01:05:00";"47";"com vítima";"583";"BR-116/RS";"Sul";"Abalr.Transversal";1;0;1;0;0;0;0;0;0;0;1;1;0;0;0
"02/08/2010";"10:35:00";"90";"com vítima";"420.3";"BR-116/RS";"Sul";"Atropelamento com morte";2;0;0;0;0;0;0;0;0;0;1;1;0;1;0
"03/08/2010";"07:57:00";"21";"sem vítima";"194";"BR-392/RS";"Sul";"Saída de Pista";3;0;0;0;0;0;0;0;0;0;5;0;0;0;0
"03/08/2010";"04:06:00";"55";"sem vítima";"56";"BR-392/RS";"Sul";"Colisão Traseira";1;0;0;0;0;0;0;0;0;0;2;0;0;0;0
"04/08/2010";"07:54:00";"19";"sem vítima";"524.3";"BR-116/RS";"Norte";"Abalr.Transversal";1;0;0;0;0;0;0;0;0;0;1;0;0;0;0
"04/08/2010";"07:06:00";"87";"com vítima";"3.9";"BR-392/RS";"Norte";"Abalr.Transversal";2;0;0;0;0;0;0;0;0;0;6;2;0;0;0
"05/08/2010";"05:35:00";"18";"com vítima";"117.1";"BR-392/RS";"Norte";"Colisão com objeto Fixo";2;0;0;0;0;0;0;0;0;0;1;0;1;0;0
"05/08/2010";"11:31:00";"41";"sem vítima";"435.6";"BR-116/RS";"Norte";"Colisão Traseira";2;0;0;0;0;0;0;0;0;0;4;0;0;0;0
"05/08/2010";"04:44:00";"70";"sem vítima";"55.5";"BR-392/RS";"Sul";"Colisão Traseira";1;0;0;0;0;0;0;0;0;0;1;0;0;0;0
"06/08/2010";"07:51:00";"21";"com vítima";"154.1";"BR-293/RS";"Norte";"Saída de Pista";1;0;1;0;0;0;0;0;0;0;1;1;1;0;0
"06/08/2010";"05:28:00";"78";"com vítima";"657";"BR-116/RS";"Sul";"Abalr.Transversal";1;0;0;1;0;0;0;0;0;0;2;1;0;0;0
"07/08/2010";"02:19:00";"13";"sem vítima";"400.8";"BR-116/RS";"Norte";"Saída de Pista";1;0;0;0;0;0;0;0;0;0;1;0;0;0;0
"07/08/2010";"08:12:00";"20";"sem vítima";"66.9";"BR-392/RS";"Sul";"Abalr.Transversal";1;0;0;0;0;0;0;0;0;0;1;0;0;0;0
"08/08/2010";"10:30:00";"28";"com vítima";"64.1";"BR-293/RS";"Norte";"Saída de Pista";2;0;0;0;0;0;0;0;0;0;0;4;0;2;0
"08/08/2010";"04:21:00";"51";"com vítima";"66.9";"BR-392/RS";"Sul";"Abalr.Transversal";1;0;0;1;0;0;0;0;0;0;1;1;0;0;0
"08/08/2010";"07:24:00";"76";"sem vítima";"17";"BR-392/RS";"Sul";"Colisão Traseira";1;0;0;0;0;0;0;0;0;0;1;0;0;0;0
"08/08/2010";"07:57:00";"80";"com vítima";"8.8";"BR-392/RS";"Sul";"Abalr.Transversal";0;0;0;1;0;0;0;0;0;0;0;0;0;1;0
"08/08/2010";"08:32:00";"83";"com vítima";"12.1";"BR-392/RS";"Norte";"Colisão Traseira";1;0;0;0;0;0;0;0;0;0;1;3;1;0;0
"08/08/2010";"08:38:00";"84";"com vítima";"99.7";"BR-293/RS";"Norte";"Saída de Pista";2;0;0;0;0;0;0;0;0;0;1;2;0;0;0
"09/08/2010";"06:00:00";"14";"com vítima";"9.5";"BR-392/RS";"Sul";"Colisão Traseira";2;0;0;0;0;1;0;0;0;0;5;0;1;0;0
"09/08/2010";"04:23:00";"70";"sem vítima";"36.9";"BR-392/RS";"Sul";"Colisão Traseira";1;0;0;0;0;0;0;0;0;0;1;0;0;0;0
"10/08/2010";"02:16:00";"5";"com vítima";"448";"BR-116/RS";"Sul";"Saída de Pista";2;0;0;0;0;0;0;0;0;0;2;4;0;0;0
"10/08/2010";"07:17:00";"95";"com vítima";"26.9";"BR-392/RS";"Norte";"Tombamento";0;0;1;0;0;0;0;0;0;0;0;1;0;0;0
"11/08/2010";"12:06:00";"1";"sem vítima";"97.4";"BR-392/RS";"Norte";"Saída de Pista";0;0;1;0;0;0;0;0;0;0;1;0;0;0;0
"11/08/2010";"08:31:00";"22";"com vítima";"21.8";"BR-293/RS";"Norte";"Colisão Traseira";2;0;0;0;0;0;0;0;0;0;3;2;0;0;0
"11/08/2010";"03:51:00";"72";"com vítima";"524.9";"BR-116/RS";"Sul";"Tombamento";0;1;1;0;0;0;0;0;0;0;1;0;0;0;1
"11/08/2010";"04:43:00";"78";"sem vítima";"146.3";"BR-392/RS";"Sul";"Saída de Pista";1;0;0;0;0;0;0;0;0;0;2;0;0;0;0
"11/08/2010";"06:54:00";"95";"sem vítima";"19.4";"BR-392/RS";"Norte";"Abalr.Transversal";0;0;1;0;0;1;0;0;0;0;2;0;0;0;0
"13/08/2010";"10:17:00";"88";"sem vítima";"526.5";"BR-116/RS";"Sul";"Tombamento";0;0;1;0;0;0;0;0;0;0;1;0;0;0;0
"15/08/2010";"01:47:00";"48";"sem vítima";"428.1";"BR-116/RS";"Sul";"Abalr. Mesmo Sentido";2;0;0;0;0;0;0;0;0;0;4;0;0;0;0
"15/08/2010";"05:12:00";"64";"sem vítima";"428.1";"BR-116/RS";"Sul";"Abalr. Mesmo Sentido";0;0;0;0;0;1;0;0;0;0;1;0;0;0;0
"15/08/2010";"06:46:00";"76";"sem vítima";"122.4";"BR-392/RS";"Norte";"Colisão Frontal";1;0;0;0;0;1;0;0;0;0;4;0;0;0;0
"16/08/2010";"02:36:00";"6";"com vítima";"36.8";"BR-392/RS";"Norte";"Atropelamento sem morte";0;0;0;1;0;0;0;0;0;0;0;1;1;0;0
"16/08/2010";"08:27:00";"19";"com vítima";"18.3";"BR-392/RS";"Sul";"Colisão Traseira";1;0;1;0;0;0;0;0;0;0;1;0;0;0;1
"16/08/2010";"11:46:00";"43";"com vítima";"1.6";"BR-392/RS";"Norte";"Tombamento";1;0;0;0;0;0;0;0;0;0;0;1;0;0;0
"16/08/2010";"03:25:00";"67";"com vítima";"445.2";"BR-116/RS";"Sul";"Saída de Pista";3;0;0;0;0;0;0;0;0;0;2;0;0;2;1
"17/08/2010";"09:53:00";"34";"sem vítima";"64.3";"BR-392/RS";"Sul";"Abalr. Sentido Oposto";1;0;0;0;0;0;0;0;0;0;1;0;0;0;0
"17/08/2010";"01:06:00";"62";"com vítima";"18.4";"BR-392/RS";"Sul";"Abalr.Transversal";1;0;1;0;0;0;0;0;0;0;3;1;0;0;0
"18/08/2010";"08:36:00";"26";"com vítima";"540";"BR-116/RS";"Sul";"Colisão Traseira";1;0;1;0;0;0;0;0;0;0;4;2;0;0;0
"18/08/2010";"04:21:00";"78";"sem vítima";"483.7";"BR-116/RS";"Norte";"Colisão Traseira";0;0;2;0;0;0;0;0;0;0;2;0;0;0;0
"19/08/2010";"10:32:00";"45";"com vítima";"33.9";"BR-392/RS";"Sul";"Abalr. Mesmo Sentido";0;0;2;0;0;0;0;0;0;0;3;0;1;0;0
"19/08/2010";"11:25:00";"51";"sem vítima";"75.8";"BR-392/RS";"Sul";"Tombamento";1;0;0;0;0;0;0;0;0;0;1;0;0;0;0
"19/08/2010";"06:39:00";"95";"sem vítima";"451.3";"BR-116/RS";"Sul";"Abalr.Transversal";1;0;1;0;0;0;0;0;0;0;2;0;0;0;0
"19/08/2010";"07:12:00";"98";"sem vítima";"169.5";"BR-293/RS";"Norte";"Colisão Traseira";1;0;0;0;0;0;0;0;0;0;1;0;0;0;0
"19/08/2010";"07:29:00";"103";"sem vítima";"4.8";"BR-392/RS";"Norte";"Abalr. Mesmo Sentido";1;0;0;0;0;0;0;0;0;0;2;0;0;0;0
"19/08/2010";"07:47:00";"104";"sem vítima";"4.8";"BR-392/RS";"Norte";"Tombamento";0;0;1;1;0;0;0;0;0;0;2;0;0;0;0
"20/08/2010";"09:13:00";"108";"com vítima";"507.1";"BR-116/RS";"Norte";"Tombamento";1;0;1;0;0;0;0;0;0;0;1;0;0;1;0
"21/08/2010";"05:09:00";"19";"sem vítima";"59.6";"BR-392/RS";"Norte";"Saída de Pista";1;0;0;0;0;0;0;0;0;0;1;0;0;0;0
"21/08/2010";"12:43:00";"55";"com vítima";"530.1";"BR-116/RS";"Norte";"Abalr.Transversal";1;0;0;0;0;0;0;0;0;0;0;0;2;0;0
"21/08/2010";"05:40:00";"77";"com vítima";"656.1";"BR-116/RS";"Sul";"Abalr.Transversal";1;0;0;1;0;0;0;0;0;0;1;0;0;0;1
"22/08/2010";"01:19:00";"60";"sem vítima";"471.5";"BR-116/RS";"Sul";"Saída de Pista";2;0;0;0;0;0;0;0;0;0;2;0;0;0;0
"23/08/2010";"09:34:00";"41";"sem vítima";"99.5";"BR-392/RS";"Sul";"Tombamento";2;0;0;0;0;0;0;0;0;0;5;0;0;0;0
"23/08/2010";"09:45:00";"44";"com vítima";"18.4";"BR-392/RS";"Sul";"Colisão Traseira";1;0;0;1;0;0;0;0;0;0;1;2;0;0;0
"25/08/2010";"01:53:00";"4";"com vítima";"45";"BR-293/RS";"Norte";"Saída de Pista";1;0;0;0;0;0;0;0;0;0;0;1;0;0;0
"25/08/2010";"09:57:00";"34";"sem vítima";"73.6";"BR-293/RS";"Norte";"Abalr.Transversal";2;0;0;0;0;0;0;0;0;0;2;0;0;0;0
"25/08/2010";"01:06:00";"55";"sem vítima";"607.9";"BR-116/RS";"Norte";"Saída de Pista";1;0;0;0;0;0;0;0;0;0;2;0;0;0;0
"25/08/2010";"02:34:00";"60";"com vítima";"518";"BR-116/RS";"Sul";"Abalr.Transversal";2;0;0;0;0;0;0;0;0;0;0;0;2;0;0
"25/08/2010";"02:38:00";"61";"sem vítima";"54.5";"BR-392/RS";"Sul";"Abalr. Mesmo Sentido";1;0;1;0;0;0;0;0;0;0;3;0;0;0;0
"25/08/2010";"02:40:00";"62";"com vítima";"475";"BR-116/RS";"Norte";"Saída de Pista";1;0;0;0;0;0;0;0;0;0;0;3;0;0;0
"26/08/2010";"05:40:00";"18";"com vítima";"40.1";"BR-392/RS";"Sul";"Colisão Frontal";0;0;0;1;0;0;0;0;0;0;0;1;0;0;0
"27/08/2010";"11:10:00";"51";"sem vítima";"0.3";"BR-604/RS";"Sul";"Tombamento";2;0;0;0;0;1;0;0;0;0;3;0;0;0;0
"28/08/2010";"07:53:00";"21";"com vítima";"14";"BR-293/RS";"Norte";"Saída de Pista";0;0;1;0;0;0;0;0;0;0;1;1;0;0;0
"28/08/2010";"12:25:00";"49";"sem vítima";"78.2";"BR-392/RS";"Norte";"Tombamento";2;0;0;0;0;0;0;0;0;0;5;0;0;0;0
"28/08/2010";"12:41:00";"50";"com vítima";"57.5";"BR-392/RS";"Sul";"Outros Tipos de Acidente";1;0;0;1;0;0;0;0;0;0;0;1;1;0;0
"29/08/2010";"04:43:00";"21";"com vítima";"5.1";"BR-392/RS";"Norte";"Colisão Traseira";1;0;0;0;0;0;0;0;0;0;1;0;1;0;0
"29/08/2010";"09:48:00";"37";"sem vítima";"61.1";"BR-392/RS";"Sul";"Saída de Pista";1;0;0;0;0;0;0;0;0;0;4;0;0;0;0
"29/08/2010";"03:56:00";"66";"com vítima";"20.8";"BR-293/RS";"Norte";"Saída de Pista";0;0;1;1;0;0;0;0;0;0;1;1;0;0;0
"29/08/2010";"10:41:00";"108";"com vítima";"404.6";"BR-116/RS";"Norte";"Saída de Pista";1;0;0;0;0;0;0;0;0;0;0;0;1;0;0
"30/08/2010";"09:42:00";"29";"com vítima";"87.6";"BR-392/RS";"Norte";"Abalr.Transversal";1;0;0;0;0;0;0;0;0;0;0;1;2;0;0
"30/08/2010";"09:45:00";"30";"com vítima";"187.1";"BR-392/RS";"Norte";"Saída de Pista";1;0;0;0;0;0;0;0;0;0;0;0;1;0;0
"30/08/2010";"04:17:00";"59";"sem vítima";"515.5";"BR-116/RS";"Norte";"Abalr.Transversal";1;0;0;0;0;0;0;0;0;0;1;0;0;0;0
"30/08/2010";"11:54:00";"93";"sem vítima";"526.4";"BR-116/RS";"Sul";"Saída de Pista";0;0;3;0;0;0;0;0;0;0;3;0;0;0;0
"31/08/2010";"01:54:00";"6";"sem vítima";"18.2";"BR-392/RS";"Sul";"Abalr.Transversal";0;0;1;0;0;0;0;0;0;0;1;0;0;0;0
"31/08/2010";"03:29:00";"8";"com vítima";"513.1";"BR-116/RS";"Norte";"Saída de Pista";1;0;0;0;0;0;0;0;0;0;0;1;0;0;0
"31/08/2010";"07:25:00";"92";"com vítima";"137.2";"BR-293/RS";"Norte";"Abalr.Transversal";1;0;0;0;0;0;0;0;0;0;0;1;0;0;0
"31/08/2010";"09:32:00";"100";"com vítima";"47.3";"BR-392/RS";"Norte";"Saída de Pista";0;0;2;0;0;0;0;0;0;0;0;0;1;0;1
"01/09/2010";"12:14:00";"41";"com vítima";"524.7";"BR-116/RS";"Norte";"Outros tipos de acidente";1;0;0;0;0;0;0;0;0;0;1;0;0;0;1
"01/09/2010";"12:17:00";"42";"com vítima";"582.9";"BR-116/RS";"Norte";"Saída de Pista";1;0;0;0;0;0;0;0;0;0;2;2;0;0;0
"01/09/2010";"01:33:00";"47";"com vítima";"73.1";"BR-392/RS";"Sul";"Saída de Pista";1;0;0;0;0;0;0;0;0;0;0;0;1;0;0
"02/09/2010";"12:44:00";"49";"sem vítima";"67";"BR-392/RS";"Sul";"Abalr.Transversal";1;0;0;0;1;0;0;0;0;0;26;0;0;0;0
"02/09/2010";"01:56:00";"55";"com vítima";"528.4";"BR-116/RS";"Norte";"Abalr.Transversal";1;0;0;1;0;0;0;0;0;0;4;1;0;0;0
"02/09/2010";"03:07:00";"59";"com vítima";"193.6";"BR-392/RS";"Norte";"Outros tipos de acidente";0;0;0;1;1;0;0;0;0;0;1;1;0;0;0
"02/09/2010";"10:26:00";"97";"sem vítima";"6.5";"BR-392/RS";"Norte";"Colisão com Objeto fixo";1;0;1;0;0;0;0;0;0;0;2;0;0;0;0
"03/09/2010";"03:11:00";"67";"com vítima";"494.1";"BR-116/RS";"Sul";"Saída de Pista";1;0;0;0;0;0;0;0;0;0;0;2;0;0;0
"03/09/2010";"07:18:00";"100";"com vítima";"99.5";"BR-392/RS";"Sul";"Tombamento";0;0;0;1;0;0;0;0;0;0;0;2;0;0;0
"03/09/2010";"10:09:00";"105";"com vítima";"103.3";"BR-392/RS";"Sul";"Saída de Pista";3;0;1;0;0;0;0;0;0;0;4;0;1;0;0
"04/09/2010";"03:16:00";"67";"com vítima";"603";"BR-116/RS";"Sul";"Colisão Frontal";2;0;0;0;0;0;0;0;0;0;2;1;0;0;0
"04/09/2010";"05:49:00";"79";"sem vítima";"506.1";"BR-116/RS";"Norte";"Abal. Sentido Oposto";1;0;0;0;0;0;0;0;0;0;1;0;0;0;0
"05/09/2010";"05:42:00";"15";"sem vítima";"651.6";"BR-116/RS";"Norte";"Saída de Pista";0;0;1;0;0;0;0;0;0;0;1;0;0;0;0
"05/09/2010";"10:30:00";"28";"com vítima";"523.5";"BR-116/RS";"Sul";"Abalr.Transversal";2;0;0;0;0;0;0;0;0;0;0;2;0;0;0
"06/09/2010";"09:51:00";"25";"com vítima";"469.8";"BR-116/RS";"Sul";"Colisão Traseira";0;0;1;0;0;0;0;0;0;0;0;2;0;0;0
"06/09/2010";"07:05:00";"74";"com vítima";"518.2";"BR-116/RS";"Sul";"Atropelamento";1;0;0;0;0;0;0;0;0;0;0;1;1;1;0
"07/09/2010";"02:22:00";"6";"com vítima";"194.2";"BR-392/RS";"Sul";"Outros tipos de acidente";1;0;0;0;0;0;0;0;0;0;0;2;0;0;0
"07/09/2010";"07:02:00";"89";"com vítima";"111.8";"BR-392/RS";"Sul";"Colisão Traseira";1;0;0;0;0;0;0;0;0;0;0;1;0;0;0
"07/09/2010";"08:47:00";"97";"com vítima";"11.3";"BR-293/RS";"Norte";"Tombamento";0;0;0;1;0;0;0;0;0;0;0;1;0;0;0
"08/09/2010";"07:13:00";"16";"com vítima";"468.4";"BR-116/RS";"Norte";"Saída de Pista";1;0;1;0;0;0;0;0;0;0;1;1;0;0;0
"08/09/2010";"10:26:00";"34";"sem vítima";"134.2";"BR-293/RS";"Norte";"Saída de Pista";1;0;0;0;0;0;0;0;0;0;1;0;0;0;0
"08/09/2010";"04:23:00";"76";"sem vítima";"21.9";"BR-392/RS";"Sul";"Colisão Traseira";1;0;0;0;0;0;0;0;0;0;3;0;0;0;0
"08/09/2010";"07:28:00";"96";"com vítima";"66.9";"BR-392/RS";"Sul";"Abalr.Transversal";1;0;0;1;0;0;0;0;0;0;1;1;0;0;0
"09/09/2010";"05:50:00";"83";"sem vítima";"472.4";"BR-116/RS";"Sul";"Colisão Traseira";1;0;0;0;0;0;0;0;0;0;2;0;0;0;0
"09/09/2010";"07:48:00";"97";"com vítima";"81.6";"BR-392/RS";"Norte";"Colisão Frontal";1;0;0;0;0;0;0;0;0;0;0;1;0;0;0
"10/09/2010";"07:05:00";"98";"sem vítima";"59.8";"BR-392/RS";"Norte";"Colisão Traseira";0;0;2;0;0;0;0;0;0;0;2;0;0;0;0
"10/09/2010";"07:19:00";"99";"com vítima";"582.2";"BR-116/RS";"Sul";"Colisão com Objeto fixo";1;0;0;1;0;0;0;0;0;0;1;1;0;0;0
"10/09/2010";"07:21:00";"100";"sem vítima";"529.2";"BR-116/RS";"Norte";"Abalr.Transversal";1;0;0;0;0;0;0;0;0;0;3;0;0;0;0
"10/09/2010";"10:21:00";"113";"com vítima";"521";"BR-116/RS";"Norte";"Abalr.Transversal";0;0;0;1;0;0;0;0;0;0;0;0;1;0;0
"11/09/2010";"08:43:00";"111";"com vítima";"600.3";"BR-116/RS";"Sul";"Saída de Pista";1;0;0;0;0;0;0;0;0;0;0;0;1;0;0