data;horario;n_da_ocorrencia;tipo_de_ocorrencia;km;trecho;sentido;tipo_de_acidente;automovel;bicicleta;caminhao;moto;onibus;outros;tracao_animal;transporte_de_cargas_especiais;trator_maquinas;utilitarios;ilesos;levemente_feridos;moderadamente_feridos;gravemente_feridos;mortos
"09/11/2011";"06:48:00";"87";"com vítima";"1";"BR-604/RS";"Sul";"Abalr. Transversal";0;0;0;1;0;0;0;0;0;0;0;1;1;0;0
"09/11/2011";"08:28:00";"100";"com vítima";"116";"BR-392/RS";"Norte";"Saída de Pista";1;0;2;1;0;0;0;0;0;0;4;0;1;0;0
"10/11/2011";"01:51:00";"59";"com vítima";"495.2";"BR-116/RS";"Norte";"Saída de Pista";1;0;0;1;0;0;0;0;0;0;4;0;1;0;0
"11/11/2011";"08:35:00";"21";"com vítima";"99.7";"BR-392/RS";"Sul";"Colisão Traseira";0;0;3;0;0;0;0;0;0;0;0;2;0;0;0
"11/11/2011";"04:08:00";"76";"com vítima";"464.9";"BR-116/RS";"Sul";"Abalr. Transversal";0;0;1;1;0;0;0;0;0;0;1;0;0;1;1
"11/11/2011";"05:14:00";"83";"com vítima";"3.8";"BR-392/RS";"Sul";"Colisão Traseira";1;0;0;1;0;0;0;0;0;0;4;1;0;0;0
"11/11/2011";"08:48:00";"109";"sem vítima";"4.7";"BR-392/RS";"Sul";"Atropelamento de Animal";2;0;0;0;0;0;0;0;0;0;7;0;0;0;0
"11/11/2011";"09:27:00";"111";"sem vítima";"547";"BR-116/RS";"Sul";"Saída de Pista";0;0;2;0;0;0;0;0;0;0;2;0;0;0;0
"12/11/2011";"02:36:00";"13";"com vítima";"579.1";"BR-116/RS";"Norte";"Saída de Pista";1;0;0;1;0;0;0;0;0;0;2;1;0;0;0
"12/11/2011";"09:50:00";"27";"sem vítima";"507.6";"BR-116/RS";"Sul";"Saída de Pista";1;0;0;0;0;0;0;0;0;0;2;0;0;0;0
"12/11/2011";"04:51:00";"63";"com vítima";"93.6";"BR-392/RS";"Norte";"Tombamento";2;0;0;0;0;0;0;0;0;0;1;2;0;0;0
"13/11/2011";"02:36:00";"41";"sem vítima";"523.9";"BR-116/RS";"Norte";"Abalroamento transversal";0;0;1;0;0;1;0;0;0;0;2;0;0;0;0
"13/11/2011";"04:44:00";"51";"com vítima";"15.7";"BR-293/RS";"Norte";"Abalroamento transversal";0;0;0;1;0;0;0;0;0;0;0;2;0;0;0
"13/11/2011";"07:22:00";"71";"com vítima";"62.5";"BR-293/RS";"Norte";"Tombamento";1;0;2;0;0;0;0;0;0;0;2;2;0;0;0
"13/11/2011";"09:12:00";"77";"com vítima";"18.2";"BR-392/RS";"Norte";"Saída de Pista";1;0;2;0;0;0;0;0;0;0;1;0;1;0;0
"14/11/2011";"07:15:00";"61";"com vítima";"456.5";"BR-116/RS";"Norte";"Saída de Pista";1;0;1;0;0;0;0;0;0;0;1;0;0;2;0
"15/11/2011";"02:52:00";"41";"com vítima";"11.3";"BR-293/RS";"Norte";"Colisão Traseira";0;0;0;0;1;0;0;0;0;0;0;11;0;0;1
"15/11/2011";"10:11:00";"96";"com vítima";"656.8";"BR-116/RS";"Sul";"Colisão Traseira";0;0;2;1;0;0;0;0;0;0;2;0;0;1;0
"16/11/2011";"11:25:00";"103";"com vítima";"11.7";"BR-293/RS";"Norte";"Colisão Traseira";0;0;0;1;0;0;0;0;0;0;0;1;0;0;0
"17/11/2011";"11:43:00";"42";"sem vítima";"9";"BR-392/RS";"Sul";"Colisão Frontal ";1;0;0;0;0;0;0;0;0;0;2;0;0;0;0
"17/11/2011";"06:35:00";"78";"sem vítima";"539.1";"BR-116/RS";"Norte";"Saída de Pista";1;0;2;0;0;0;0;0;0;0;2;0;0;0;0
"18/11/2011";"05:00:00";"14";"sem vítima";"118.4";"BR-392/RS";"Norte";"Colisão com objeto fixo";2;0;0;0;0;0;0;0;0;0;6;0;0;0;0
"19/11/2011";"01:50:00";"9";"sem vítima";"528.7";"BR-116/RS";"Sul";"Atropelamento";1;0;0;0;0;0;0;0;0;0;4;0;0;0;0
"19/11/2011";"05:10:00";"63";"com vítima";"118.5";"BR-392/RS";"Sul";"Colisão com objeto fixo";1;0;0;0;0;0;0;0;0;0;0;1;0;0;0
"20/11/2011";"02:56:00";"46";"sem vítima";"175";"BR-392/RS";"Norte";"Abalroamento transversal";2;0;0;0;0;0;0;0;0;0;6;0;0;0;0
"21/11/2011";"08:58:00";"80";"sem vítima";"115.9";"BR-392/RS";"Norte";"Atropelamento";1;0;0;0;0;0;0;0;0;0;1;0;0;0;0
"22/11/2011";"03:42:00";"12";"sem vítima";"519.6";"BR-116/RS";"Norte";"Saída de Pista";1;0;0;0;0;0;0;0;0;0;5;0;0;0;0
"22/11/2011";"12:07:00";"51";"sem vítima";"18.1";"BR-392/RS";"Sul";"Abalroamente Transversal";2;0;0;0;0;0;0;0;0;0;8;0;0;0;0
"22/11/2011";"03:19:00";"65";"sem vítima";"19.4";"BR-392/RS";"Norte";"Abalroamento transversal";0;0;0;1;0;0;0;0;0;0;1;0;0;0;0
"23/11/2011";"07:04:00";"13";"sem vítima";"42.2";"BR-392/RS";"Norte";"Colisão traseira";0;0;2;0;0;0;0;0;0;0;1;0;0;0;0
"23/11/2011";"07:30:00";"16";"sem vítima";"62.1";"BR-392/RS";"Sul";"Abalroamento transversal";1;0;0;0;0;0;0;0;0;0;1;0;0;0;0
"24/11/2011";"05:01:00";"17";"sem vítima";"613.3";"BR-116/RS";"Sul";"Atropelamento de Animal";1;0;0;0;0;0;0;0;0;0;1;0;0;0;0
"24/11/2011";"07:15:00";"22";"sem vítima";"23.2";"BR-392/RS";"Sul";"Tombamento";0;0;1;0;0;0;0;0;0;0;1;0;0;0;0
"24/11/2011";"05:32:00";"86";"com vítima";"415.9";"BR-116/RS";"Sul";"Abalr.Mesmo Sentido";0;0;3;0;0;0;0;0;0;0;1;1;0;0;0
"25/11/2011";"09:14:00";"33";"com vítima";"430.7";"BR-116/RS";"Norte";"Abalroamento mesmo sentido";1;0;0;1;0;0;0;0;0;0;1;1;1;0;0
"25/11/2011";"05:58:00";"109";"com vítima";"7.1";"BR-392/RS";"Norte";"Abalroamento transversal";1;0;0;0;0;0;0;0;0;0;0;0;1;0;0
"25/11/2011";"06:35:00";"115";"com vítima";"427.5";"BR-116/RS";"Norte";"Saida de pista";0;0;2;0;0;0;0;0;0;0;0;1;0;0;0
"25/11/2011";"07:30:00";"118";"sem vítima";"521.2";"BR-116/RS";"Sul";"Tombamento";2;0;0;0;0;0;0;0;0;0;6;0;0;0;0
"26/11/2011";"07:07:00";"13";"com vítima";"421.3";"BR-116/RS";"Sul";"Saída de Pista";1;0;2;0;0;0;0;0;0;0;1;1;0;0;0
"26/11/2011";"07:26:00";"81";"com vítima";"557.5";"BR-116/RS";"Norte";"Saída de Pista";2;0;0;0;0;0;0;0;0;0;1;1;0;0;0
"27/11/2011";"06:31:00";"67";"sem vítima";"2.3";"BR-604/RS";"Sul";"Colisão com objeto fixo";1;0;3;0;0;0;0;0;0;0;3;0;0;0;0
"27/11/2011";"09:10:00";"83";"sem vítima";"4";"BR-392/RS";"Norte";"Abalroamento transversal";0;0;5;0;0;0;0;0;0;0;3;0;0;0;0
"28/11/2011";"07:32:00";"16";"com vítima";"14";"BR-293/RS";"Norte";"Abalroamento transversal";0;0;2;1;0;0;0;0;0;0;1;0;0;0;1
"28/11/2011";"08:18:00";"20";"sem vítima";"74.6";"BR-392/RS";"Norte";"Abalroamento transversal";0;0;2;0;0;0;0;0;0;0;2;0;0;0;0
"28/11/2011";"12:18:00";"50";"com vítima";"616.5";"BR-116/RS";"Norte";"Saida de pista";1;0;0;0;0;0;0;0;0;0;0;1;0;0;0
"28/11/2011";"06:06:00";"74";"sem vítima";"529.2";"BR-116/RS";"Sul";"Abalroamento transversal";1;0;0;0;0;0;0;0;0;0;4;0;0;0;0
"28/11/2011";"06:38:00";"77";"sem vítima";"125";"BR-392/RS";"Norte";"Abalroamento transversal";0;0;2;0;0;0;0;0;0;0;1;0;0;0;0
"28/11/2011";"11:52:00";"97";"sem vítima";"39.4";"BR-392/RS";"Sul";"Tombamento";0;0;2;0;0;0;0;0;0;0;1;0;0;0;0
"29/11/2011";"09:41:00";"26";"com vítima";"521.1";"BR-116/RS";"Sul";"Abalroamento mesmo sentido";2;0;0;0;0;0;0;0;0;0;1;1;0;0;0
"29/11/2011";"04:01:00";"74";"sem vítima";"4.8";"BR-392/RS";"Norte";"Abalroamento transversal";1;0;0;0;0;0;0;0;0;0;2;0;0;0;0
"30/11/2011";"11:45:00";"44";"sem vítima";"524.5";"BR-116/RS";"Sul";"Colisão Traseira";1;0;2;0;0;0;0;0;0;0;2;0;0;0;0
"01/12/2011";"11:21:00";"39";"sem vítima";"524.3";"BR-116/RS";"Norte";"Abalroamento Transversal";0;0;1;0;0;0;0;0;0;0;2;0;0;0;0
"01/12/2011";"08:36:00";"96";"com vítima";"52.5";"BR-392/RS";"Norte";"Abalr.Mesmo Sentido";1;0;1;0;0;0;0;0;0;0;0;1;0;2;0
"02/12/2011";"03:35:00";"15";"com vítima";"469.9";"BR-116/RS";"Norte";"Saída de Pista";2;0;0;0;0;0;0;0;0;0;0;1;0;1;1
"02/12/2011";"04:09:00";"16";"sem vítima";"61";"BR-392/RS";"Sul";"Saída de Pista";1;0;2;0;0;0;0;0;0;0;3;0;0;0;0
"02/12/2011";"09:36:00";"28";"com vítima";"62";"BR-392/RS";"Sul";"Colisão Traseira";1;0;0;0;1;0;0;0;0;0;1;0;1;0;0
"02/12/2011";"10:12:00";"109";"com vítima";"74.3";"BR-392/RS";"Sul";"Atropelamento de animal";2;0;0;0;0;0;0;0;0;0;3;0;1;0;0
"03/12/2011";"09:56:00";"94";"com vítima";"162.2";"BR-392/RS";"Sul";"Colisão Traseira";1;0;0;0;0;0;0;0;0;0;0;2;0;0;0
"04/12/2011";"10:09:00";"91";"com vítima";"501.9";"BR-116/RS";"Sul";"Colisão Traseira";2;0;0;0;0;0;0;0;0;0;2;0;1;0;0
"05/12/2011";"12:46:00";"4";"sem vítima";"60.5";"BR-392/RS";"Norte";"Tombamento";1;0;1;0;0;0;0;0;0;0;4;0;0;0;0
"05/12/2011";"08:03:00";"25";"com vítima";"132.9";"BR-293/RS";"Norte";"Saída de Pista";2;0;0;0;0;0;0;0;0;0;2;0;1;0;0
"05/12/2011";"09:10:00";"30";"sem vítima";"66.9";"BR-392/RS";"Sul";"Abalr.Transversal";1;0;2;0;0;0;0;0;0;0;2;0;0;0;0
"05/12/2011";"12:14:00";"57";"sem vítima";"16.2";"BR-392/RS";"Norte";"Tombamento";0;0;2;0;0;0;0;0;0;0;1;0;0;0;0
"05/12/2011";"05:03:00";"88";"com vítima";"407.1";"BR-116/RS";"Norte";"Tombamento";1;0;2;0;0;0;0;0;0;0;1;0;1;0;0
"07/12/2011";"12:01:00";"39";"com vítima";"5";"BR-392/RS";"Norte";"Saída de Pista";0;0;2;0;0;0;0;0;0;0;0;1;0;0;0
"08/12/2011";"12:38:00";"3";"sem vítima";"18.1";"BR-392/RS";"Sul";"Abalroamento Transversal";1;0;0;1;0;0;0;0;0;0;3;0;0;0;0
"08/12/2011";"04:04:00";"11";"sem vítima";"21.4";"BR-392/RS";"Sul";"Atropelamento";0;0;3;0;0;0;0;0;0;0;3;0;0;0;0
"08/12/2011";"07:39:00";"17";"com vítima";"522.2";"BR-116/RS";"Norte";"Colisão Traseira";2;0;0;2;0;0;0;0;0;0;2;1;1;1;0
"08/12/2011";"05:58:00";"83";"com vítima";"14.9";"BR-293/RS";"Norte";"Abalroamento Transversal";0;0;0;1;0;0;0;0;0;0;0;1;0;0;0
"10/12/2011";"10:14:00";"31";"com vítima";"478.8";"BR-116/RS";"Norte";"Abalr.Sent.Oposto";1;0;0;1;0;0;0;0;0;0;1;0;1;0;0
"10/12/2011";"11:52:00";"99";"sem vítima";"26.3";"BR-392/RS";"Norte";"Abalr.Sent.Oposto";0;0;2;0;0;0;0;0;0;0;1;0;0;0;0
"11/12/2011";"09:24:00";"27";"com vítima";"575.3";"BR-116/RS";"Sul";"Saída de Pista";0;0;0;0;1;0;0;0;0;0;0;17;4;2;0
"11/12/2011";"01:51:00";"46";"sem vítima";"117";"BR-392/RS";"Norte";"Abalroamento Transversal";1;0;2;0;0;0;0;0;0;0;5;0;0;0;0
"11/12/2011";"10:56:00";"109";"com vítima";"523.9";"BR-116/RS";"Norte";"Saída de Pista";0;0;2;0;0;0;0;0;0;0;0;0;1;0;0
"12/12/2011";"07:01:00";"16";"com vítima";"51.9";"BR-293/RS";"Norte";"Colisão Frontal";1;0;0;0;0;0;0;0;0;0;1;0;0;0;1
"12/12/2011";"03:50:00";"62";"sem vítima";"33.2";"BR-392/RS";"Norte";"Tombamento";1;0;0;0;0;0;0;0;0;0;2;0;0;0;0
"12/12/2011";"04:12:00";"65";"com vítima";"515.6";"BR-116/RS";"Norte";"Colisão Traseira";2;0;0;0;0;0;0;0;0;0;1;2;0;0;0
"12/12/2011";"05:25:00";"74";"sem vítima";"31.3";"BR-392/RS";"Norte";"Colisão Traseira";1;0;0;0;0;0;0;0;0;0;1;0;0;0;0
"12/12/2011";"05:31:00";"76";"com vítima";"31.1";"BR-392/RS";"Norte";"Tombamento";0;0;0;1;0;0;0;0;0;0;0;0;1;0;0
"12/12/2011";"05:44:00";"79";"sem vítima";"517.3";"BR-116/RS";"Norte";"Abalroamento Transversal";0;0;2;0;0;0;0;0;0;0;1;0;0;0;0
"13/12/2011";"06:20:00";"76";"sem vítima";"74.1";"BR-392/RS";"Norte";"Saída de Pista";2;0;0;0;0;0;0;0;0;0;6;0;0;0;0
"14/12/2011";"04:15:00";"68";"com vítima";"523.9";"BR-116/RS";"Norte";"Colisão Traseira";0;0;1;0;0;0;0;0;0;0;1;1;0;0;0
"14/12/2011";"04:20:00";"69";"com vítima";"531.9";"BR-116/RS";"Norte";"Saída de Pista";0;0;1;0;0;0;0;0;0;0;0;1;0;0;0
"15/12/2011";"04:57:00";"63";"com vítima";"53";"BR-392/RS";"Sul";"Abalroamento Sentido Oposto";1;0;0;0;0;0;0;0;0;0;0;0;0;1;0
"16/12/2011";"08:09:00";"18";"com vítima";"99.4";"BR-392/RS";"Sul";"Abalroamento Transversal";1;0;1;0;0;0;0;0;0;0;2;2;0;0;0
"16/12/2011";"11:51:00";"42";"com vítima";"524.6";"BR-116/RS";"Sul";"Abalr.Mesmo Sentido";0;0;0;2;0;0;0;0;0;0;2;1;0;0;0
"17/12/2011";"12:05:00";"1";"com vítima";"12";"BR-392/RS";"Sul";"Saída de Pista";1;0;0;0;0;0;0;0;0;0;0;1;0;0;0
"17/12/2011";"03:44:00";"60";"sem vítima";"520.9";"BR-116/RS";"Norte";"Abalroamento Transversal";0;0;2;0;0;0;0;0;0;0;1;0;0;0;0
"18/12/2011";"04:41:00";"12";"sem vítima";"113.5";"BR-392/RS";"Sul";"Saída de Pista";1;0;2;0;0;0;0;0;0;0;2;0;0;0;0
"18/12/2011";"05:22:00";"13";"sem vítima";"8.8";"BR-392/RS";"Sul";"Abalroamento Transversal";1;0;2;0;0;0;0;0;0;0;2;0;0;0;0
"19/12/2011";"06:28:00";"16";"com vítima";"97.7";"BR-293/RS";"Norte";"Atropelamento de animal";1;0;0;0;0;0;0;0;0;0;0;1;0;0;0
"19/12/2011";"07:15:00";"18";"com vítima";"160.8";"BR-293/RS";"Norte";"Abalroamento Transversal";1;0;2;0;0;0;0;0;0;0;2;1;0;0;0
"19/12/2011";"08:55:00";"23";"com vítima";"573.9";"BR-116/RS";"Norte";"Saída de Pista";1;1;0;0;0;0;0;0;0;0;2;0;1;0;0
"19/12/2011";"09:19:00";"96";"com vítima";"33.6";"BR-392/RS";"Sul";"Atropelamento de animal";2;0;0;0;0;0;0;0;0;0;4;1;0;0;0
"20/12/2011";"03:35:00";"10";"com vítima";"422.3";"BR-116/RS";"Norte";"Colisão Frontal";2;0;0;0;0;0;0;0;0;0;0;2;3;0;0
"20/12/2011";"03:46:00";"57";"sem vítima";"425.1";"BR-116/RS";"Norte";"Colisão Traseira";0;0;2;0;0;0;0;0;0;0;1;0;0;0;0
"20/12/2011";"09:58:00";"85";"com vítima";"606.7";"BR-116/RS";"Sul";"Atropelamento de animal";1;0;0;1;0;0;0;0;0;0;1;1;0;0;0
"21/12/2011";"12:52:00";"5";"com vítima";"501.5";"BR-116/RS";"Sul";"Saída de Pista";2;0;0;0;0;0;0;0;0;0;1;5;0;0;0
"22/12/2011";"03:36:00";"68";"com vítima";"77.8";"BR-392/RS";"Norte";"Saída de Pista";1;0;2;0;0;0;0;0;0;0;1;3;0;0;0
"22/12/2011";"06:00:00";"79";"com vítima";"466.3";"BR-116/RS";"Sul";"Saída de Pista";1;0;2;0;0;0;0;0;0;0;3;1;0;0;0
"22/12/2011";"07:10:00";"89";"sem vítima";"529.1";"BR-116/RS";"Norte";"Abalroamento Transversal";1;0;0;0;0;1;0;0;0;0;2;0;0;0;0
"23/12/2011";"07:00:00";"19";"com vítima";"408.5";"BR-116/RS";"Sul";"Abalroamento Transversal";1;0;0;0;0;0;0;0;0;0;1;1;0;0;0
"23/12/2011";"04:21:00";"55";"com vítima";"9.9";"BR-392/RS";"Sul";"Colisão Traseira";1;0;0;0;0;0;0;0;0;0;0;2;0;0;0
"23/12/2011";"05:54:00";"66";"sem vítima";"118.4";"BR-392/RS";"Norte";"Saída de Pista";1;0;0;0;0;0;0;0;0;0;1;0;0;0;0
"23/12/2011";"06:16:00";"68";"com vítima";"18.7";"BR-293/RS";"Norte";"Saída de Pista";1;0;0;0;0;0;0;0;0;0;0;0;1;0;0
"23/12/2011";"09:56:00";"86";"sem vítima";"47.8";"BR-293/RS";"Norte";"Saída de Pista";1;0;2;0;0;0;0;0;0;0;4;0;0;0;0
"23/12/2011";"11:17:00";"95";"com vítima";"476.4";"BR-116/RS";"Sul";"Saída de Pista";0;0;2;0;0;0;0;0;0;0;0;2;0;0;0
"23/12/2011";"11:29:00";"96";"com vítima";"103.7";"BR-392/RS";"Norte";"Saída de Pista";0;0;0;1;0;0;0;0;0;0;0;1;0;0;0
"24/12/2011";"03:30:00";"43";"com vítima";"104.1";"BR-392/RS";"Sul";"Saída de Pista";1;0;0;0;0;0;0;0;0;0;0;1;0;0;0
"24/12/2011";"06:29:00";"58";"sem vítima";"522.9";"BR-116/RS";"Norte";"Abalroamento Transversal";0;0;2;0;0;0;0;0;0;0;1;0;0;0;0
"26/12/2011";"06:40:00";"100";"com vítima";"0.8";"BR-392/RS";"Norte";"Abalroamento Transversal";1;0;0;1;0;0;0;0;0;0;1;2;0;0;0
"26/12/2011";"07:14:00";"104";"sem vítima";"16.9";"BR-392/RS";"Norte";"Abalroamento Transversal";3;0;0;0;0;0;0;0;0;0;8;0;0;0;0
"26/12/2011";"07:43:00";"107";"com vítima";"22.8";"BR-392/RS";"Sul";"Abalroamento Sentido Oposto";0;0;0;1;0;0;0;0;0;0;0;2;0;0;0
"29/12/2011";"12:35:00";"48";"com vítima";"462.4";"BR-116/RS";"Sul";"Saída de Pista";1;0;0;0;0;0;0;0;0;0;0;0;1;1;0
"29/12/2011";"10:45:00";"100";"com vítima";"520.9";"BR-116/RS";"Norte";"Abalroamento Transversal";0;0;0;0;0;1;0;0;0;0;1;0;0;0;1
"30/12/2011";"10:24:00";"93";"com vítima";"452.3";"BR-116/RS";"Sul";"Saída de Pista";1;0;1;0;0;0;0;0;0;0;1;0;0;1;0
"31/12/2011";"04:16:00";"13";"sem vítima";"646.3";"BR-116/RS";"Norte";"Saída de Pista";1;0;0;0;0;0;0;0;0;0;1;0;0;0;0
"31/12/2011";"09:09:00";"25";"sem vítima";"62";"BR-392/RS";"Sul";"Abalroamento Transversal";0;0;2;0;0;0;0;0;0;0;4;0;0;0;0
"31/12/2011";"03:31:00";"58";"sem vítima";"464.8";"BR-116/RS";"Sul";"Abalroamento Transversal";1;0;1;0;0;0;0;0;0;0;2;0;0;0;0
"31/12/2011";"04:17:00";"61";"sem vítima";"546.6";"BR-116/RS";"Sul";"Saída de Pista";0;0;4;0;0;0;0;0;0;0;2;0;0;0;0
"31/12/2011";"07:27:00";"75";"sem vítima";"31.4";"BR-392/RS";"Sul";"Colisão Traseira";0;0;2;0;0;0;0;0;0;0;3;0;0;0;0
"02/01/2012";"01:28:00";"8";"sem vítima";"505";"BR-116/RS";"Norte";"Abalr.Sentido Oposto";1;0;0;0;0;0;0;0;0;0;2;0;0;0;0
"02/01/2012";"11:46:00";"42";"com vítima";"424.8";"BR-116/RS";"Sul";"Abalr.Sentido Oposto";1;0;0;0;0;0;0;0;0;0;1;0;1;0;0
"02/01/2012";"02:16:00";"63";"com vítima";"0.1";"BR-604/RS";"Sul";"Abalr. Mesmo Sentido";0;1;0;1;0;0;0;0;0;0;0;1;0;1;0
"04/01/2012";"02:20:00";"8";"sem vítima";"26.7";"BR-392/RS";"Norte";"Colisão com Objeto Fixo";1;0;2;0;0;0;0;0;0;0;4;0;0;0;0
"04/01/2012";"02:30:00";"9";"sem vítima";"43";"BR-293/RS";"Norte";"Saída de Pista";1;0;1;0;0;0;0;0;0;0;4;0;0;0;0
"04/01/2012";"04:08:00";"72";"sem vítima";"575.4";"BR-116/RS";"Sul";"Saída de Pista";1;0;2;0;0;0;0;0;0;0;6;0;0;0;0
"05/01/2012";"05:49:00";"64";"com vítima";"516.9";"BR-116/RS";"Norte";"Abalr.Transversal";0;0;0;1;0;0;0;0;0;0;0;1;0;0;1
"06/01/2012";"02:23:00";"62";"com vítima";"38";"BR-392/RS";"Sul";"Colisão Traseira";1;0;0;0;0;0;0;0;0;0;1;1;0;0;0
"07/01/2012";"03:22:00";"11";"sem vítima";"488.1";"BR-116/RS";"Sul";"Colisão Traseira";2;0;0;0;0;0;0;0;0;0;4;0;0;0;0
"07/01/2012";"07:58:00";"17";"sem vítima";"7.3";"BR-392/RS";"Sul";"Abalr.Transversal";0;0;2;0;0;0;0;0;0;0;2;0;0;0;0
"07/01/2012";"01:13:00";"37";"com vítima";"513";"BR-116/RS";"Norte";"Abalr.Transversal";1;0;0;0;0;0;0;0;0;0;2;1;0;0;0
"07/01/2012";"02:24:00";"45";"com vítima";"71.9";"BR-392/RS";"Sul";"Abalr.Sentido Oposto";0;0;0;1;0;0;0;0;0;0;0;1;0;0;0
"07/01/2012";"05:42:00";"58";"com vítima";"62.5";"BR-293/RS";"Norte";"Colisão com Objeto Fixo";0;0;2;0;0;1;0;0;0;0;2;2;0;0;0
"08/01/2012";"08:01:00";"17";"com vítima";"606.2";"BR-116/RS";"Sul";"Saída de Pista";1;0;0;0;0;0;0;0;0;0;0;3;0;0;0
"08/01/2012";"07:47:00";"87";"com vítima";"56";"BR-293/RS";"Norte";"Colisão Traseira";0;0;0;1;0;0;0;0;0;0;0;2;0;0;0
"09/01/2012";"06:20:00";"14";"com vítima";"124.9";"BR-392/RS";"Sul";"Abalr.Transversal";1;0;0;0;0;0;0;0;0;0;2;1;0;0;0
"09/01/2012";"09:58:00";"28";"sem vítima";"498.6";"BR-116/RS";"Norte";"Abalr.Transversal";1;0;0;0;0;0;0;0;0;0;2;0;0;0;0
"09/01/2012";"06:07:00";"82";"sem vítima";"6.2";"BR-392/RS";"Sul";"Colisão Traseira";1;0;0;0;0;0;0;0;0;0;5;0;0;0;0
"10/01/2012";"07:28:00";"11";"com vítima";"14.7";"BR-392/RS";"Sul";"Colisão Traseira";0;0;0;1;0;0;0;0;0;0;0;0;1;0;0
"10/01/2012";"11:41:00";"39";"sem vítima";"519.2";"BR-116/RS";"Sul";"Abalr.Transversal";1;0;0;0;0;0;0;0;0;0;3;0;0;0;0
"10/01/2012";"08:58:00";"85";"sem vítima";"90.1";"BR-293/RS";"Norte";"Saída de Pista";1;0;0;0;0;0;0;0;0;0;1;0;0;0;0
"11/01/2012";"08:37:00";"30";"sem vítima";"434";"BR-116/RS";"Norte";"Capotamento";0;0;4;0;0;0;0;0;0;0;2;0;0;0;0
"12/01/2012";"12:16:00";"2";"sem vítima";"469.2";"BR-116/RS";"Sul";"Saída de Pista";0;0;4;0;0;0;0;0;0;0;2;0;0;0;0
"12/01/2012";"05:14:00";"63";"sem vítima";"461";"BR-116/RS";"Sul";"Saída de Pista";2;0;0;0;0;0;0;0;0;0;3;0;0;0;0
"12/01/2012";"06:10:00";"66";"com vítima";"546.4";"BR-116/RS";"Norte";"Saída de Pista";1;0;1;0;0;0;0;0;0;0;0;1;1;0;0
"12/01/2012";"07:54:00";"83";"sem vítima";"450";"BR-116/RS";"Sul";"Colisão Traseira";1;0;0;1;0;0;0;0;0;0;2;0;0;0;0
"14/01/2012";"02:37:00";"48";"com vítima";"599.6";"BR-116/RS";"Sul";"Saída de Pista";0;0;1;1;0;0;0;0;0;0;1;0;1;0;0
"14/01/2012";"04:36:00";"58";"com vítima";"26.4";"BR-392/RS";"Sul";"Abalr.Transversal";1;0;1;0;0;0;0;0;0;0;3;1;1;0;0
"14/01/2012";"05:56:00";"64";"sem vítima";"457.2";"BR-116/RS";"Norte";"Saída de Pista";2;0;0;0;0;0;0;0;0;0;2;0;0;0;0
"14/01/2012";"10:54:00";"93";"com vítima";"19.2";"BR-392/RS";"Norte";"Atropelamento de Animal";1;0;0;1;0;0;0;0;0;0;1;0;1;0;0
"15/01/2012";"12:17:00";"34";"com vítima";"459.7";"BR-116/RS";"Norte";"Abalr.Sentido Oposto";1;1;0;0;0;0;0;0;0;0;1;0;1;0;0
"15/01/2012";"09:16:00";"71";"com vítima";"421";"BR-116/RS";"Sul";"Atropelamento de Animal";0;1;0;1;0;0;0;0;0;0;1;1;0;0;0
"15/01/2012";"10:16:00";"74";"sem vítima";"172.8";"BR-392/RS";"Sul";"Tombamento";1;0;0;0;0;0;0;0;0;0;1;0;0;0;0
"16/01/2012";"01:28:00";"48";"sem vítima";"521.5";"BR-116/RS";"Sul";"Tombamento";3;0;0;0;0;0;0;0;0;0;10;0;0;0;0
"17/01/2012";"09:02:00";"91";"sem vítima";"97.5";"BR-392/RS";"Norte";"Abalr.Transversal";2;0;0;0;0;0;0;0;0;0;7;0;0;0;0
"18/01/2012";"03:18:00";"10";"sem vítima";"429.1";"BR-116/RS";"Norte";"Saída de Pista";2;0;0;0;0;0;0;0;0;0;5;0;0;0;0
"19/01/2012";"06:16:00";"85";"sem vítima";"3.2";"BR-604/RS";"Sul";"Atropelamento ";1;0;0;0;0;0;0;0;0;0;2;0;0;0;0
"19/01/2012";"08:23:00";"98";"sem vítima";"16.9";"BR-392/RS";"Sul";"Abalr.Transversal";2;0;0;0;0;0;0;0;0;0;6;0;0;0;0
"19/01/2012";"09:52:00";"103";"sem vítima";"521";"BR-116/RS";"Norte";"Abalr.Transversal";2;0;0;0;0;0;0;0;0;0;5;0;0;0;0
"20/01/2012";"02:10:00";"72";"com vítima";"654";"BR-116/RS";"Sul";"Atropelamento de Animal";1;0;0;0;0;0;0;0;0;0;0;0;3;0;0
"20/01/2012";"04:12:00";"81";"com vítima";"655.8";"BR-116/RS";"Sul";"Colisão com Objeto Fixo";1;0;0;0;0;0;0;0;0;0;0;3;0;0;0
"20/01/2012";"06:00:00";"90";"sem vítima";"510.4";"BR-116/RS";"Norte";"Abalr.Transversal";0;0;2;0;0;0;0;0;0;0;1;0;0;0;0
"21/01/2012";"06:53:00";"75";"sem vítima";"67.1";"BR-392/RS";"Sul";"Colisão Traseira";0;0;1;0;0;0;0;0;0;0;1;0;0;0;0