data;horario;n_da_ocorrencia;tipo_de_ocorrencia;km;trecho;sentido;tipo_de_acidente;automovel;bicicleta;caminhao;moto;onibus;outros;tracao_animal;transporte_de_cargas_especiais;trator_maquinas;utilitarios;ilesos;levemente_feridos;moderadamente_feridos;gravemente_feridos;mortos
"05/08/2012";"07:44:00";"73";"com vítima";"410.9";"BR-116/RS";"Norte";"Colisão Frontal";0;0;0;1;0;0;0;0;0;0;0;1;1;0;0
"06/08/2012";"03:21:00";"5";"com vítima";"61";"BR-392/RS";"Sul";"Tombamento";1;0;0;0;0;0;0;0;0;0;0;0;1;0;0
"06/08/2012";"12:26:00";"37";"sem vítima";"13.2";"BR-293/RS";"Norte";"Abalr.Transversal";1;0;2;0;0;0;0;0;0;0;2;0;0;0;0
"06/08/2012";"12:31:00";"38";"sem vítima";"191.1";"BR-392/RS";"Sul";"Saída de Pista";2;0;0;0;0;0;0;0;0;0;2;0;0;0;0
"07/08/2012";"10:33:00";"26";"sem vítima";"66.9";"BR-392/RS";"Norte";"Colisão Traseira";1;0;2;0;0;0;0;0;0;0;2;0;0;0;0
"07/08/2012";"05:45:00";"57";"com vítima";"145.6";"BR-392/RS";"Sul";"Colisão Frontal";1;0;0;1;0;0;0;0;0;0;3;0;1;0;0
"08/08/2012";"05:43:00";"5";"com vítima";"6";"BR-392/RS";"Norte";"Capotamento";1;0;0;0;0;0;0;0;0;0;0;2;0;0;0
"08/08/2012";"02:56:00";"49";"sem vítima";"45";"BR-293/RS";"Norte";"Saída de Pista";0;0;2;0;0;1;0;0;0;0;4;0;0;0;0
"09/08/2012";"04:12:00";"71";"com vítima";"18.8";"BR-392/RS";"Norte";"Tombamento";0;0;0;1;0;0;0;0;0;0;0;0;1;0;0
"09/08/2012";"11:41:00";"102";"sem vítima";"34.8";"BR-392/RS";"Sul";"Colisão com Objeto Fixo";1;0;0;0;0;0;0;0;0;0;2;0;0;0;0
"10/08/2012";"03:34:00";"9";"sem vítima";"35";"BR-392/RS";"Norte";"Atropelamento de Animal";1;0;2;0;0;0;0;0;0;0;2;0;0;0;0
"10/08/2012";"03:57:00";"10";"sem vítima";"403.7";"BR-116/RS";"Sul";"Tombamento";1;0;0;0;0;0;0;0;0;0;5;0;0;0;0
"10/08/2012";"04:27:00";"68";"com vítima";"533.2";"BR-116/RS";"Norte";"Saída de Pista";2;0;0;0;0;0;0;0;0;0;2;2;2;1;0
"10/08/2012";"07:56:00";"86";"com vítima";"464.8";"BR-116/RS";"Sul";"Atropelamento";1;0;0;0;0;0;0;0;0;0;0;1;0;0;0
"10/08/2012";"10:34:00";"98";"com vítima";"141.8";"BR-293/RS";"Norte";"Saída de Pista";1;0;0;1;0;0;0;0;0;0;1;1;0;0;0
"11/08/2012";"11:35:00";"30";"com vítima";"581.1";"BR-116/RS";"Sul";"Colisão com Objeto Fixo";1;0;0;0;0;0;0;0;0;0;0;1;0;0;0
"11/08/2012";"07:59:00";"73";"com vítima";"57.9";"BR-293/RS";"Norte";"Saída de Pista";1;0;0;1;0;0;0;0;0;0;5;0;1;1;0
"11/08/2012";"11:51:00";"83";"com vítima";"17.9";"BR-392/RS";"Norte";"Saída de Pista";1;0;0;1;0;0;0;0;0;0;2;2;0;0;0
"12/08/2012";"02:38:00";"40";"com vítima";"61";"BR-392/RS";"Norte";"Abalr.Transversal";1;0;0;1;0;0;0;0;0;0;1;1;1;0;0
"12/08/2012";"05:20:00";"51";"com vítima";"15.5";"BR-293/RS";"Norte";"Colisão Traseira";0;0;0;1;0;0;0;0;0;0;1;1;0;0;0
"13/08/2012";"08:26:00";"14";"sem vítima";"31.6";"BR-293/RS";"Norte";"Colisão Traseira";1;0;0;0;0;0;0;0;0;0;2;0;0;0;0
"13/08/2012";"04:05:00";"45";"sem vítima";"516.9";"BR-116/RS";"Norte";"Abalr.Transversal";1;0;0;0;0;0;0;0;0;0;1;0;0;0;0
"13/08/2012";"10:13:00";"73";"sem vítima";"8.8";"BR-392/RS";"Sul";"Outros tipos de acidente";2;0;0;0;0;0;0;0;0;0;3;0;0;0;0
"14/08/2012";"07:46:00";"8";"sem vítima";"66.9";"BR-392/RS";"Sul";"Abalr.Transversal";1;0;1;0;0;0;0;0;0;0;3;0;0;0;0
"14/08/2012";"07:59:00";"9";"com vítima";"519.3";"BR-116/RS";"Norte";"Abalr.Transversal";0;0;0;1;0;0;0;0;0;0;0;0;1;0;0
"14/08/2012";"02:09:00";"43";"com vítima";"447.9";"BR-116/RS";"Norte";"Outros tipos de acidente";1;0;0;1;0;0;0;0;0;0;1;0;0;2;0
"14/08/2012";"09:45:00";"84";"sem vítima";"612";"BR-116/RS";"Sul";"Atropelamento";2;0;0;0;0;0;0;0;0;0;2;0;0;0;0
"15/08/2012";"07:37:00";"10";"com vítima";"516.9";"BR-116/RS";"Sul";"Colisão Traseira";0;1;0;1;0;0;0;0;0;0;0;0;2;1;0
"15/08/2012";"02:08:00";"33";"com vítima";"523.9";"BR-116/RS";"Sul";"Abalr.Transversal";2;0;0;0;0;0;0;0;0;0;0;2;0;2;0
"15/08/2012";"03:35:00";"38";"com vítima";"551.3";"BR-116/RS";"Norte";"Saída de Pista";1;0;0;0;0;0;0;0;0;0;0;2;0;0;0
"16/08/2012";"04:05:00";"8";"com vítima";"526.5";"BR-116/RS";"Sul";"Saída de Pista";0;0;2;0;0;0;0;0;0;0;0;2;0;0;0
"17/08/2012";"06:07:00";"7";"com vítima";"45";"BR-392/RS";"Sul";"Saída de Pista";1;0;0;0;0;0;0;0;0;0;0;2;0;0;0
"18/08/2012";"10:17:00";"69";"sem vítima";"28";"BR-392/RS";"Sul";"Abalr.Transversal";0;0;1;0;0;0;0;0;0;0;1;0;0;0;0
"18/08/2012";"11:01:00";"71";"com vítima";"19.1";"BR-392/RS";"Norte";"Abalr.Mesmo Sentido";0;0;1;1;0;0;0;0;0;0;1;0;0;1;0
"20/08/2012";"06:56:00";"9";"com vítima";"20.4";"BR-392/RS";"Norte";"Abalr.Transversal";1;1;0;0;0;0;0;0;0;0;2;0;1;0;0
"21/08/2012";"07:25:00";"17";"sem vítima";"14";"BR-392/RS";"Sul";"Saída de Pista";1;0;2;0;0;0;0;0;0;0;2;0;0;0;0
"21/08/2012";"08:00:00";"20";"com vítima";"611.7";"BR-116/RS";"Norte";"Abalr.Transversal";1;0;0;1;0;0;0;0;0;0;1;0;2;0;0
"21/08/2012";"08:20:00";"23";"sem vítima";"193.5";"BR-392/RS";"Sul";"Tombamento";1;0;5;0;0;0;0;0;0;0;5;0;0;0;0
"22/08/2012";"05:53:00";"8";"com vítima";"20";"BR-392/RS";"Norte";"Saída de Pista";1;0;0;1;0;0;0;0;0;0;1;0;1;0;0
"22/08/2012";"05:26:00";"68";"sem vítima";"446";"BR-116/RS";"Norte";"Saída de Pista";1;0;2;0;0;0;0;0;0;0;4;0;0;0;0
"23/08/2012";"09:33:00";"15";"sem vítima";"459.4";"BR-116/RS";"Sul";"Abalr.Transversal";1;0;3;0;0;0;0;0;0;0;3;0;0;0;0
"25/08/2012";"04:47:00";"8";"com vítima";"13.6";"BR-392/RS";"Sul";"Saída de Pista";1;0;0;1;0;0;0;0;0;0;5;0;1;0;0
"25/08/2012";"07:47:00";"15";"com vítima";"12.3";"BR-392/RS";"Norte";"Colisão Traseira";4;0;0;0;0;0;0;0;0;0;9;2;0;0;0
"26/08/2012";"02:13:00";"4";"sem vítima";"523.8";"BR-116/RS";"Sul";"Tombamento";2;0;0;0;0;0;0;0;0;0;7;0;0;0;0
"26/08/2012";"05:41:00";"49";"com vítima";"15.5";"BR-293/RS";"Norte";"Abalr.Transversal";0;0;0;1;0;0;0;0;0;0;0;2;0;0;0
"27/08/2012";"08:00:00";"17";"com vítima";"66.9";"BR-392/RS";"Sul";"Abalr.Transversal";0;0;4;0;0;0;0;0;0;0;1;1;0;0;0
"28/08/2012";"08:14:00";"15";"com vítima";"119.8";"BR-392/RS";"Sul";"Saída de Pista";1;0;0;1;0;0;0;0;0;0;3;1;0;0;0
"29/08/2012";"11:40:00";"29";"sem vítima";"20.5";"BR-392/RS";"Sul";"Saída de Pista";1;0;0;0;1;0;0;0;0;0;4;0;0;0;0
"29/08/2012";"06:42:00";"54";"sem vítima";"105";"BR-392/RS";"Norte";"Abalr.Transversal";1;0;2;0;0;0;0;0;0;0;7;0;0;0;0
"30/08/2012";"04:30:00";"66";"sem vítima";"66.9";"BR-392/RS";"Sul";"Abalr.Transversal";2;0;0;0;0;0;0;0;0;0;4;0;0;0;0
"31/08/2012";"06:56:00";"16";"com vítima";"20";"BR-392/RS";"Norte";"Saída de Pista";1;0;0;1;0;0;0;0;0;0;2;0;0;1;0
"31/08/2012";"10:57:00";"38";"com vítima";"9.7";"BR-392/RS";"Norte";"Tombamento";1;0;0;1;0;0;0;0;0;0;1;0;1;0;0
"02/09/2012";"05:37:00";"9";"com vítima";"3.9";"BR-392/RS";"Norte";"Abalr.Transversal";2;0;2;0;0;0;0;0;0;0;3;1;0;0;0
"02/09/2012";"06:24:00";"11";"com vítima";"638.7";"BR-116/RS";"Norte";"Saída de Pista";1;0;0;1;0;0;0;0;0;0;1;0;2;0;0
"02/09/2012";"09:10:00";"13";"com vítima";"526.5";"BR-116/RS";"Sul";"Abalr.Transversal";3;0;0;0;0;0;0;0;0;0;9;0;1;0;0
"02/09/2012";"03:23:00";"45";"com vítima";"125.6";"BR-293/RS";"Norte";"Saída de Pista";0;0;0;1;0;0;0;0;0;0;0;1;0;0;0
"02/09/2012";"07:32:00";"77";"sem vítima";"96.4";"BR-392/RS";"Norte";"Saída de Pista";2;0;0;0;0;0;0;0;0;0;3;0;0;0;0
"02/09/2012";"09:10:00";"89";"com vítima";"38.5";"BR-392/RS";"Sul";"Saída de Pista";1;0;0;0;0;0;0;0;0;0;0;1;0;0;0
"02/09/2012";"10:22:00";"94";"com vítima";"470.2";"BR-116/RS";"Norte";"Atropelamento";1;0;2;0;0;0;0;0;0;0;3;0;1;0;0
"03/09/2012";"06:46:00";"73";"sem vítima";"1";"BR-604/RS";"Sul";"Abalr.Transversal";0;0;2;0;0;0;0;0;0;0;1;0;0;0;0
"03/09/2012";"07:50:00";"76";"sem vítima";"1.1";"BR-604/RS";"Sul";"Abalr.Transversal";2;0;0;0;0;0;0;0;0;0;3;0;0;0;0
"04/09/2012";"01:34:00";"56";"sem vítima";"24.9";"BR-392/RS";"Sul";"Tombamento";1;0;2;0;0;0;0;0;0;0;3;0;0;0;0
"04/09/2012";"06:18:00";"76";"com vítima";"557.8";"BR-116/RS";"Norte";"Saída de Pista";1;1;0;0;0;0;0;0;0;0;1;0;1;0;0
"05/09/2012";"06:50:00";"10";"sem vítima";"118.1";"BR-293/RS";"Norte";"Saída de Pista";0;0;3;0;0;0;0;0;0;0;2;0;0;0;0
"05/09/2012";"09:27:00";"21";"com vítima";"521.1";"BR-116/RS";"Norte";"Abalr.Transversal";1;0;0;0;0;0;0;0;0;0;0;1;0;0;0
"05/09/2012";"06:41:00";"47";"com vítima";"20.2";"BR-392/RS";"Sul";"Atropelamento de Animal";0;0;0;1;0;0;0;0;0;0;0;1;0;0;0
"05/09/2012";"07:23:00";"49";"com vítima";"20.2";"BR-392/RS";"Sul";"Atropelamento de Animal";0;0;1;1;0;0;0;0;0;0;1;0;1;0;0
"06/09/2012";"12:40:00";"2";"sem vítima";"21.7";"BR-392/RS";"Sul";"Colisão com Objeto Fixo";1;0;0;0;0;0;0;0;0;0;1;0;0;0;0
"06/09/2012";"01:00:00";"42";"com vítima";"194.2";"BR-392/RS";"Norte";"Saída de Pista";2;0;0;0;0;0;0;0;0;0;4;1;0;0;0
"06/09/2012";"03:04:00";"50";"sem vítima";"43.5";"BR-293/RS";"Norte";"Colisão Frontal";0;0;4;0;0;0;0;0;0;0;2;0;0;0;0
"07/09/2012";"03:49:00";"13";"sem vítima";"428.5";"BR-116/RS";"Norte";"Colisão Frontal";1;0;0;0;0;0;0;0;0;0;2;0;0;0;0
"07/09/2012";"07:17:00";"85";"sem vítima";"624.3";"BR-116/RS";"Norte";"Atropelamento de Animal";1;0;0;0;0;0;0;0;0;0;3;0;0;0;0
"07/09/2012";"10:12:00";"92";"sem vítima";"13.2";"BR-293/RS";"Norte";"Abalr.Transversal";3;0;0;0;0;0;0;0;0;0;10;0;0;0;0
"08/09/2012";"05:35:00";"4";"com vítima";"30.8";"BR-392/RS";"Sul";"Saída de Pista";0;0;0;1;0;0;0;0;0;0;0;1;1;0;0
"08/09/2012";"01:54:00";"36";"com vítima";"36.7";"BR-293/RS";"Norte";"Abalr.Transversal";0;0;0;1;0;0;0;0;0;0;0;1;1;0;0
"08/09/2012";"02:37:00";"38";"sem vítima";"37.4";"BR-392/RS";"Sul";"Saída de Pista";2;0;0;0;0;0;0;0;0;0;6;0;0;0;0
"08/09/2012";"04:32:00";"44";"sem vítima";"430.4";"BR-116/RS";"Norte";"Abalr.Mesmo Sentido";1;0;0;0;0;0;0;0;0;0;3;0;0;0;0
"09/09/2012";"06:15:00";"9";"com vítima";"414.7";"BR-116/RS";"Norte";"Saída de Pista";0;0;0;2;0;0;0;0;0;0;0;4;0;0;0
"09/09/2012";"06:51:00";"10";"com vítima";"5.4";"BR-392/RS";"Norte";"Saída de Pista";0;0;0;1;0;0;0;0;0;0;0;1;0;0;0
"09/09/2012";"07:07:00";"11";"sem vítima";"54.8";"BR-392/RS";"Sul";"Saída de Pista";1;0;0;0;0;0;0;0;0;0;5;0;0;0;0
"09/09/2012";"02:34:00";"42";"com vítima";"522.5";"BR-116/RS";"Norte";"Atropelamento";1;0;0;0;0;0;0;0;0;0;3;1;0;0;0
"09/09/2012";"07:20:00";"76";"sem vítima";"86.3";"BR-392/RS";"Sul";"Saída de Pista";2;0;0;0;0;0;0;0;0;0;4;0;0;0;0
"10/09/2012";"07:56:00";"16";"com vítima";"414.1";"BR-116/RS";"Norte";"Saída de Pista";1;0;0;1;0;0;0;0;0;0;1;0;1;1;0
"10/09/2012";"05:52:00";"60";"com vítima";"8";"BR-392/RS";"Sul";"Abalr.Mesmo Sentido";1;0;1;0;0;0;0;0;0;0;1;1;0;0;0
"11/09/2012";"10:08:00";"33";"sem vítima";"519.3";"BR-116/RS";"Sul";"Tombamento";0;0;2;0;0;1;0;0;0;0;2;0;0;0;0
"12/09/2012";"02:02:00";"4";"sem vítima";"92.1";"BR-293/RS";"Norte";"Colisão Traseira";1;0;0;0;0;0;0;0;0;0;5;0;0;0;0
"13/09/2012";"01:24:00";"5";"com vítima";"521.5";"BR-116/RS";"Sul";"Abalr.Transversal";1;0;0;0;0;0;0;0;0;0;4;1;0;0;0
"13/09/2012";"07:29:00";"16";"sem vítima";"18";"BR-392/RS";"Norte";"Saída de Pista";1;0;0;0;0;0;0;0;0;0;1;0;0;0;0
"13/09/2012";"02:41:00";"63";"com vítima";"62.4";"BR-392/RS";"Norte";"Abalr.Mesmo Sentido";0;0;0;0;0;0;0;0;0;0;0;0;0;0;1
"14/09/2012";"11:30:00";"31";"sem vítima";"62";"BR-392/RS";"Sul";"Abalr.Transversal";0;0;3;0;0;0;0;0;0;0;2;0;0;0;0
"14/09/2012";"05:40:00";"65";"sem vítima";"24.5";"BR-392/RS";"Norte";"Abalr.Transversal";1;0;0;0;0;0;0;0;0;0;1;0;0;0;0
"14/09/2012";"06:29:00";"71";"com vítima";"515.9";"BR-116/RS";"Norte";"Abalr.Transversal";1;0;0;1;0;0;0;0;0;0;1;0;1;0;0
"14/09/2012";"06:41:00";"72";"com vítima";"22.3";"BR-392/RS";"Norte";"Colisão Traseira";1;0;0;0;0;0;0;0;0;0;1;0;0;0;1
"14/09/2012";"06:58:00";"74";"com vítima";"21.3";"BR-392/RS";"Norte";"Saída de Pista";1;0;1;0;0;0;0;0;0;0;3;2;0;0;0
"15/09/2012";"12:56:00";"1";"com vítima";"17.6";"BR-392/RS";"Norte";"Colisão Traseira";0;0;0;1;0;0;0;0;0;0;0;1;0;0;0
"15/09/2012";"01:43:00";"6";"sem vítima";"14.5";"BR-392/RS";"Norte";"Saída de Pista";0;0;3;0;0;0;0;0;0;0;2;0;0;0;0
"15/09/2012";"07:41:00";"20";"com vítima";"525.8";"BR-116/RS";"Norte";"Tombamento";0;0;2;1;0;0;0;0;0;0;1;1;0;0;0
"15/09/2012";"02:46:00";"50";"com vítima";"119.5";"BR-392/RS";"Sul";"Saída de Pista";1;0;0;0;0;0;0;0;0;0;0;1;0;0;0
"15/09/2012";"04:13:00";"58";"sem vítima";"35.3";"BR-392/RS";"Norte";"Saída de Pista";0;0;4;0;0;0;0;0;0;0;2;0;0;0;0
"15/09/2012";"04:55:00";"59";"sem vítima";"443";"BR-116/RS";"Norte";"Saída de Pista";1;0;0;0;0;0;0;0;0;0;2;0;0;0;0
"15/09/2012";"07:28:00";"69";"sem vítima";"7.5";"BR-392/RS";"Norte";"Abalr.Transversal";0;0;3;0;0;0;0;0;0;0;2;0;0;0;0
"15/09/2012";"11:36:00";"84";"sem vítima";"519.2";"BR-116/RS";"Norte";"Colisão com Objeto Fixo";1;0;2;0;0;0;0;0;0;0;2;0;0;0;0
"16/09/2012";"04:36:00";"12";"com vítima";"165.4";"BR-293/RS";"Norte";"Saída de Pista";1;0;0;0;0;0;0;0;0;0;0;0;0;2;0
"16/09/2012";"09:16:00";"25";"com vítima";"11.3";"BR-293/RS";"Norte";"Colisão com Objeto Fixo";0;0;0;1;0;0;0;0;0;0;0;1;0;0;0
"16/09/2012";"09:12:00";"71";"com vítima";"525.9";"BR-116/RS";"Sul";"Colisão Traseira";1;0;0;0;0;0;0;0;0;0;0;0;5;0;0
"17/09/2012";"12:04:00";"1";"sem vítima";"49.9";"BR-293/RS";"Norte";"Saída de Pista";1;0;0;0;0;0;0;0;0;0;2;0;0;0;0
"17/09/2012";"01:14:00";"3";"com vítima";"531";"BR-116/RS";"Sul";"Saída de Pista";1;0;0;1;0;0;0;0;0;0;2;1;1;0;0
"17/09/2012";"07:23:00";"17";"com vítima";"7.8";"BR-392/RS";"Norte";"Abalr.Transversal";1;0;0;1;0;0;0;0;0;0;1;0;1;0;0
"17/09/2012";"07:53:00";"18";"com vítima";"104.3";"BR-392/RS";"Norte";"Saída de Pista";2;0;0;0;0;0;0;0;0;0;0;1;0;1;0
"17/09/2012";"11:16:00";"42";"com vítima";"3.8";"BR-392/RS";"Sul";"Atropelamento de Animal";1;0;0;0;0;1;0;0;0;0;1;1;0;1;0
"17/09/2012";"11:40:00";"46";"com vítima";"2.6";"BR-392/RS";"Sul";"Colisão Traseira";0;0;0;1;0;0;0;0;0;0;0;0;1;1;0
"17/09/2012";"12:38:00";"49";"sem vítima";"27.5";"BR-293/RS";"Norte";"Saída de Pista";0;0;0;2;0;0;0;0;0;0;2;0;0;0;0
"18/09/2012";"09:45:00";"23";"com vítima";"58";"BR-392/RS";"Norte";"Saída de Pista";0;0;0;1;0;0;0;0;0;0;0;2;0;0;0
"18/09/2012";"12:14:00";"38";"sem vítima";"524.4";"BR-116/RS";"Sul";"Abalr.Transversal";0;0;2;0;0;1;0;0;0;0;3;0;0;0;0
"18/09/2012";"08:14:00";"74";"sem vítima";"130.2";"BR-293/RS";"Norte";"Atropelamento de Animal";1;0;1;0;0;0;0;0;0;0;4;0;0;0;0
"19/09/2012";"08:42:00";"21";"com vítima";"457";"BR-116/RS";"Sul";"Tombamento";1;0;1;0;0;0;0;0;0;0;1;1;0;0;0
"19/09/2012";"11:08:00";"41";"sem vítima";"52.3";"BR-392/RS";"Sul";"Colisão Traseira";1;0;1;0;0;0;0;0;0;0;5;0;0;0;0
"19/09/2012";"11:39:00";"45";"sem vítima";"603.8";"BR-116/RS";"Norte";"Tombamento";1;0;0;0;0;0;0;0;0;0;5;0;0;0;0
"19/09/2012";"02:03:00";"67";"com vítima";"19.9";"BR-392/RS";"Norte";"Tombamento";2;0;0;0;0;0;0;0;0;0;3;0;0;1;0
"19/09/2012";"08:02:00";"110";"com vítima";"564.7";"BR-116/RS";"Sul";"Atropelamento de Animal";0;0;2;0;0;0;0;0;0;0;0;1;0;0;0
"20/09/2012";"03:48:00";"8";"com vítima";"433.3";"BR-116/RS";"Norte";"Saída de Pista";1;0;0;0;0;0;0;0;0;0;0;1;1;0;0
"20/09/2012";"08:48:00";"22";"sem vítima";"4.2";"BR-392/RS";"Norte";"Abalr.Transversal";2;0;0;0;0;0;0;0;0;0;2;0;0;0;0
"20/09/2012";"02:35:00";"51";"com vítima";"485.8";"BR-116/RS";"Norte";"Abalr.Transversal";0;0;0;2;0;0;0;0;0;0;1;1;0;0;0
"20/09/2012";"03:53:00";"58";"com vítima";"19.2";"BR-392/RS";"Sul";"Abalr.Transversal";1;0;0;1;0;0;0;0;0;0;4;1;0;0;0
"21/09/2012";"09:55:00";"24";"com vítima";"465.1";"BR-116/RS";"Norte";"Colisão Traseira";0;0;0;1;0;0;0;0;0;0;0;1;0;1;0
"21/09/2012";"11:05:00";"31";"sem vítima";"42";"BR-392/RS";"Norte";"Colisão Traseira";0;0;2;0;0;0;0;0;0;0;1;0;0;0;0
"21/09/2012";"11:09:00";"32";"com vítima";"94";"BR-392/RS";"Norte";"Tombamento";0;0;0;1;0;0;0;0;0;0;0;1;0;0;0
"21/09/2012";"06:28:00";"78";"com vítima";"519.2";"BR-116/RS";"Sul";"Abalr.Transversal";1;0;0;1;0;0;0;0;0;0;1;1;0;0;0
"22/09/2012";"01:47:00";"41";"com vítima";"521";"BR-116/RS";"Sul";"Abalr.Transversal";0;0;0;1;0;0;0;0;0;0;0;2;0;0;0
"23/09/2012";"12:23:00";"2";"com vítima";"126.5";"BR-392/RS";"Sul";"Atropelamento de Animal";1;0;0;1;0;0;0;0;0;0;5;1;0;0;0
"23/09/2012";"05:56:00";"55";"com vítima";"4.4";"BR-392/RS";"Sul";"Colisão Traseira";1;0;0;0;0;0;0;0;0;0;1;1;0;0;0
"24/09/2012";"06:48:00";"15";"com vítima";"21.7";"BR-392/RS";"Sul";"Colisão com Objeto Fixo";0;0;0;1;0;0;0;0;0;0;0;0;1;1;0
"24/09/2012";"09:12:00";"28";"com vítima";"51.7";"BR-392/RS";"Norte";"Atropelamento de Animal";1;0;0;1;0;0;0;0;0;0;1;1;0;1;0
"24/09/2012";"02:32:00";"56";"sem vítima";"118.5";"BR-392/RS";"Sul";"Colisão com Objeto Fixo";1;0;1;0;0;0;0;0;0;0;5;0;0;0;0
"24/09/2012";"10:05:00";"88";"com vítima";"523.6";"BR-116/RS";"Norte";"Outros Tipos de Acidente";2;0;0;0;0;0;0;0;0;0;1;0;1;0;0
"25/09/2012";"01:40:00";"5";"com vítima";"25.2";"BR-392/RS";"Sul";"Tombamento";1;1;0;0;0;0;0;0;0;0;2;1;0;0;0
"25/09/2012";"12:03:00";"34";"sem vítima";"44.4";"BR-293/RS";"Norte";"Colisão Traseira";1;0;0;0;0;0;0;0;0;0;4;0;0;0;0
"26/09/2012";"04:01:00";"8";"com vítima";"41.8";"BR-392/RS";"Sul";"Saída de Pista";2;0;0;0;0;0;0;0;0;0;3;1;0;0;0
"26/09/2012";"04:38:00";"51";"sem vítima";"529.8";"BR-116/RS";"Sul";"Colisão Traseira";1;0;0;0;0;0;0;0;0;0;4;0;0;0;0
"27/09/2012";"11:37:00";"83";"com vítima";"521.5";"BR-116/RS";"Sul";"Colisão com Objeto Fixo";1;0;2;0;0;0;0;0;0;0;1;1;0;0;0
"28/09/2012";"06:56:00";"5";"com vítima";"4.6";"BR-392/RS";"Norte";"Abalr.Transversal";0;0;1;0;0;0;0;0;0;0;2;1;0;0;0
"28/09/2012";"10:51:00";"25";"sem vítima";"7.6";"BR-392/RS";"Norte";"Abalr.Transversal";0;0;1;0;1;0;0;0;0;0;32;0;0;0;0
"29/09/2012";"09:24:00";"85";"sem vítima";"400.8";"BR-116/RS";"Norte";"Saída de Pista";1;0;2;0;0;0;0;0;0;0;2;0;0;0;0
"30/09/2012";"10:42:00";"67";"sem vítima";"17.6";"BR-392/RS";"Sul";"Colisão Traseira";0;0;1;0;0;0;0;0;0;0;2;0;0;0;0
"01/10/2012";"07:20:00";"15";"sem vítima";"52.4";"BR-392/RS";"Sul";"Abalr.Mesmo Sentido";1;0;2;0;0;0;0;0;0;0;3;0;0;0;0
"01/10/2012";"03:21:00";"63";"com vítima";"525.9";"BR-116/RS";"Norte";"Colisão Traseira";0;0;4;0;0;0;0;0;0;0;3;0;1;0;0
"01/10/2012";"03:48:00";"69";"sem vítima";"408";"BR-116/RS";"Norte";"Abalr.Sentido Oposto";1;0;1;0;0;0;0;0;0;0;4;0;0;0;0
"01/10/2012";"08:36:00";"84";"sem vítima";"125.1";"BR-293/RS";"Norte";"Atropelamento de Animal";1;0;0;0;0;0;0;0;0;0;2;0;0;0;0
"01/10/2012";"11:21:00";"92";"com vítima";"433.7";"BR-116/RS";"Norte";"Colisão Traseira";1;0;0;0;0;0;0;0;0;0;0;1;0;0;0
"02/10/2012";"04:30:00";"59";"sem vítima";"66.9";"BR-392/RS";"Norte";"Abalr.Transversal";2;0;0;0;0;0;0;0;0;0;3;0;0;0;0
"02/10/2012";"08:58:00";"77";"sem vítima";"18.1";"BR-392/RS";"Norte";"Atropelamento";2;0;0;0;0;0;0;0;0;0;4;0;0;0;0
"03/10/2012";"07:23:00";"15";"sem vítima";"66.9";"BR-392/RS";"Sul";"Saída de Pista";1;0;0;1;0;0;0;0;0;0;4;0;0;0;0
"03/10/2012";"09:22:00";"24";"com vítima";"52.1";"BR-392/RS";"Sul";"Abalr.Mesmo Sentido";1;0;0;0;0;0;0;0;0;0;0;1;0;1;0
"04/10/2012";"07:11:00";"13";"com vítima";"66.9";"BR-392/RS";"Sul";"Abalr.Transversal";0;0;0;1;0;1;0;0;0;0;1;0;0;1;0
"04/10/2012";"06:59:00";"76";"com vítima";"4.1";"BR-392/RS";"Sul";"Abalr.Transversal";1;0;0;0;0;0;0;0;0;0;0;1;0;0;0
"04/10/2012";"10:53:00";"88";"sem vítima";"136.2";"BR-392/RS";"Norte";"Atropelamento de Animal";0;0;1;0;0;0;0;0;0;0;3;0;0;0;0
"05/10/2012";"09:40:00";"91";"sem vítima";"464.1";"BR-116/RS";"Norte";"Saída de Pista";2;0;0;0;0;0;0;0;0;0;2;0;0;0;0
"06/10/2012";"06:30:00";"9";"sem vítima";"5.1";"BR-392/RS";"Norte";"Saída de Pista";1;0;0;0;0;0;0;0;0;0;1;0;0;0;0
"07/10/2012";"01:29:00";"2";"com vítima";"99.5";"BR-392/RS";"Norte";"Saída de Pista";2;0;0;0;0;0;0;0;0;0;2;1;0;0;0
"07/10/2012";"03:20:00";"37";"com vítima";"527";"BR-116/RS";"Norte";"Abalr.Sentido Oposto";0;0;3;0;0;0;0;0;0;0;0;0;0;2;0
"07/10/2012";"07:56:00";"51";"sem vítima";"83.5";"BR-293/RS";"Norte";"Saída de Pista";0;0;2;0;0;0;0;0;0;0;1;0;0;0;0
"08/10/2012";"04:50:00";"6";"sem vítima";"118.2";"BR-392/RS";"Norte";"Saída de Pista";1;0;0;0;0;0;0;0;0;0;2;0;0;0;0
"08/10/2012";"01:28:00";"29";"sem vítima";"513.6";"BR-116/RS";"Sul";"Saída de Pista";1;0;0;0;0;0;0;0;0;0;2;0;0;0;0
"08/10/2012";"04:01:00";"40";"com vítima";"92.2";"BR-293/RS";"Norte";"Saída de Pista";1;0;0;0;0;0;0;0;0;0;1;3;0;0;0
"10/10/2012";"07:46:00";"11";"sem vítima";"76.9";"BR-392/RS";"Sul";"Saída de Pista";1;0;0;0;1;0;0;0;0;0;2;0;0;0;0
"10/10/2012";"08:21:00";"12";"com vítima";"427.3";"BR-116/RS";"Sul";"Abalr.Transversal";1;0;0;1;0;0;0;0;0;0;4;1;0;1;0
"10/10/2012";"04:59:00";"66";"com vítima";"66.9";"BR-392/RS";"Norte";"Abalr.Transversal";0;0;1;1;0;0;0;0;0;0;2;0;0;0;1