data;horario;n_da_ocorrencia;tipo_de_ocorrencia;km;trecho;sentido;tipo_de_acidente;automovel;bicicleta;caminhao;moto;onibus;outros;tracao_animal;transporte_de_cargas_especiais;trator_maquinas;utilitarios;ilesos;levemente_feridos;moderadamente_feridos;gravemente_feridos;mortos
"08/04/2013";"05:15:00";"79";"sem vítima";"189.2";"BR-392/RS";"Sul";"Abalr.Transversal";1;0;1;0;0;0;0;0;0;0;5;0;0;0;0
"08/04/2013";"05:47:00";"83";"com vítima";"8.9";"BR-392/RS";"Norte";"Colisão Traseira";1;0;0;1;0;0;0;0;0;0;1;0;1;0;0
"09/04/2013";"03:20:00";"7";"sem vítima";"547.8";"BR-116/RS";"Sul";"Atropelamento de Animal";1;0;1;0;0;0;0;0;0;0;2;0;0;0;0
"09/04/2013";"08:31:00";"20";"sem vítima";"15.8";"BR-392/RS";"Sul";"Abalr.Mesmo Sentido";1;0;0;0;1;0;0;0;0;0;2;0;0;0;0
"09/04/2013";"12:44:00";"48";"sem vítima";"2.1";"BR-392/RS";"Sul";"Colisão Traseira";2;0;0;0;0;0;0;0;0;0;2;0;0;0;0
"09/04/2013";"03:40:00";"65";"sem vítima";"82.8";"BR-392/RS";"Sul";"Saída de Pista";0;0;0;1;0;0;0;0;0;0;1;0;0;0;0
"09/04/2013";"08:23:00";"99";"sem vítima";"530.1";"BR-116/RS";"Norte";"Abalr.Transversal";2;0;0;0;0;0;0;0;0;0;2;0;0;0;0
"10/04/2013";"05:43:00";"72";"com vítima";"10";"BR-392/RS";"Sul";"Colisão Traseira";1;0;0;1;0;0;0;0;0;0;4;2;0;0;0
"10/04/2013";"06:52:00";"78";"sem vítima";"1";"BR-604/RS";"Sul";"Colisão Traseira";2;0;0;0;0;0;0;0;0;0;6;0;0;0;0
"10/04/2013";"07:48:00";"84";"com vítima";"120.2";"BR-392/RS";"Sul";"Colisão Traseira";2;0;0;0;0;0;0;0;0;0;5;1;0;0;0
"11/04/2013";"06:26:00";"8";"com vítima";"4.8";"BR-392/RS";"Sul";"Saída de Pista";1;0;0;0;0;0;0;0;0;0;0;0;2;0;0
"11/04/2013";"07:31:00";"11";"com vítima";"5.1";"BR-392/RS";"Norte";"Abalr.Transversal";2;0;0;0;0;0;0;0;0;0;1;1;3;0;0
"11/04/2013";"07:49:00";"13";"com vítima";"4.3";"BR-392/RS";"Norte";"Abalr.Transversal";1;0;0;0;0;0;0;0;0;0;1;0;1;0;0
"11/04/2013";"07:30:00";"84";"com vítima";"131.9";"BR-392/RS";"Norte";"Saída de Pista";1;0;0;0;0;0;0;0;0;0;0;0;1;0;0
"11/04/2013";"09:20:00";"95";"com vítima";"3";"BR-604/RS";"Sul";"Colisão com Objeto Fixo";0;1;1;0;0;0;0;0;0;0;1;0;0;0;1
"12/04/2013";"04:12:00";"11";"sem vítima";"8.9";"BR-392/RS";"Norte";"Tombamento";3;0;1;0;0;0;0;0;0;0;9;0;0;0;0
"12/04/2013";"08:57:00";"25";"com vítima";"516.9";"BR-116/RS";"Norte";"Abalr.Transversal";1;0;0;0;0;0;0;0;0;0;0;0;1;0;0
"12/04/2013";"04:30:00";"72";"com vítima";"101";"BR-392/RS";"Norte";"Saída de Pista";3;0;0;0;0;0;0;0;0;0;5;0;1;0;0
"12/04/2013";"04:43:00";"73";"com vítima";"95.9";"BR-392/RS";"Norte";"Outros tipos de acidente";1;0;0;1;0;0;0;0;0;0;1;0;1;0;0
"13/04/2013";"04:04:00";"65";"sem vítima";"115.6";"BR-392/RS";"Norte";"Colisão Traseira";1;0;1;0;0;0;0;0;0;0;3;0;0;0;0
"13/04/2013";"06:14:00";"76";"com vítima";"529.7";"BR-116/RS";"Norte";"Abalr.Transversal";1;0;0;0;0;1;0;0;0;0;0;0;0;1;1
"13/04/2013";"07:49:00";"86";"sem vítima";"25.8";"BR-392/RS";"Norte";"Atropelamento";1;0;0;1;0;0;0;0;0;0;2;0;0;0;0
"13/04/2013";"08:34:00";"89";"com vítima";"526.2";"BR-116/RS";"Sul";"Tombamento";2;0;0;0;0;0;0;0;0;0;1;0;1;0;0
"14/04/2013";"01:25:00";"5";"sem vítima";"510.6";"BR-116/RS";"Sul";"Abalr.Transversal";1;0;0;0;0;0;0;0;0;0;1;0;0;0;0
"14/04/2013";"09:06:00";"28";"sem vítima";"123.5";"BR-392/RS";"Sul";"Colisão com Objeto Fixo";0;0;1;0;0;0;0;0;0;0;1;0;0;0;0
"14/04/2013";"11:27:00";"41";"sem vítima";"45";"BR-392/RS";"Norte";"Abalr.Mesmo Sentido";1;0;0;1;0;0;0;0;0;0;2;0;0;0;0
"14/04/2013";"06:53:00";"77";"sem vítima";"21.5";"BR-293/RS";"Norte";"Atropelamento de Animal";1;0;1;0;0;0;0;0;0;0;2;0;0;0;0
"14/04/2013";"07:03:00";"79";"com vítima";"71.8";"BR-392/RS";"Norte";"Colisão Traseira";1;0;0;1;0;0;0;0;0;0;2;1;0;0;0
"14/04/2013";"07:49:00";"83";"com vítima";"37.9";"BR-392/RS";"Norte";"Atropelamento";1;0;0;0;0;0;0;0;0;0;0;1;2;0;0
"15/04/2013";"08:56:00";"23";"com vítima";"32.1";"BR-293/RS";"Norte";"Atropelamento";0;0;0;1;0;0;0;0;0;0;0;0;2;0;0
"15/04/2013";"07:22:00";"81";"com vítima";"644.9";"BR-116/RS";"Norte";"Atropelamento de Animal";1;0;0;0;0;0;0;0;0;0;0;1;0;0;0
"15/04/2013";"08:28:00";"86";"com vítima";"544.8";"BR-116/RS";"Norte";"Atropelamento de Animal";1;0;0;0;0;0;0;0;0;0;0;0;1;0;1
"16/04/2013";"04:19:00";"10";"sem vítima";"417.9";"BR-116/RS";"Norte";"Atropelamento de Animal";2;0;0;0;0;0;0;0;0;0;7;0;0;0;0
"16/04/2013";"04:31:00";"83";"com vítima";"403.9";"BR-116/RS";"Sul";"Abalr.sentido oposto";1;0;0;0;0;1;0;0;0;0;0;3;0;0;0
"16/04/2013";"04:33:00";"84";"sem vítima";"66.5";"BR-392/RS";"Sul";"Abalr.Transversal";0;0;1;0;0;0;0;0;0;0;1;0;0;0;0
"16/04/2013";"07:06:00";"95";"sem vítima";"19.5";"BR-392/RS";"Sul";"Atropelamento";2;0;0;0;0;0;0;0;0;0;2;0;0;0;0
"16/04/2013";"10:53:00";"111";"sem vítima";"117.3";"BR-392/RS";"Sul";"Saída de Pista";2;0;0;0;0;0;0;0;0;0;2;0;0;0;0
"17/04/2013";"03:08:00";"67";"sem vítima";"468.6";"BR-116/RS";"Sul";"Colisão Traseira";1;0;1;0;0;0;0;0;0;0;3;0;0;0;0
"17/04/2013";"06:32:00";"77";"sem vítima";"50.3";"BR-392/RS";"Norte";"Saída de Pista";1;0;0;0;0;0;0;0;0;0;2;0;0;0;0
"18/04/2013";"01:01:00";"2";"com vítima";"18.9";"BR-392/RS";"Sul";"Abalr.Transversal";2;0;0;0;0;0;0;0;0;0;1;1;0;0;0
"18/04/2013";"01:31:00";"3";"sem vítima";"464.9";"BR-116/RS";"Sul";"Colisão Traseira";0;0;2;0;0;0;0;0;0;0;2;0;0;0;0
"18/04/2013";"05:57:00";"9";"sem vítima";"136.5";"BR-392/RS";"Norte";"Colisão Traseira";0;0;1;0;0;0;0;0;0;0;1;0;0;0;0
"19/04/2013";"07:38:00";"15";"sem vítima";"6";"BR-392/RS";"Sul";"Colisão Traseira";1;0;1;0;0;0;0;0;0;0;2;0;0;0;0
"19/04/2013";"01:23:00";"51";"sem vítima";"6.8";"BR-392/RS";"Sul";"Colisão Traseira";1;0;1;0;0;0;0;0;0;0;2;0;0;0;0
"19/04/2013";"03:27:00";"60";"sem vítima";"66.1";"BR-293/RS";"Norte";"Colisão Traseira";2;0;1;0;0;0;0;0;0;0;4;0;0;0;0
"19/04/2013";"04:57:00";"70";"sem vítima";"589.5";"BR-116/RS";"Norte";"Colisão Traseira";0;0;1;0;0;0;0;0;0;0;1;0;0;0;0
"19/04/2013";"07:24:00";"86";"sem vítima";"62.5";"BR-293/RS";"Norte";"Saída de Pista";1;0;1;0;0;0;0;0;0;0;4;0;0;0;0
"19/04/2013";"11:38:00";"102";"sem vítima";"411.5";"BR-116/RS";"Norte";"Saída de Pista";1;0;0;0;0;0;0;0;0;0;1;0;0;0;0
"20/04/2013";"06:27:00";"15";"com vítima";"66.9";"BR-392/RS";"Sul";"Abalr.Transversal";2;0;0;0;0;0;0;0;0;0;5;0;1;0;0
"20/04/2013";"09:14:00";"23";"sem vítima";"609.8";"BR-116/RS";"Sul";"Colisão Traseira";2;0;0;0;0;0;0;0;0;0;6;0;0;0;0
"20/04/2013";"12:11:00";"40";"com vítima";"471.6";"BR-116/RS";"Norte";"Saída de Pista";1;0;0;0;0;0;0;0;0;0;1;1;0;0;0
"20/04/2013";"03:02:00";"63";"sem vítima";"67";"BR-392/RS";"Sul";"Abalr.Transversal";1;0;1;0;0;0;0;0;0;0;2;0;0;0;0
"20/04/2013";"06:43:00";"88";"com vítima";"481.6";"BR-116/RS";"Norte";"Colisão Traseira";0;0;1;1;0;0;0;0;0;0;1;0;2;0;0
"20/04/2013";"08:45:00";"103";"com vítima";"10.2";"BR-392/RS";"Sul";"Tombamento";1;0;0;1;0;0;0;0;0;0;2;0;2;0;0
"21/04/2013";"09:04:00";"28";"com vítima";"438.8";"BR-116/RS";"Sul";"Outros tipos de acidente";1;0;1;0;0;0;0;0;0;0;0;1;2;0;0
"21/04/2013";"12:27:00";"39";"sem vítima";"111.9";"BR-392/RS";"Sul";"Colisão Traseira";2;0;0;0;0;0;0;0;0;0;6;0;0;0;0
"21/04/2013";"05:19:00";"68";"sem vítima";"156.9";"BR-392/RS";"Norte";"Abalr.Mesmo Sentido";0;0;1;0;0;0;0;0;0;0;1;0;0;0;0
"21/04/2013";"05:44:00";"71";"sem vítima";"596.2";"BR-116/RS";"Norte";"Colisão Traseira";1;0;0;0;0;0;0;0;0;0;1;0;0;0;0
"21/04/2013";"07:45:00";"86";"com vítima";"93.6";"BR-392/RS";"Sul";"Colisão Frontal";1;0;0;0;0;0;0;0;0;0;1;1;0;0;0
"22/04/2013";"06:55:00";"18";"com vítima";"445.7";"BR-116/RS";"Sul";"Abalr. Sentido oposto";1;0;1;0;0;0;0;0;0;0;1;0;0;1;0
"22/04/2013";"08:15:00";"26";"sem vítima";"447.3";"BR-116/RS";"Norte";"Abalr. Mesmo Sentido";1;0;0;0;0;0;0;0;0;0;3;0;0;0;0
"22/04/2013";"08:33:00";"30";"sem vítima";"447.3";"BR-116/RS";"Norte";"Colisão Traseira";0;0;0;0;1;0;0;0;0;0;25;0;0;0;0
"22/04/2013";"12:59:00";"59";"com vítima";"512.3";"BR-116/RS";"Sul";"Colisão Traseira";1;0;0;0;0;0;0;0;0;0;0;3;0;1;0
"22/04/2013";"05:19:00";"96";"com vítima";"26";"BR-392/RS";"Sul";"Tombamento";1;0;0;0;0;0;0;0;0;0;0;0;1;0;0
"23/04/2013";"06:37:00";"15";"sem vítima";"4.3";"BR-392/RS";"Norte";"abalr. Transversal";1;0;0;0;0;0;0;0;0;0;1;0;0;0;0
"24/04/2013";"09:51:00";"36";"com vítima";"2.2";"BR-392/RS";"Norte";"Abalr.Mesmo Sentido";0;0;1;0;0;0;0;0;0;0;0;0;1;0;0
"24/04/2013";"03:15:00";"61";"sem vítima";"568";"BR-116/RS";"Norte";"Saída de Pista";0;0;1;1;0;0;0;0;0;0;3;0;0;0;0
"24/04/2013";"06:33:00";"80";"sem vítima";"52.3";"BR-392/RS";"Norte";"Colisão Traseira";1;0;1;0;0;0;0;0;0;0;3;0;0;0;0
"25/04/2013";"02:39:00";"66";"sem vítima";"28";"BR-293/RS";"Norte";"Colisão Frontal";1;0;1;0;0;0;0;0;0;0;4;0;0;0;0
"25/04/2013";"11:35:00";"119";"sem vítima";"407.6";"BR-116/RS";"Norte";"Saída de Pista";0;0;1;0;0;0;0;0;0;0;1;0;0;0;0
"26/04/2013";"06:10:00";"18";"com vítima";"42";"BR-392/RS";"Sul";"Colisão com Objeto Fixo";1;0;1;0;0;0;0;0;0;0;1;0;1;1;0
"26/04/2013";"04:24:00";"74";"sem vítima";"510.9";"BR-116/RS";"Sul";"Colisão Traseira";2;0;0;0;0;0;0;0;0;0;2;0;0;0;0
"26/04/2013";"06:55:00";"96";"sem vítima";"60.5";"BR-392/RS";"Sul";"Colisão Traseira";1;0;0;0;0;0;0;0;0;0;3;0;0;0;0
"26/04/2013";"08:54:00";"108";"sem vítima";"654.8";"BR-116/RS";"Norte";"Atropelamento de Animal";1;0;0;0;0;0;0;0;0;0;1;0;0;0;0
"26/04/2013";"11:29:00";"118";"sem vítima";"5.5";"BR-392/RS";"Norte";"Saída de Pista";1;0;0;0;1;0;0;0;0;0;5;0;0;0;0
"27/04/2013";"07:05:00";"14";"sem vítima";"53";"BR-392/RS";"Sul";"Tombamento";1;0;0;0;0;0;0;0;0;0;1;0;0;0;0
"27/04/2013";"08:20:00";"20";"sem vítima";"7.6";"BR-392/RS";"Norte";"Tombamento";1;0;1;0;0;0;0;0;0;0;2;0;0;0;0
"27/04/2013";"09:24:00";"26";"sem vítima";"513.7";"BR-116/RS";"Norte";"Abalr.Transversal";1;0;0;0;0;0;0;0;0;0;1;0;0;0;0
"28/04/2013";"01:07:00";"3";"sem vítima";"1.6";"BR-392/RS";"Norte";"Saída de Pista";1;0;0;0;0;0;0;0;0;0;3;0;0;0;0
"28/04/2013";"05:28:00";"14";"sem vítima";"92.8";"BR-392/RS";"Sul";"Saída de Pista";0;0;0;1;0;0;0;0;0;0;2;0;0;0;0
"28/04/2013";"06:03:00";"16";"com vítima";"592.3";"BR-116/RS";"Norte";"Saída de Pista";2;0;0;0;0;0;0;0;0;0;0;0;2;0;0
"28/04/2013";"06:56:00";"18";"sem vítima";"403.3";"BR-116/RS";"Norte";"Saída de Pista";1;0;1;0;0;0;0;0;0;0;3;0;0;0;0
"28/04/2013";"04:25:00";"50";"sem vítima";"472.1";"BR-116/RS";"Norte";"Saída de Pista";1;0;1;0;0;0;0;0;0;0;4;0;0;0;0
"28/04/2013";"07:36:00";"78";"com vítima";"8.9";"BR-392/RS";"Norte";"Abalr. Sentido oposto";0;0;0;1;0;0;0;0;0;0;0;0;1;0;0
"28/04/2013";"10:30:00";"89";"sem vítima";"53";"BR-392/RS";"Norte";"Saída de Pista";0;0;2;0;0;0;0;0;0;0;2;0;0;0;0
"28/04/2013";"10:40:00";"91";"com vítima";"511";"BR-116/RS";"Sul";"Colisão Traseira";0;0;1;1;0;0;0;0;0;0;1;0;1;0;0
"29/04/2013";"08:25:00";"26";"sem vítima";"567.2";"BR-116/RS";"Sul";"Saída de Pista";1;0;0;0;0;0;0;0;0;0;2;0;0;0;0
"29/04/2013";"08:43:00";"28";"com vítima";"30.7";"BR-392/RS";"Sul";"Saída de Pista";0;0;1;1;0;0;0;0;0;0;1;1;0;0;0
"29/04/2013";"07:12:00";"83";"sem vítima";"72.3";"BR-392/RS";"Norte";"Abalr.Transversal";0;0;1;0;1;0;0;0;0;0;3;0;0;0;0
"29/04/2013";"08:29:00";"91";"sem vítima";"44.7";"BR-392/RS";"Sul";"Saída de Pista";1;0;1;0;0;0;0;0;0;0;4;0;0;0;0
"30/04/2013";"11:53:00";"43";"sem vítima";"17";"BR-392/RS";"Sul";"Saída de Pista";1;0;1;0;0;0;0;0;0;0;2;0;0;0;0
"30/04/2013";"05:27:00";"72";"sem vítima";"526.5";"BR-116/RS";"Norte";"Abalr.Transversal";1;0;1;0;0;0;0;0;0;0;3;0;0;0;0
"30/04/2013";"05:39:00";"73";"sem vítima";"33";"BR-392/RS";"Norte";"Abalr.Mesmo Sentido";1;0;0;0;1;0;0;0;0;0;2;0;0;0;0
"30/04/2013";"06:03:00";"76";"com vítima";"541";"BR-116/RS";"Sul";"Abalr.Transversal";1;0;0;1;0;0;0;0;0;0;1;1;0;0;0
"30/04/2013";"08:23:00";"94";"com vítima";"596.6";"BR-116/RS";"Norte";"Atropelamento de Animal";1;0;0;0;0;0;0;0;0;0;0;2;0;0;0
"01/05/2013";"07:04:00";"16";"sem vítima";"4.3";"BR-392/RS";"Norte";"Saída de Pista";1;0;0;0;0;0;0;0;0;0;2;0;0;0;0
"01/05/2013";"07:23:00";"80";"com vítima";"80.8";"BR-392/RS";"Sul";"Abalr.Mesmo Sentido";1;0;1;0;0;0;0;0;0;0;2;1;0;0;0
"02/05/2013";"01:12:00";"39";"com vítima";"62.7";"BR-293/RS";"Norte";"Colisão traseira";1;0;0;0;0;0;0;0;0;0;0;0;1;0;0
"02/05/2013";"07:04:00";"76";"sem vítima";"514.5";"BR-116/RS";"Norte";"Abalr.Sentido Oposto";2;0;0;0;0;0;0;0;0;0;4;0;0;0;0
"03/05/2013";"05:38:00";"10";"com vítima";"7.5";"BR-392/RS";"Sul";"Saída de Pista";2;0;0;0;0;0;0;0;0;0;1;0;1;0;0
"03/05/2013";"01:47:00";"43";"sem vítima";"512.6";"BR-116/RS";"Sul";"Saída de Pista";1;0;0;0;1;0;0;0;0;0;2;0;0;0;0
"03/05/2013";"06:15:00";"72";"sem vítima";"521";"BR-116/RS";"Norte";"Tombamento";1;0;1;0;0;0;0;0;0;0;3;0;0;0;0
"04/05/2013";"05:30:00";"15";"com vítima";"61.7";"BR-392/RS";"Norte";"Atropelamento de Animal";1;0;0;0;0;0;0;0;0;0;1;0;1;0;0
"04/05/2013";"08:57:00";"27";"com vítima";"66.9";"BR-392/RS";"Sul";"Abalr.Transversal";1;0;2;0;0;0;0;0;0;0;2;1;0;0;0
"04/05/2013";"07:04:00";"88";"com vítima";"15.6";"BR-293/RS";"Norte";"Abalr.Transversal";2;0;0;0;0;0;0;0;0;0;5;0;0;1;0
"05/05/2013";"01:23:00";"38";"com vítima";"81.8";"BR-293/RS";"Norte";"Saída de Pista";1;0;0;0;0;0;0;0;0;0;0;0;1;1;0
"05/05/2013";"06:43:00";"72";"sem vítima";"89.5";"BR-392/RS";"Norte";"Abalr.Transversal";1;0;1;0;0;0;0;0;0;0;2;0;0;0;0
"06/05/2013";"07:35:00";"16";"sem vítima";"526.4";"BR-116/RS";"Norte";"Abalr.Transversal";1;0;0;0;0;0;0;0;0;0;2;0;0;0;0
"06/05/2013";"05:46:00";"78";"sem vítima";"1.2";"BR-392/RS";"Sul";"Abalr.Transversal";1;0;0;0;0;0;0;0;0;0;4;0;0;0;0
"07/05/2013";"02:10:00";"65";"com vítima";"19.8";"BR-392/RS";"Sul";"Abalr.Mesmo Sentido";2;0;1;0;0;0;0;0;0;0;3;2;0;0;0
"07/05/2013";"04:42:00";"80";"sem vítima";"91.9";"BR-293/RS";"Norte";"Abalr.Transversal";1;0;1;0;0;0;0;0;0;0;2;0;0;0;0
"07/05/2013";"07:22:00";"100";"sem vítima";"511.7";"BR-116/RS";"Norte";"Colisão traseira";1;0;0;0;1;0;0;0;0;0;2;0;0;0;0
"08/05/2013";"10:35:00";"41";"com vítima";"408.2";"BR-116/RS";"Sul";"Colisão traseira";3;0;0;0;0;0;0;0;0;0;4;0;1;0;0
"08/05/2013";"07:09:00";"87";"sem vítima";"99.4";"BR-293/RS";"Norte";"Colisão traseira";1;0;0;0;0;0;0;0;0;0;1;0;0;0;0
"08/05/2013";"07:23:00";"90";"com vítima";"48";"BR-392/RS";"Sul";"Colisão traseira";1;0;0;1;0;0;0;0;0;0;2;0;2;0;0
"08/05/2013";"10:18:00";"103";"com vítima";"18.8";"BR-392/RS";"Norte";"Atropelamento de Animal";2;0;0;0;0;0;0;0;0;0;1;0;1;0;0
"09/05/2013";"08:36:00";"18";"com vítima";"52.3";"BR-392/RS";"Sul";"Colisão traseira";1;0;0;0;0;0;0;0;0;0;4;0;1;0;0
"09/05/2013";"09:58:00";"23";"sem vítima";"123.4";"BR-392/RS";"Norte";"Abalr.Transversal";1;0;0;0;0;0;0;0;0;0;9;0;0;0;0
"09/05/2013";"02:03:00";"50";"com vítima";"433.7";"BR-116/RS";"Sul";"Abalr.Sentido Oposto";1;0;0;0;0;0;0;0;0;0;0;2;0;0;0
"09/05/2013";"06:28:00";"75";"com vítima";"492.2";"BR-116/RS";"Sul";"Colisão traseira";1;0;0;0;0;0;0;0;0;0;0;0;0;1;0
"10/05/2013";"01:14:00";"3";"sem vítima";"6.7";"BR-392/RS";"Norte";"Saída de Pista";0;0;0;0;1;0;0;0;0;0;20;0;0;0;0
"10/05/2013";"06:53:00";"16";"com vítima";"7.3";"BR-392/RS";"Norte";"Abalr.Transversal";1;0;0;0;0;0;0;0;0;0;1;0;1;0;0
"10/05/2013";"07:54:00";"20";"com vítima";"524.8";"BR-116/RS";"Norte";"Colisão traseira";2;0;0;0;0;0;0;0;0;0;3;1;0;0;0
"10/05/2013";"08:28:00";"24";"com vítima";"78.7";"BR-392/RS";"Sul";"Abalr.Transversal";0;0;1;0;0;0;0;0;0;0;0;1;0;0;0
"10/05/2013";"02:21:00";"59";"sem vítima";"454.6";"BR-116/RS";"Norte";"Abalr.Transversal";1;0;0;0;0;0;0;0;0;0;1;0;0;0;0
"10/05/2013";"06:45:00";"99";"com vítima";"18.1";"BR-392/RS";"Norte";"Atropelamento";1;0;0;0;0;0;0;0;0;0;0;0;3;0;0
"10/05/2013";"09:17:00";"122";"com vítima";"59.1";"BR-392/RS";"Norte";"Colisão com Objeto Fixo";1;0;0;0;0;0;0;0;0;0;0;2;1;0;0
"11/05/2013";"06:22:00";"14";"com vítima";"474";"BR-116/RS";"Norte";"Saída de Pista";0;0;1;1;0;0;0;0;0;0;1;0;0;1;0
"11/05/2013";"03:20:00";"71";"com vítima";"656.6";"BR-116/RS";"Sul";"Saída de Pista";1;0;1;0;0;0;0;0;0;0;1;0;1;0;0
"11/05/2013";"09:11:00";"109";"sem vítima";"473.8";"BR-116/RS";"Sul";"Saída de Pista";2;0;0;0;0;0;0;0;0;0;5;0;0;0;0
"12/05/2013";"03:55:00";"11";"com vítima";"14.9";"BR-293/RS";"Norte";"Colisão Frontal";0;0;0;1;0;0;0;0;0;0;0;0;1;0;0
"12/05/2013";"07:58:00";"15";"sem vítima";"30.1";"BR-293/RS";"Norte";"Tombamento";1;0;0;1;0;0;0;0;0;0;5;0;0;0;0
"12/05/2013";"08:30:00";"18";"com vítima";"96.1";"BR-392/RS";"Norte";"Saída de Pista";1;0;0;1;0;0;0;0;0;0;2;0;1;0;0
"12/05/2013";"06:40:00";"70";"com vítima";"485.9";"BR-116/RS";"Sul";"Colisão Frontal";1;1;0;0;0;0;0;0;0;0;1;0;0;1;0
"13/05/2013";"06:44:00";"15";"com vítima";"1";"BR-392/RS";"Sul";"Atropelamento de Animal";1;0;0;0;0;0;0;0;0;0;0;0;0;1;0
"13/05/2013";"07:50:00";"17";"sem vítima";"43.9";"BR-392/RS";"Sul";"Colisão traseira";1;0;0;0;0;0;0;0;0;0;2;0;0;0;0
"14/05/2013";"06:33:00";"15";"com vítima";"9.5";"BR-392/RS";"Sul";"Abalr.Mesmo Sentido";2;0;0;0;0;0;0;0;0;0;2;1;0;0;0
"14/05/2013";"09:18:00";"86";"sem vítima";"53.6";"BR-392/RS";"Sul";"Colisão traseira";0;0;1;0;0;0;0;0;0;0;2;0;0;0;0
"16/05/2013";"11:21:00";"47";"com vítima";"66.5";"BR-392/RS";"Sul";"Outros Tipos de Acidente";1;0;0;0;0;0;0;0;0;0;0;0;1;0;0
"16/05/2013";"06:20:00";"85";"com vítima";"7.6";"BR-392/RS";"Norte";"Colisão traseira";1;0;0;0;1;0;0;0;0;0;1;0;1;0;0
"16/05/2013";"06:44:00";"91";"com vítima";"42.5";"BR-392/RS";"Sul";"Colisão traseira";0;0;0;1;0;0;0;0;0;0;0;0;1;0;0
"17/05/2013";"08:52:00";"17";"sem vítima";"18.4";"BR-392/RS";"Norte";"Colisão traseira";1;0;0;0;0;0;0;0;0;0;1;0;0;0;0
"17/05/2013";"04:05:00";"67";"sem vítima";"105.3";"BR-392/RS";"Norte";"Colisão Traseira";2;0;0;0;0;0;0;0;0;0;4;0;0;0;0
"17/05/2013";"04:17:00";"68";"com vítima";"71.4";"BR-392/RS";"Sul";"Colisão Traseira";1;0;0;0;0;0;0;0;0;0;1;1;0;0;0
"17/05/2013";"06:21:00";"82";"sem vítima";"19.9";"BR-392/RS";"Norte";"Abalr.Transversal";1;0;0;1;0;0;0;0;0;0;4;0;0;0;0
"18/05/2013";"08:51:00";"100";"sem vítima";"423.8";"BR-116/RS";"Sul";"Atropelamento de Animal";1;0;0;0;1;0;0;0;0;0;44;0;0;0;0
"19/05/2013";"05:45:00";"12";"sem vítima";"526.8";"BR-116/RS";"Sul";"Saída de Pista";2;0;1;0;0;1;0;0;0;0;5;0;0;0;0
"19/05/2013";"09:31:00";"19";"sem vítima";"61";"BR-392/RS";"Sul";"Saída de Pista";1;0;0;0;0;0;0;0;0;0;1;0;0;0;0
"19/05/2013";"03:44:00";"46";"com vítima";"15.1";"BR-293/RS";"Norte";"Saída de Pista";0;0;1;1;0;0;0;0;0;0;1;0;1;0;0
"19/05/2013";"10:38:00";"96";"sem vítima";"11.3";"BR-293/RS";"Norte";"Colisão com Objeto Fixo";2;0;0;0;0;0;0;0;0;0;7;0;0;0;0
"21/05/2013";"05:59:00";"13";"sem vítima";"7";"BR-392/RS";"Sul";"Saída de Pista";0;0;1;0;0;0;0;0;0;0;1;0;0;0;0
"21/05/2013";"07:24:00";"18";"com vítima";"5";"BR-392/RS";"Norte";"Abalr.Transversal";1;0;0;0;0;0;0;0;0;0;0;1;0;0;0
"21/05/2013";"11:12:00";"47";"sem vítima";"479.9";"BR-116/RS";"Sul";"Colisão traseira";2;0;0;0;0;0;0;0;0;0;4;0;0;0;0
"21/05/2013";"08:18:00";"98";"sem vítima";"1.9";"BR-604/RS";"Sul";"Colisão traseira";1;0;1;0;0;0;0;0;0;0;4;0;0;0;0
"21/05/2013";"11:56:00";"118";"sem vítima";"651.3";"BR-116/RS";"Sul";"Atropelamento de Animal";2;0;0;0;0;0;0;0;0;0;5;0;0;0;0
"23/05/2013";"02:45:00";"5";"sem vítima";"526.8";"BR-116/RS";"Sul";"Saída de Pista";2;0;0;0;0;0;0;0;0;0;3;0;0;0;0
"23/05/2013";"06:20:00";"81";"com vítima";"40.8";"BR-392/RS";"Sul";"Atropelamento";2;0;0;0;0;0;0;0;0;0;0;5;1;0;0
"24/05/2013";"12:19:00";"54";"com vítima";"481.6";"BR-116/RS";"Sul";"Colisão traseira";2;0;0;0;0;0;0;0;0;0;0;0;0;2;1
"24/05/2013";"03:20:00";"66";"sem vítima";"64.8";"BR-392/RS";"Sul";"Colisão Traseira";2;0;0;0;0;0;0;0;0;0;2;0;0;0;0
"24/05/2013";"03:30:00";"67";"com vítima";"526.4";"BR-116/RS";"Sul";"Tombamento";0;0;1;0;0;0;0;0;0;0;0;0;1;0;0
"24/05/2013";"05:20:00";"79";"com vítima";"526.6";"BR-116/RS";"Norte";"Colisão traseira";1;0;1;0;0;0;0;0;0;0;1;0;1;0;0
"24/05/2013";"06:02:00";"85";"com vítima";"132.9";"BR-392/RS";"Norte";"Saída de Pista";0;0;1;0;0;0;0;0;0;0;1;1;0;0;0
"25/05/2013";"12:22:00";"4";"sem vítima";"5.5";"BR-392/RS";"Sul";"Saída de Pista";1;0;1;0;0;0;0;0;0;0;2;0;0;0;0
"25/05/2013";"02:15:00";"13";"com vítima";"112.5";"BR-293/RS";"Norte";"Atropelamento de Animal";1;0;0;0;0;0;0;0;0;0;0;1;0;1;0
"25/05/2013";"03:32:00";"18";"sem vítima";"12.9";"BR-392/RS";"Sul";"Abalr.Transversal";1;0;0;0;0;0;0;0;0;0;1;0;0;0;0
"25/05/2013";"04:43:00";"76";"com vítima";"527";"BR-116/RS";"Sul";"Colisão Frontal";0;0;0;1;0;0;0;0;0;0;0;1;0;0;0