data;horario;n_da_ocorrencia;tipo_de_ocorrencia;km;trecho;sentido;tipo_de_acidente;automovel;bicicleta;caminhao;moto;onibus;outros;tracao_animal;transporte_de_cargas_especiais;trator_maquinas;utilitarios;ilesos;levemente_feridos;moderadamente_feridos;gravemente_feridos;mortos
"08/11/2013";"09:46:00";"121";"com vítima";"473.3";"BR-116/RS";"Sul";"Abalr.Transversal";1;0;0;0;0;0;0;0;0;0;0;4;0;0;0
"09/11/2013";"07:09:00";"22";"com vítima";"67";"BR-392/RS";"Sul";"Abalr.Transversal";0;0;0;1;0;0;0;0;0;0;0;1;1;0;0
"09/11/2013";"02:12:00";"54";"sem vítima";"529.1";"BR-116/RS";"Sul";"Colisão Traseira";3;0;0;0;0;0;0;0;0;0;9;0;0;0;0
"09/11/2013";"05:53:00";"73";"sem vítima";"0.8";"BR-392/RS";"Norte";"Abalr.Transversal";2;0;0;0;0;0;0;0;0;0;8;0;0;0;0
"10/11/2013";"01:45:00";"4";"sem vítima";"99.5";"BR-392/RS";"Norte";"Saída de Pista";1;0;0;0;0;0;0;0;0;0;1;0;0;0;0
"10/11/2013";"02:19:00";"28";"sem vítima";"193.2";"BR-392/RS";"Norte";"Saída de pista";1;0;0;0;0;0;0;0;0;0;2;0;0;0;0
"10/11/2013";"08:10:00";"65";"sem vítima";"2.4";"BR-604/RS";"Sul";"Colisão Traseira";2;0;0;0;0;0;0;0;0;0;3;0;0;0;0
"10/11/2013";"09:04:00";"72";"sem vítima";"655.6";"BR-116/RS";"Sul";"Capotamento";1;0;1;0;0;0;0;0;0;0;2;0;0;0;0
"11/11/2013";"06:51:00";"13";"sem vítima";"504.3";"BR-116/RS";"Sul";"Saída de pista";1;0;0;0;0;0;0;0;0;0;4;0;0;0;0
"11/11/2013";"07:24:00";"17";"sem vítima";"43.9";"BR-293/RS";"Norte";"Saída de Pista";2;0;0;0;0;0;0;0;0;0;4;0;0;0;0
"11/11/2013";"08:12:00";"20";"com vítima";"84.9";"BR-392/RS";"Norte";"Saída de Pista";0;1;0;1;0;0;0;0;0;0;1;1;0;0;0
"11/11/2013";"09:58:00";"29";"sem vítima";"475.1";"BR-116/RS";"Sul";"Colisão Frontal";2;0;0;0;0;0;0;0;0;0;5;0;0;0;0
"11/11/2013";"02:30:00";"40";"sem vítima";"66.9";"BR-392/RS";"Norte";"Abalr.Transversal";2;0;0;0;0;0;0;0;0;0;3;0;0;0;0
"11/11/2013";"02:54:00";"41";"com vítima";"600.3";"BR-116/RS";"Sul";"Saída de pista";1;0;0;0;0;0;0;0;0;0;2;0;1;0;0
"12/11/2013";"01:49:00";"46";"sem vítima";"400.6";"BR-116/RS";"Norte";"Saída de Pista";1;0;0;0;0;0;0;0;0;0;1;0;0;0;0
"12/11/2013";"11:52:00";"97";"com vítima";"77.6";"BR-293/RS";"Norte";"Abalr.Transversal";0;0;0;1;0;0;0;0;0;0;0;0;0;1;0
"13/11/2013";"09:22:00";"90";"com vítima";"612.5";"BR-116/RS";"Norte";"Colisão Traseira";2;0;0;0;0;0;0;0;0;0;2;0;1;0;0
"14/11/2013";"08:41:00";"34";"com vítima";"2.6";"BR-392/RS";"Sul";"Colisão com Objeto Fixo";1;0;0;0;0;0;0;0;0;0;0;4;1;0;0
"14/11/2013";"03:59:00";"80";"sem vítima";"12.7";"BR-293/RS";"Norte";"Abalr.Sentido Oposto";2;0;0;0;0;0;0;0;0;0;2;0;0;0;0
"14/11/2013";"09:56:00";"129";"com vítima";"487.5";"BR-116/RS";"Norte";"Outros Tipos de Acidente";1;0;1;0;0;0;0;0;0;0;1;1;1;0;0
"14/11/2013";"10:50:00";"133";"com vítima";"469.7";"BR-116/RS";"Norte";"Atropelamento de Animal";0;0;1;1;0;0;0;0;0;0;2;1;0;0;0
"15/11/2013";"05:14:00";"14";"sem vítima";"99.5";"BR-392/RS";"Norte";"Saída de pista";0;0;1;0;0;0;0;0;0;0;1;0;0;0;0
"15/11/2013";"09:57:00";"30";"sem vítima";"500.8";"BR-116/RS";"Sul";"Colisão Traseira";1;0;0;0;0;0;0;0;0;0;1;0;0;0;0
"15/11/2013";"04:39:00";"69";"sem vítima";"32.1";"BR-392/RS";"Sul";"Saída de pista";0;0;1;0;0;0;0;0;0;0;1;0;0;0;0
"15/11/2013";"05:15:00";"72";"com vítima";"59.7";"BR-392/RS";"Norte";"Saída de pista";0;0;0;0;0;1;0;0;0;0;1;0;0;0;1
"16/11/2013";"07:09:00";"10";"sem vítima";"48.8";"BR-392/RS";"Norte";"Saída de pista";1;0;0;0;0;0;0;0;0;0;1;0;0;0;0
"16/11/2013";"09:38:00";"18";"sem vítima";"24.5";"BR-392/RS";"Norte";"Abalr.Transversal";1;0;0;0;0;0;0;0;0;0;3;0;0;0;0
"16/11/2013";"10:10:00";"19";"sem vítima";"14.9";"BR-293/RS";"Norte";"Abalr.Transversal";1;0;0;0;0;0;0;0;0;0;1;0;0;0;0
"16/11/2013";"08:31:00";"58";"sem vítima";"16.5";"BR-392/RS";"Sul";"Tombamento";1;0;0;0;0;0;0;0;0;0;2;0;0;0;0
"17/11/2013";"05:10:00";"55";"sem vítima";"8.8";"BR-392/RS";"Sul";"Colisão Traseira";1;0;0;0;0;0;0;0;0;0;2;0;0;0;0
"17/11/2013";"05:36:00";"58";"com vítima";"523.5";"BR-116/RS";"Norte";"Colisão Traseira";1;0;1;0;0;0;0;0;0;0;1;0;2;0;0
"18/11/2013";"05:45:00";"82";"sem vítima";"510.5";"BR-116/RS";"Norte";"Colisão Traseira";2;0;0;0;0;0;0;0;0;0;4;0;0;0;0
"18/11/2013";"06:28:00";"86";"com vítima";"518.5";"BR-116/RS";"Norte";"Colisão Traseira";0;0;1;0;0;0;1;0;0;0;1;2;1;0;0
"19/11/2013";"07:17:00";"15";"com vítima";"4.5";"BR-392/RS";"Sul";"Outros Tipos de Acidente";0;0;0;1;0;0;0;0;0;0;0;2;0;0;0
"19/11/2013";"05:58:00";"63";"com vítima";"428.8";"BR-116/RS";"Sul";"Abalr.Transversal";0;0;0;1;0;0;0;0;0;0;0;1;0;0;0
"20/11/2013";"02:39:00";"48";"com vítima";"67";"BR-392/RS";"Sul";"Abalr.Transversal";1;0;0;0;0;0;0;0;0;0;0;1;0;0;0
"20/11/2013";"06:05:00";"58";"com vítima";"8.1";"BR-392/RS";"Norte";"Colisão Traseira";1;0;0;0;0;0;0;0;0;0;0;2;0;0;0
"21/11/2013";"01:40:00";"7";"com vítima";"11.8";"BR-293/RS";"Norte";"Atropelamento de Animal";0;0;1;1;0;0;0;0;0;0;1;0;0;1;0
"21/11/2013";"10:19:00";"33";"sem vítima";"157";"BR-392/RS";"Sul";"Saída de Pista";2;0;0;0;0;0;0;0;0;0;2;0;0;0;0
"21/11/2013";"04:06:00";"63";"sem vítima";"199.9";"BR-392/RS";"Norte";"Abalr.Transversal";1;0;0;1;0;0;0;0;0;0;2;0;0;0;0
"22/11/2013";"06:56:00";"20";"com vítima";"6";"BR-392/RS";"Sul";"Abalr.Transversal";1;0;1;0;0;0;0;0;0;0;0;0;2;0;0
"22/11/2013";"09:33:00";"92";"sem vítima";"456.9";"BR-116/RS";"Sul";"Abalr.Mesmo Sentido";2;0;0;0;0;0;0;0;0;0;3;0;0;0;0
"23/11/2013";"07:08:00";"14";"sem vítima";"56.3";"BR-392/RS";"Sul";"Saída de Pista";3;0;0;0;0;0;0;0;0;0;3;0;0;0;0
"23/11/2013";"07:19:00";"16";"sem vítima";"93.9";"BR-293/RS";"Norte";"Colisão Frontal";2;0;0;0;0;0;0;0;0;0;2;0;0;0;0
"24/11/2013";"09:22:00";"17";"sem vítima";"88.4";"BR-392/RS";"Norte";"Abalr.Transversal";1;0;0;0;0;0;0;0;0;0;4;0;0;0;0
"24/11/2013";"03:37:00";"51";"sem vítima";"21.1";"BR-392/RS";"Sul";"Colisão Traseira";1;0;0;0;0;0;1;0;0;0;3;0;0;0;0
"24/11/2013";"09:27:00";"93";"com vítima";"11.6";"BR-293/RS";"Norte";"Tombamento";0;0;1;1;0;0;0;0;0;0;2;1;0;0;0
"24/11/2013";"11:11:00";"105";"sem vítima";"409.3";"BR-116/RS";"Norte";"Abalr.Mesmo Sentido";1;0;1;0;0;0;0;0;0;0;4;0;0;0;0
"25/11/2013";"04:06:00";"47";"sem vítima";"75.6";"BR-392/RS";"Sul";"Abalr.Mesmo Sentido";2;0;0;0;0;0;0;0;0;0;2;0;0;0;0
"25/11/2013";"09:04:00";"76";"sem vítima";"147.7";"BR-293/RS";"Norte";"Tombamento";1;0;0;0;0;0;0;0;0;0;3;0;0;0;0
"25/11/2013";"11:10:00";"83";"sem vítima";"510.4";"BR-116/RS";"Norte";"Abalr.Mesmo Sentido";1;0;0;0;0;0;0;0;0;0;2;0;0;0;0
"26/11/2013";"04:48:00";"62";"com vítima";"518.6";"BR-116/RS";"Norte";"Colisão Traseira";1;0;0;1;0;0;0;0;0;0;4;0;0;2;0
"26/11/2013";"05:04:00";"66";"com vítima";"16.1";"BR-392/RS";"Sul";"Abalr.Mesmo Sentido";2;0;0;0;0;0;0;0;0;0;0;2;0;1;0
"27/11/2013";"05:37:00";"47";"com vítima";"437.8";"BR-116/RS";"Norte";"Outros Tipos de Acidente";2;0;0;0;0;0;0;0;0;0;1;0;2;0;0
"27/11/2013";"09:39:00";"71";"com vítima";"43.9";"BR-293/RS";"Norte";"Abalr.Sentido Oposto";1;0;0;1;0;0;0;0;0;0;4;0;1;1;0
"28/11/2013";"09:39:00";"92";"sem vítima";"42";"BR-392/RS";"Norte";"Abalr.Transversal";2;0;0;0;0;0;0;0;0;0;5;0;0;0;0
"28/11/2013";"10:47:00";"96";"sem vítima";"39.4";"BR-392/RS";"Sul";"Atropelamento de Animal";1;0;0;0;0;0;0;0;0;0;2;0;0;0;0
"29/11/2013";"07:32:00";"22";"com vítima";"519";"BR-116/RS";"Norte";"Abalr.Transversal";1;0;0;0;0;0;0;0;0;0;2;2;0;0;0
"29/11/2013";"09:20:00";"26";"com vítima";"523.5";"BR-116/RS";"Norte";"Colisão Traseira";0;0;0;1;0;0;0;0;0;0;0;1;0;0;0
"29/11/2013";"12:23:00";"42";"com vítima";"497.8";"BR-116/RS";"Norte";"Colisão Traseira";1;0;1;0;0;0;0;0;0;0;3;2;1;0;0
"29/11/2013";"01:47:00";"53";"sem vítima";"597.1";"BR-116/RS";"Sul";"Saída de Pista";1;0;0;0;0;0;0;0;0;0;1;0;0;0;0
"29/11/2013";"06:05:00";"75";"sem vítima";"3.9";"BR-392/RS";"Sul";"Colisão Traseira";2;0;0;0;0;0;0;0;0;0;2;0;0;0;0
"30/11/2013";"12:22:00";"3";"sem vítima";"2.3";"BR-604/RS";"Sul";"Abalr.Transversal";0;0;1;0;0;0;0;0;0;0;1;0;0;0;0
"30/11/2013";"03:00:00";"9";"com vítima";"581.4";"BR-116/RS";"Sul";"Atropelamento de Animal";2;0;0;1;0;0;0;0;0;0;2;1;0;0;0
"30/11/2013";"09:59:00";"23";"com vítima";"566.6";"BR-116/RS";"Sul";"Saída de pista";1;0;0;1;0;0;0;0;0;0;1;2;0;0;0
"30/11/2013";"05:38:00";"81";"sem vítima";"182";"BR-392/RS";"Sul";"Saída de pista";0;0;1;0;0;0;0;0;0;0;1;0;0;0;0
"02/12/2013";"07:06:00";"15";"sem vítima";"529.2";"BR-116/RS";"Sul";"Atropelamento";1;0;0;0;0;0;0;0;0;0;1;0;0;0;0
"02/12/2013";"11:25:00";"36";"com vítima";"480.9";"BR-116/RS";"Norte";"Colisão Traseira";1;0;0;0;0;0;0;0;0;0;1;2;0;0;0
"02/12/2013";"11:55:00";"38";"sem vítima";"8.7";"BR-392/RS";"Sul";"Abalr.Transversal";1;0;0;0;0;0;0;0;0;0;2;0;0;0;0
"02/12/2013";"05:23:00";"64";"sem vítima";"33.5";"BR-392/RS";"Sul";"Tombamento";1;0;1;0;0;0;0;0;0;0;2;0;0;0;0
"02/12/2013";"08:20:00";"86";"com vítima";"485.7";"BR-116/RS";"Norte";"Abalr.Transversal";1;0;0;2;0;0;0;0;0;0;4;0;0;0;1
"03/12/2013";"04:48:00";"9";"com vítima";"506";"BR-116/RS";"Norte";"Outros tipos de acidente";0;0;0;1;1;0;0;0;0;0;6;0;1;1;0
"03/12/2013";"02:55:00";"58";"com vítima";"492.1";"BR-116/RS";"Norte";"Colisão Traseira";0;0;0;1;0;0;0;0;0;0;0;1;0;0;0
"03/12/2013";"07:52:00";"85";"sem vítima";"628.6";"BR-116/RS";"Norte";"Saída de Pista";1;0;0;0;0;0;0;0;0;0;3;0;0;0;0
"04/12/2013";"01:47:00";"16";"com vítima";"7.8";"BR-392/RS";"Norte";"Colisão Frontal";1;0;0;1;0;0;0;0;0;0;1;1;0;0;0
"04/12/2013";"11:56:00";"50";"com vítima";"578";"BR-116/RS";"Sul";"Colisão Frontal";1;0;0;0;0;1;0;0;0;0;1;1;0;0;0
"04/12/2013";"08:53:00";"99";"com vítima";"43.2";"BR-392/RS";"Sul";"Outros tipos de acidente";1;0;1;0;0;0;0;0;0;0;3;1;0;0;0
"05/12/2013";"05:35:00";"13";"com vítima";"102";"BR-392/RS";"Sul";"Saída de Pista";0;1;0;0;1;0;0;0;0;0;1;1;0;0;0
"05/12/2013";"04:09:00";"67";"sem vítima";"613.1";"BR-116/RS";"Norte";"Abalr.Transversal";1;0;0;0;0;0;0;0;0;0;2;0;0;0;0
"05/12/2013";"08:46:00";"100";"com vítima";"454.8";"BR-116/RS";"Norte";"Abalr.Transversal";1;0;0;0;0;0;0;0;0;0;0;1;0;0;0
"06/12/2013";"07:52:00";"29";"com vítima";"525.6";"BR-116/RS";"Sul";"Outros tipos de acidente";2;0;0;0;0;0;0;0;0;0;2;3;1;0;0
"06/12/2013";"09:06:00";"36";"com vítima";"45.5";"BR-392/RS";"Norte";"Colisão Traseira";1;0;0;1;0;0;0;0;0;0;1;1;0;0;0
"06/12/2013";"09:51:00";"45";"sem vítima";"27.6";"BR-392/RS";"Norte";"Abalr.Transversal";2;0;0;0;0;0;0;0;0;0;5;0;0;0;0
"06/12/2013";"01:22:00";"63";"sem vítima";"17.1";"BR-392/RS";"Sul";"Abalr.Mesmo Sentido";1;0;0;0;1;0;0;0;0;0;37;0;0;0;0
"06/12/2013";"04:18:00";"73";"sem vítima";"456.7";"BR-116/RS";"Sul";"Abalr.Mesmo Sentido";1;0;0;0;0;0;0;0;0;0;3;0;0;0;0
"06/12/2013";"05:04:00";"77";"com vítima";"66.8";"BR-392/RS";"Norte";"Abalr.Transversal";1;0;0;0;0;0;0;0;0;0;1;0;1;0;1
"07/12/2013";"08:43:00";"97";"sem vítima";"66.9";"BR-392/RS";"Sul";"Abalr.Transversal";2;0;0;0;0;0;0;0;0;0;5;0;0;0;0
"08/12/2013";"03:39:00";"11";"com vítima";"473";"BR-116/RS";"Sul";"Saída de Pista";0;0;0;1;0;0;0;0;0;0;0;2;0;0;0
"08/12/2013";"04:21:00";"13";"com vítima";"22.9";"BR-392/RS";"Norte";"Atropelamento de Animal";1;0;0;0;0;0;0;0;0;0;0;1;1;0;0
"08/12/2013";"07:00:00";"20";"com vítima";"522.5";"BR-116/RS";"Sul";"Colisão com objeto fixo";1;0;0;0;0;0;0;0;0;0;0;3;0;0;0
"08/12/2013";"08:33:00";"26";"com vítima";"31.1";"BR-392/RS";"Sul";"Colisão Traseira";1;0;1;0;0;0;0;0;0;0;1;0;2;3;0
"08/12/2013";"03:05:00";"59";"com vítima";"24.1";"BR-392/RS";"Norte";"Abalr.Transversal";0;0;1;0;0;0;0;0;0;0;0;1;1;0;0
"08/12/2013";"03:51:00";"70";"com vítima";"17.9";"BR-392/RS";"Sul";"Capotamento";0;0;0;1;0;0;0;0;0;0;0;0;0;0;1
"08/12/2013";"08:35:00";"109";"sem vítima";"4.9";"BR-604/RS";"Sul";"Abalr.Transversal";0;0;2;0;0;0;0;0;0;0;2;0;0;0;0
"09/12/2013";"02:37:00";"53";"com vítima";"15.6";"BR-293/RS";"Norte";"Colisão Traseira";0;0;1;0;0;1;0;0;0;0;2;1;0;0;0
"09/12/2013";"04:03:00";"60";"com vítima";"158.2";"BR-392/RS";"Sul";"Saída de Pista";1;0;0;0;0;0;0;0;0;0;0;3;0;0;0
"09/12/2013";"05:05:00";"62";"sem vítima";"510.2";"BR-116/RS";"Sul";"Colisão com objeto fixo";1;0;0;0;0;0;0;0;0;0;1;0;0;0;0
"10/12/2013";"02:58:00";"3";"sem vítima";"99.7";"BR-293/RS";"Norte";"Saída de Pista";3;0;0;0;0;0;0;0;0;0;6;0;0;0;0
"10/12/2013";"08:45:00";"22";"sem vítima";"101.9";"BR-392/RS";"Sul";"Saída de Pista";0;0;0;1;0;0;0;0;0;0;1;0;0;0;0
"11/12/2013";"08:15:00";"101";"sem vítima";"501.7";"BR-116/RS";"Norte";"Saída de Pista";0;0;1;0;0;1;0;0;0;0;2;0;0;0;0
"12/12/2013";"12:13:00";"4";"com vítima";"2";"BR-604/RS";"Sul";"Abalr.Transversal";1;1;0;0;0;0;0;0;0;0;2;1;0;0;0
"12/12/2013";"07:05:00";"29";"sem vítima";"33.8";"BR-392/RS";"Sul";"Tombamento";0;0;0;1;0;0;0;0;0;0;1;0;0;0;0
"12/12/2013";"07:54:00";"32";"com vítima";"26.6";"BR-293/RS";"Norte";"Saída de Pista";0;0;0;2;0;0;0;0;0;0;2;0;1;0;0
"12/12/2013";"02:01:00";"63";"sem vítima";"611.3";"BR-116/RS";"Norte";"Saída de Pista";2;0;0;0;0;0;0;0;0;0;2;0;0;0;0
"12/12/2013";"05:22:00";"87";"com vítima";"35.6";"BR-293/RS";"Norte";"Colisão com objeto fixo";1;0;0;0;0;0;0;0;0;0;0;1;0;0;0
"13/12/2013";"02:51:00";"12";"sem vítima";"528.5";"BR-116/RS";"Sul";"Atropelamento de Animal";2;0;0;0;0;0;0;0;0;0;5;0;0;0;0
"14/12/2013";"05:12:00";"13";"com vítima";"7.2";"BR-392/RS";"Sul";"Colisão Traseira";1;0;0;0;0;0;0;0;0;0;1;1;0;0;0
"14/12/2013";"10:15:00";"108";"com vítima";"468.3";"BR-116/RS";"Norte";"Saída de Pista";0;0;0;1;0;0;0;0;0;0;0;0;1;0;0
"15/12/2013";"06:13:00";"84";"sem vítima";"2.2";"BR-392/RS";"Sul";"Abalr.Transversal";1;0;0;0;0;0;0;0;0;0;1;0;0;0;0
"16/12/2013";"05:28:00";"10";"com vítima";"482.6";"BR-116/RS";"Sul";"Saída de Pista";1;0;1;0;0;0;0;0;0;0;2;2;0;0;0
"16/12/2013";"05:30:00";"11";"com vítima";"529.5";"BR-116/RS";"Sul";"Saída de Pista";0;0;0;1;0;0;0;0;0;0;0;0;2;0;0
"16/12/2013";"02:39:00";"69";"com vítima";"482.6";"BR-116/RS";"Sul";"Colisão Traseira";2;0;0;0;0;0;0;0;0;0;4;3;2;0;0
"17/12/2013";"09:59:00";"22";"sem vítima";"34.2";"BR-293/RS";"Norte";"Saída de Pista";1;0;0;0;0;0;0;0;0;0;1;0;0;0;0
"17/12/2013";"10:50:00";"31";"com vítima";"54.8";"BR-392/RS";"Sul";"Saída de Pista";1;0;0;0;0;0;0;0;0;0;6;0;0;0;1
"17/12/2013";"04:03:00";"59";"sem vítima";"75.5";"BR-392/RS";"Norte";"Colisão Traseira";1;0;0;0;0;0;0;0;0;0;1;0;0;0;0
"17/12/2013";"05:27:00";"70";"sem vítima";"494.1";"BR-116/RS";"Sul";"Colisão Traseira";2;0;0;0;0;0;0;0;0;0;5;0;0;0;0
"17/12/2013";"07:06:00";"81";"sem vítima";"17.8";"BR-392/RS";"Norte";"Abalr.Transversal";1;0;0;0;0;0;0;0;0;0;3;0;0;0;0
"17/12/2013";"11:35:00";"107";"sem vítima";"29";"BR-293/RS";"Norte";"Atropelamento de Animal";0;0;1;0;0;0;0;0;0;0;1;0;0;0;0
"18/12/2013";"06:52:00";"7";"sem vítima";"470.7";"BR-116/RS";"Norte";"Colisão Traseira";2;0;0;0;0;0;0;0;0;0;2;0;0;0;0
"18/12/2013";"11:13:00";"34";"com vítima";"469.1";"BR-116/RS";"Sul";"Abalr.Mesmo Sentido";2;0;0;0;0;0;0;0;0;0;1;1;0;0;0
"18/12/2013";"07:50:00";"82";"sem vítima";"67";"BR-392/RS";"Sul";"Abalr.Transversal";1;0;0;0;0;0;0;0;0;0;1;0;0;0;0
"19/12/2013";"01:58:00";"62";"sem vítima";"557.2";"BR-116/RS";"Sul";"Abalr.Mesmo Sentido";1;0;0;0;0;0;0;0;0;0;1;0;0;0;0
"20/12/2013";"11:53:00";"52";"sem vítima";"95.9";"BR-392/RS";"Norte";"Abalr.Mesmo Sentido";1;0;0;0;0;0;0;0;0;0;4;0;0;0;0
"20/12/2013";"01:36:00";"64";"sem vítima";"490.5";"BR-116/RS";"Norte";"Saída de Pista";1;0;0;0;0;0;0;0;0;0;1;0;0;0;0
"20/12/2013";"04:02:00";"80";"com vítima";"517.3";"BR-116/RS";"Sul";"Colisão Traseira";0;0;0;1;0;0;0;0;0;0;0;2;0;0;0
"20/12/2013";"11:43:00";"120";"com vítima";"4";"BR-392/RS";"Sul";"Colisão Traseira";0;0;0;1;0;0;0;0;0;0;0;1;0;0;0
"21/12/2013";"05:26:00";"73";"com vítima";"14.9";"BR-293/RS";"Norte";"Abalr.Transversal";1;1;0;0;0;0;0;0;0;0;1;0;1;0;0
"21/12/2013";"11:57:00";"111";"sem vítima";"36.7";"BR-293/RS";"Norte";"Saída de Pista";1;0;1;0;0;0;0;0;0;0;2;0;0;0;0
"22/12/2013";"10:13:00";"33";"sem vítima";"633.6";"BR-116/RS";"Sul";"Atropelamento de Animal";1;0;0;0;0;0;0;0;0;0;1;0;0;0;0
"23/12/2013";"01:10:00";"53";"com vítima";"67";"BR-392/RS";"Norte";"Abalr.Transversal";1;0;0;0;0;0;0;0;0;0;0;2;0;0;0
"23/12/2013";"05:55:00";"72";"sem vítima";"425";"BR-116/RS";"Sul";"Abalr.Transversal";1;0;0;0;0;0;0;0;0;0;1;0;0;0;0
"24/12/2013";"09:12:00";"23";"sem vítima";"511.5";"BR-116/RS";"Norte";"Colisão Traseira";1;0;0;0;0;0;0;0;0;0;2;0;0;0;0
"24/12/2013";"12:52:00";"36";"com vítima";"77.9";"BR-392/RS";"Sul";"Tombamento";0;0;1;0;0;0;0;0;0;0;0;0;2;0;0
"24/12/2013";"02:07:00";"43";"com vítima";"466.7";"BR-116/RS";"Norte";"Saída de Pista";1;0;0;1;0;0;0;0;0;0;4;2;0;0;0
"25/12/2013";"12:15:00";"30";"sem vítima";"17.3";"BR-392/RS";"Sul";"Colisão Traseira";1;0;0;0;1;0;0;0;0;0;22;0;0;0;0
"26/12/2013";"01:34:00";"4";"sem vítima";"97.2";"BR-392/RS";"Norte";"Saída de Pista";1;0;0;0;1;0;0;0;0;0;41;0;0;0;0
"26/12/2013";"10:32:00";"27";"com vítima";"2.1";"BR-604/RS";"Sul";"Outros tipos de acidente";1;0;0;0;0;0;0;0;0;0;0;1;0;0;0
"26/12/2013";"10:29:00";"111";"sem vítima";"460.4";"BR-116/RS";"Norte";"Abalr.Mesmo Sentido";2;0;0;0;0;0;0;0;0;0;5;0;0;0;0
"27/12/2013";"08:30:00";"19";"sem vítima";"523.9";"BR-116/RS";"Sul";"Abalr.Transversal";1;0;0;0;0;0;0;0;0;0;4;0;0;0;0
"27/12/2013";"06:01:00";"71";"com vítima";"101.8";"BR-392/RS";"Sul";"Saída de Pista";2;0;0;0;0;0;0;0;0;0;0;5;0;0;0
"27/12/2013";"09:38:00";"87";"com vítima";"552";"BR-116/RS";"Sul";"Saída de Pista";0;0;1;0;0;0;0;0;0;0;0;1;0;0;0
"28/12/2013";"08:21:00";"18";"sem vítima";"129";"BR-293/RS";"Norte";"Colisão Traseira";1;0;0;0;0;0;0;0;0;0;2;0;0;0;0
"28/12/2013";"06:13:00";"70";"com vítima";"16";"BR-293/RS";"Norte";"Colisão Traseira";0;0;0;1;0;0;0;0;0;0;0;0;1;0;0
"29/12/2013";"08:22:00";"22";"sem vítima";"44";"BR-293/RS";"Norte";"Saída de Pista";1;0;0;0;0;0;0;0;0;0;1;0;0;0;0
"29/12/2013";"03:20:00";"56";"sem vítima";"412";"BR-116/RS";"Sul";"Saída de Pista";1;0;0;0;0;0;0;0;0;0;1;0;0;0;0
"29/12/2013";"06:05:00";"87";"com vítima";"76.4";"BR-392/RS";"Sul";"Colisão Traseira";0;0;1;0;0;0;1;0;0;0;1;0;0;1;1
"29/12/2013";"06:24:00";"90";"com vítima";"76.2";"BR-392/RS";"Sul";"Colisão Traseira";1;0;0;1;0;0;0;0;0;0;2;0;1;0;0
"29/12/2013";"07:01:00";"94";"com vítima";"2.4";"BR-604/RS";"Sul";"Abalr.Transversal";0;0;0;1;0;0;0;0;0;0;0;1;0;0;0
"30/12/2013";"03:19:00";"9";"sem vítima";"66.9";"BR-392/RS";"Sul";"Saída de Pista";2;0;0;0;0;0;0;0;0;0;3;0;0;0;0
"31/12/2013";"09:08:00";"30";"com vítima";"424.6";"BR-116/RS";"Sul";"Saída de Pista";1;0;0;0;0;0;0;0;0;0;0;0;1;0;0
"31/12/2013";"09:51:00";"34";"com vítima";"121.6";"BR-293/RS";"Norte";"Saída de Pista";1;0;0;0;0;0;0;0;0;0;0;1;0;0;0
"31/12/2013";"09:54:00";"36";"com vítima";"57.3";"BR-392/RS";"Sul";"Saída de Pista";0;0;1;0;0;0;0;0;0;0;0;3;0;0;0
"31/12/2013";"09:58:00";"102";"sem vítima";"427.3";"BR-116/RS";"Sul";"Abalr.Transversal";0;0;1;0;0;0;0;0;0;0;1;0;0;0;0
"01/01/2014";"04:31:00";"13";"sem vítima";"525.2";"BR-116/RS";"Norte";"Colisão com Objeto Fixo";0;0;2;0;0;0;0;0;0;0;2;0;0;0;0
"01/01/2014";"02:53:00";"40";"com vítima";"196";"BR-392/RS";"Sul";"Saída de pista";0;0;1;0;0;1;0;0;0;0;1;1;0;0;0
"01/01/2014";"11:06:00";"103";"sem vítima";"36.9";"BR-392/RS";"Sul";"Atropelamento de Animal";1;0;0;0;0;0;0;0;0;0;2;0;0;0;0
"02/01/2014";"07:35:00";"15";"sem vítima";"125.1";"BR-392/RS";"Sul";"Saída de pista";1;0;0;0;0;0;0;0;0;0;2;0;0;0;0
"02/01/2014";"12:46:00";"44";"sem vítima";"2.4";"BR-392/RS";"Norte";"Abalr.Mesmo Sentido";1;0;0;0;0;0;0;0;0;0;1;0;0;0;0
"02/01/2014";"04:42:00";"64";"com vítima";"497.9";"BR-116/RS";"Norte";"Saída de pista";0;0;1;0;0;0;0;0;0;0;1;1;0;0;0
"02/01/2014";"05:59:00";"69";"com vítima";"107.7";"BR-392/RS";"Sul";"Saída de pista";0;0;0;1;0;0;0;0;0;0;0;0;1;0;0
"02/01/2014";"06:47:00";"77";"com vítima";"460.6";"BR-116/RS";"Sul";"Saída de pista";1;0;0;0;0;0;0;0;0;0;0;2;0;0;0
"03/01/2014";"03:11:00";"39";"sem vítima";"627.1";"BR-116/RS";"Norte";"Saída de pista";1;0;1;0;0;0;0;0;0;0;4;0;0;0;0
"03/01/2014";"07:49:00";"73";"com vítima";"27.7";"BR-392/RS";"Norte";"Colisão Frontal";1;0;0;0;0;0;1;0;0;0;3;2;0;0;0
"04/01/2014";"10:06:00";"36";"com vítima";"87.6";"BR-392/RS";"Sul";"Abalr.Transversal";1;0;0;0;0;0;0;0;0;0;0;1;0;0;0
"05/01/2014";"05:52:00";"11";"sem vítima";"6.5";"BR-392/RS";"Sul";"Colisão com Objeto Fixo";1;0;0;1;0;0;0;0;0;0;4;0;0;0;0
"05/01/2014";"07:38:00";"15";"com vítima";"66.9";"BR-392/RS";"Norte";"Abalr.Transversal";2;0;0;0;0;0;0;0;0;0;2;1;0;0;0