data;horario;n_da_ocorrencia;tipo_de_ocorrencia;km;trecho;sentido;tipo_de_acidente;automovel;bicicleta;caminhao;moto;onibus;outros;tracao_animal;transporte_de_cargas_especiais;trator_maquinas;utilitarios;ilesos;levemente_feridos;moderadamente_feridos;gravemente_feridos;mortos
"05/01/2014";"07:44:00";"82";"sem vítima";"26.9";"BR-392/RS";"Sul";"Colisão traseira";0;0;1;0;1;0;0;0;0;0;51;0;0;0;0
"07/01/2014";"09:30:00";"29";"sem vítima";"62.1";"BR-392/RS";"Sul";"Colisão traseira";1;0;0;0;0;0;0;0;0;0;1;0;0;0;0
"07/01/2014";"11:28:00";"95";"com vítima";"441.1";"BR-116/RS";"Norte";"Saída de Pista";0;0;1;0;0;0;0;0;0;0;0;1;0;0;0
"08/01/2014";"01:08:00";"2";"sem vítima";"441.1";"BR-116/RS";"Norte";"Saída de pista";1;0;0;0;1;0;0;0;0;0;13;0;0;0;0
"08/01/2014";"06:30:00";"17";"sem vítima";"31.8";"BR-392/RS";"Sul";"Saída de pista";2;0;0;0;0;0;0;0;0;0;3;0;0;0;0
"09/01/2014";"08:38:00";"93";"sem vítima";"1";"BR-604/RS";"Sul";"Colisão traseira";3;0;0;0;0;0;0;0;0;0;3;0;0;0;0
"10/01/2014";"10:30:00";"26";"sem vítima";"89.2";"BR-293/RS";"Norte";"Saída de pista";0;0;0;1;0;0;0;0;0;0;1;0;0;0;0
"10/01/2014";"12:56:00";"35";"sem vítima";"101.8";"BR-392/RS";"Sul";"Saída de pista";2;0;0;0;0;0;0;0;0;0;3;0;0;0;0
"10/01/2014";"01:55:00";"37";"com vítima";"151";"BR-392/RS";"Norte";"Saída de pista";2;0;0;0;0;0;0;0;0;0;2;0;1;0;0
"10/01/2014";"04:53:00";"53";"sem vítima";"422.6";"BR-116/RS";"Norte";"Colisão traseira";1;0;1;0;1;0;0;0;0;0;3;0;0;0;0
"11/01/2014";"09:50:00";"24";"com vítima";"2.1";"BR-604/RS";"Sul";"Saída de pista";2;0;0;0;0;0;0;0;0;0;16;1;0;0;0
"11/01/2014";"02:07:00";"50";"com vítima";"471.9";"BR-116/RS";"Sul";"Colisão traseira";1;0;0;0;0;0;0;0;0;0;0;1;0;0;0
"11/01/2014";"04:55:00";"59";"com vítima";"428";"BR-116/RS";"Sul";"Colisão Traseira";1;0;0;0;0;0;0;0;0;0;0;0;1;0;0
"11/01/2014";"06:20:00";"69";"sem vítima";"442";"BR-116/RS";"Sul";"Saída de pista";1;0;0;0;0;0;0;0;0;0;1;0;0;0;0
"11/01/2014";"07:44:00";"76";"sem vítima";"427.5";"BR-116/RS";"Sul";"Colisão traseira";1;0;0;0;0;0;0;0;0;0;1;0;0;0;0
"12/01/2014";"06:53:00";"8";"sem vítima";"516.9";"BR-116/RS";"Norte";"Abalr.Transversal";1;0;0;0;0;0;0;0;0;0;1;0;0;0;0
"12/01/2014";"07:30:00";"9";"sem vítima";"418.2";"BR-116/RS";"Sul";"Saída de pista";1;0;0;0;0;0;0;0;0;0;1;0;0;0;0
"12/01/2014";"12:28:00";"32";"sem vítima";"66.5";"BR-293/RS";"Norte";"Saída de pista";1;0;0;0;0;0;0;0;0;0;5;0;0;0;0
"12/01/2014";"02:12:00";"38";"sem vítima";"441.1";"BR-116/RS";"Norte";"Tombamento";1;0;0;1;0;0;0;0;0;0;3;0;0;0;0
"12/01/2014";"03:15:00";"42";"sem vítima";"65.2";"BR-392/RS";"Norte";"Tombamento";1;0;0;0;0;0;0;0;0;0;1;0;0;0;0
"13/01/2014";"05:00:00";"9";"com vítima";"103.3";"BR-392/RS";"Sul";"Saída de Pista";1;0;1;0;0;0;0;0;0;0;2;0;1;0;0
"13/01/2014";"10:08:00";"30";"sem vítima";"101.8";"BR-392/RS";"Sul";"Colisão traseira";2;0;0;0;0;0;0;0;0;0;4;0;0;0;0
"13/01/2014";"12:03:00";"38";"com vítima";"441";"BR-116/RS";"Norte";"Saída de Pista";1;0;0;1;0;0;0;0;0;0;1;1;1;0;0
"13/01/2014";"12:51:00";"42";"sem vítima";"441";"BR-116/RS";"Norte";"Abalr.Mesmo Sentido";1;0;0;0;0;0;0;0;0;0;1;0;0;0;0
"13/01/2014";"01:22:00";"45";"sem vítima";"441";"BR-116/RS";"Norte";"Saída de Pista";1;0;0;0;0;0;0;0;0;0;2;0;0;0;0
"14/01/2014";"01:03:00";"8";"sem vítima";"101.8";"BR-392/RS";"Sul";"Saída de Pista";0;0;1;0;0;0;0;0;0;0;1;0;0;0;0
"14/01/2014";"08:04:00";"25";"com vítima";"423.7";"BR-116/RS";"Norte";"Colisão traseira";1;0;0;1;0;0;0;0;0;0;1;0;1;0;0
"14/01/2014";"08:22:00";"23";"com vítima";"423.7";"BR-116/RS";"Norte";"Colisão traseira";0;0;1;1;0;0;0;0;0;0;1;0;0;1;0
"14/01/2014";"10:03:00";"33";"sem vítima";"423.7";"BR-116/RS";"Norte";"Colisão traseira";1;0;0;0;0;0;0;0;0;0;1;0;0;0;0
"14/01/2014";"12:17:00";"47";"com vítima";"107.7";"BR-392/RS";"Norte";"Colisão traseira";2;0;0;0;0;0;0;0;0;0;2;0;1;1;0
"14/01/2014";"03:06:00";"55";"com vítima";"516.9";"BR-116/RS";"Norte";"Abalr.Transversal";1;0;0;0;0;0;0;0;0;0;0;0;1;0;0
"14/01/2014";"03:31:00";"57";"com vítima";"530.5";"BR-116/RS";"Norte";"Abalr.Transversal";0;0;0;1;0;0;0;0;0;0;0;1;1;0;0
"14/01/2014";"05:26:00";"66";"sem vítima";"49.2";"BR-392/RS";"Norte";"Saída de Pista";1;0;0;0;0;0;0;0;0;0;4;0;0;0;0
"14/01/2014";"06:49:00";"71";"sem vítima";"519.3";"BR-116/RS";"Norte";"Abalr.Transversal";0;0;1;0;0;0;0;0;0;0;1;0;0;0;0
"15/01/2014";"08:14:00";"16";"sem vítima";"8.9";"BR-392/RS";"Sul";"Colisão traseira";1;0;0;0;0;0;0;0;0;0;1;0;0;0;0
"15/01/2014";"08:46:00";"18";"sem vítima";"112.5";"BR-293/RS";"Norte";"Saída de pista";1;0;1;0;0;0;0;0;0;0;4;0;0;0;0
"15/01/2014";"06:48:00";"56";"sem vítima";"46.6";"BR-392/RS";"Norte";"Tombamento";1;0;1;0;0;0;0;0;0;0;3;0;0;0;0
"16/01/2014";"03:18:00";"13";"com vítima";"426.2";"BR-116/RS";"Norte";"Atropelamento de Animal";1;0;1;0;0;0;0;0;0;0;1;0;1;0;0
"16/01/2014";"07:29:00";"19";"sem vítima";"23.8";"BR-392/RS";"Sul";"Colisão traseira";2;0;1;0;0;0;0;0;0;0;5;0;0;0;0
"16/01/2014";"11:16:00";"43";"sem vítima";"524.3";"BR-116/RS";"Norte";"Abalr.Transversal";1;0;0;0;1;0;0;0;0;0;3;0;0;0;0
"16/01/2014";"11:53:00";"114";"com vítima";"117.8";"BR-392/RS";"Norte";"Tombamento";0;0;0;1;1;0;0;0;0;0;19;0;0;0;1
"17/01/2014";"07:40:00";"18";"com vítima";"17.1";"BR-392/RS";"Sul";"Saída de pista";0;0;1;0;0;0;0;0;0;0;0;0;1;1;0
"17/01/2014";"11:46:00";"36";"sem vítima";"526.8";"BR-116/RS";"Norte";"Abalr.Transversal";1;0;0;0;0;0;0;0;0;0;1;0;0;0;0
"17/01/2014";"07:08:00";"96";"sem vítima";"509.2";"BR-116/RS";"Norte";"Colisão traseira";2;0;0;0;0;0;0;0;0;0;3;0;0;0;0
"17/01/2014";"07:48:00";"100";"sem vítima";"524.6";"BR-116/RS";"Sul";"Atropelamento de Animal";1;0;0;0;0;0;0;0;0;0;3;0;0;0;0
"18/01/2014";"06:48:00";"15";"sem vítima";"16.2";"BR-392/RS";"Sul";"Tombamento";0;0;1;0;0;0;0;0;0;0;2;0;0;0;0
"18/01/2014";"07:45:00";"101";"sem vítima";"160.4";"BR-392/RS";"Sul";"Colisão com Objeto Fixo";1;0;0;1;0;0;0;0;0;0;2;0;0;0;0
"19/01/2014";"06:04:00";"15";"sem vítima";"411.9";"BR-116/RS";"Sul";"Saída de pista";0;0;1;0;0;0;0;0;0;0;1;0;0;0;0
"19/01/2014";"05:00:00";"72";"sem vítima";"495";"BR-116/RS";"Sul";"Colisão traseira";1;0;0;0;0;0;0;0;0;0;1;0;0;0;0
"19/01/2014";"05:46:00";"81";"sem vítima";"639";"BR-116/RS";"Norte";"Saída de Pista";0;0;1;0;0;0;0;0;0;0;1;0;0;0;0
"19/01/2014";"09:11:00";"110";"sem vítima";"19.2";"BR-392/RS";"Norte";"Colisão traseira";1;0;1;0;0;0;0;0;0;0;2;0;0;0;0
"19/01/2014";"09:20:00";"112";"com vítima";"27.6";"BR-392/RS";"Sul";"Abalr.Transversal";0;0;1;1;0;0;0;0;0;0;1;2;0;0;0
"19/01/2014";"09:49:00";"117";"sem vítima";"99.5";"BR-392/RS";"Norte";"Saída de pista";1;0;0;0;0;0;0;0;0;0;1;0;0;0;0
"21/01/2014";"01:37:00";"4";"sem vítima";"150";"BR-392/RS";"Sul";"Tombamento";1;0;0;0;0;0;0;0;0;0;3;0;0;0;0
"21/01/2014";"09:14:00";"26";"sem vítima";"635.5";"BR-116/RS";"Sul";"Colisão traseira";0;0;1;0;0;0;0;0;0;0;1;0;0;0;0
"21/01/2014";"08:19:00";"87";"sem vítima";"93.7";"BR-392/RS";"Sul";"Saída de pista";1;0;0;1;0;0;0;0;0;0;2;0;0;0;0
"23/01/2014";"09:30:00";"28";"com vítima";"405.1";"BR-116/RS";"Norte";"Colisão traseira";1;0;1;2;0;0;0;0;0;0;3;2;0;1;0
"23/01/2014";"11:47:00";"44";"com vítima";"451.4";"BR-116/RS";"Norte";"Saída de pista";0;0;0;1;0;0;0;0;0;0;0;1;0;0;0
"23/01/2014";"01:46:00";"54";"com vítima";"99.5";"BR-392/RS";"Sul";"Tombamento";1;0;0;0;0;0;0;0;0;0;0;1;0;0;0
"24/01/2014";"11:12:00";"29";"sem vítima";"416.7";"BR-116/RS";"Norte";"Tombamento";1;0;0;0;0;0;0;0;0;0;3;0;0;0;0
"24/01/2014";"06:09:00";"68";"com vítima";"525.5";"BR-116/RS";"Sul";"Colisão traseira";1;0;0;0;0;0;0;0;0;0;0;1;0;0;0
"25/01/2014";"01:06:00";"5";"sem vítima";"167.2";"BR-392/RS";"Norte";"Saída de pista";1;0;0;0;0;1;0;0;0;0;2;0;0;0;0
"25/01/2014";"08:47:00";"16";"sem vítima";"633.4";"BR-116/RS";"Norte";"Tombamento";1;0;0;0;0;1;0;0;0;0;4;0;0;0;0
"25/01/2014";"05:28:00";"66";"sem vítima";"3.9";"BR-392/RS";"Sul";"Colisão traseira";2;0;0;0;0;0;0;0;0;0;2;0;0;0;0
"26/01/2014";"04:07:00";"43";"sem vítima";"63.6";"BR-293/RS";"Norte";"Saída de Pista";2;0;0;0;0;0;0;0;0;0;2;0;0;0;0
"26/01/2014";"04:44:00";"48";"sem vítima";"12.1";"BR-392/RS";"Norte";"Saída de pista";0;0;1;0;0;0;0;0;0;0;1;0;0;0;0
"26/01/2014";"08:19:00";"72";"sem vítima";"523.5";"BR-116/RS";"Norte";"Abalr.Transversal";1;0;2;0;0;0;0;0;0;0;3;0;0;0;0
"27/01/2014";"12:12:00";"2";"sem vítima";"514.8";"BR-116/RS";"Sul";"Colisão traseira";1;0;0;0;0;0;0;0;0;0;1;0;0;0;0
"27/01/2014";"03:28:00";"63";"sem vítima";"525.9";"BR-116/RS";"Norte";"Abalr.Transversal";1;0;0;0;0;0;0;0;0;0;3;0;0;0;0
"27/01/2014";"04:52:00";"70";"sem vítima";"412.8";"BR-116/RS";"Sul";"Abalr.Sentido Oposto";1;0;0;0;0;0;0;0;0;0;2;0;0;0;0
"27/01/2014";"06:38:00";"79";"com vítima";"1";"BR-604/RS";"Sul";"Colisão traseira";0;0;0;1;0;0;0;0;0;0;0;1;0;0;0
"28/01/2014";"01:15:00";"3";"com vítima";"99.5";"BR-392/RS";"Sul";"Tombamento";0;0;1;1;0;0;0;0;0;0;1;1;1;0;0
"28/01/2014";"10:28:00";"32";"com vítima";"81.5";"BR-392/RS";"Sul";"Saída de pista";1;0;0;0;0;0;0;0;0;0;0;1;0;0;0
"28/01/2014";"07:40:00";"97";"sem vítima";"1";"BR-604/RS";"Sul";"Abalr.Transversal";1;0;1;0;0;0;0;0;0;0;3;0;0;0;0
"29/01/2014";"10:43:00";"32";"sem vítima";"625";"BR-116/RS";"Sul";"Saída de pista";1;0;0;0;0;0;0;0;0;0;5;0;0;0;0
"29/01/2014";"10:53:00";"33";"sem vítima";"574.4";"BR-116/RS";"Sul";"Saída de pista";2;0;0;0;1;0;0;0;0;0;34;0;0;0;0
"29/01/2014";"03:11:00";"58";"sem vítima";"442.8";"BR-116/RS";"Norte";"Saída de pista";0;0;1;0;0;0;0;0;0;0;1;0;0;0;0
"29/01/2014";"06:34:00";"89";"com vítima";"72.1";"BR-392/RS";"Sul";"Tombamento";0;0;0;1;0;0;1;0;0;0;0;0;1;0;1
"29/01/2014";"07:44:00";"95";"com vítima";"519.2";"BR-116/RS";"Norte";"Abalr.Transversal";2;0;0;0;0;0;0;0;0;0;5;2;0;0;0
"30/01/2014";"03:31:00";"11";"sem vítima";"50.6";"BR-392/RS";"Norte";"Saída de pista";1;0;0;0;0;0;0;0;0;0;3;0;0;0;0
"31/01/2014";"10:56:00";"31";"sem vítima";"516.9";"BR-116/RS";"Norte";"Abalr.Transversal";1;0;1;0;0;0;0;0;0;0;3;0;0;0;0
"31/01/2014";"11:43:00";"38";"com vítima";"63.9";"BR-293/RS";"Norte";"Saída de pista";0;0;0;1;0;0;0;0;0;0;0;1;0;0;0
"01/02/2014";"03:09:00";"14";"sem vítima";"104.5";"BR-392/RS";"Sul";"Saída de Pista";0;0;0;0;1;0;0;0;0;0;1;0;0;0;0
"01/02/2014";"10:17:00";"30";"com vítima";"427.4";"BR-116/RS";"Sul";"Abalr.Transversal";0;0;0;1;0;0;0;0;0;0;1;1;0;0;0
"01/02/2014";"10:22:00";"31";"sem vítima";"611.7";"BR-116/RS";"Sul";"Abalr.Transversal";0;0;2;0;0;0;0;0;0;0;3;0;0;0;0
"01/02/2014";"03:51:00";"62";"com vítima";"88.2";"BR-392/RS";"Norte";"Colisão Traseira";2;0;0;0;0;0;0;0;0;0;6;1;0;0;0
"01/02/2014";"11:53:00";"98";"sem vítima";"41.8";"BR-293/RS";"Norte";"Colisão Traseira";2;0;0;0;0;0;0;0;0;0;6;0;0;0;0
"02/02/2014";"03:18:00";"44";"com vítima";"610.2";"BR-116/RS";"Sul";"Saída de Pista";1;0;1;1;0;0;0;0;0;0;4;1;0;0;0
"03/02/2014";"03:43:00";"57";"com vítima";"82.8";"BR-392/RS";"Norte";"Saída de Pista";1;0;0;0;0;0;0;0;0;0;0;1;0;0;0
"03/02/2014";"08:32:00";"93";"sem vítima";"85.3";"BR-392/RS";"Norte";"Saída de Pista";1;0;0;0;0;0;0;0;0;0;1;0;0;0;0
"05/02/2014";"03:02:00";"5";"sem vítima";"526.8";"BR-116/RS";"Norte";"Atropelamento de Animal";1;0;0;0;0;0;0;0;0;0;1;0;0;0;0
"05/02/2014";"07:04:00";"13";"sem vítima";"14.9";"BR-392/RS";"Sul";"Colisão Traseira";2;0;1;0;0;0;0;0;0;0;3;0;0;0;0
"05/02/2014";"05:43:00";"71";"com vítima";"511.1";"BR-116/RS";"Norte";"Colisão Traseira";1;0;0;0;0;0;0;0;0;0;0;1;0;0;0
"05/02/2014";"07:52:00";"91";"sem vítima";"193.6";"BR-392/RS";"Norte";"Tombamento";1;0;0;0;0;0;0;0;0;0;1;0;0;0;0
"05/02/2014";"11:20:00";"107";"sem vítima";"93.9";"BR-392/RS";"Sul";"Saída de Pista";1;0;1;0;0;0;0;0;0;0;3;0;0;0;0
"07/02/2014";"11:18:00";"46";"sem vítima";"73.6";"BR-392/RS";"Norte";"Abalr.Transversal";1;0;1;0;0;0;0;0;0;0;2;0;0;0;0
"08/02/2014";"09:07:00";"23";"sem vítima";"471.8";"BR-116/RS";"Sul";"Saída de Pista";1;0;0;0;0;0;0;0;0;0;1;0;0;0;0
"08/02/2014";"02:50:00";"54";"com vítima";"407.8";"BR-116/RS";"Norte";"Colisão Traseira";0;0;2;0;0;0;0;0;0;0;1;0;0;0;1
"08/02/2014";"06:29:00";"74";"sem vítima";"55.9";"BR-392/RS";"Norte";"Saída de Pista";1;0;1;0;0;0;0;0;0;0;3;0;0;0;0
"08/02/2014";"10:04:00";"95";"com vítima";"15.3";"BR-293/RS";"Norte";"Atropelamento de Animal";0;0;0;1;0;0;0;0;0;0;0;0;1;0;0
"08/02/2014";"10:25:00";"96";"sem vítima";"29.1";"BR-392/RS";"Sul";"Tombamento";1;0;0;0;0;0;0;0;0;0;2;0;0;0;0
"08/02/2014";"11:17:00";"98";"com vítima";"39.4";"BR-392/RS";"Norte";"Tombamento";0;0;0;2;0;0;0;0;0;0;0;0;2;0;0
"09/02/2014";"05:09:00";"65";"sem vítima";"527";"BR-116/RS";"Norte";"Tombamento";1;0;1;0;0;0;0;0;0;0;4;0;0;0;0
"09/02/2014";"07:42:00";"82";"com vítima";"524.4";"BR-116/RS";"Sul";"Abalr.Transversal";1;0;0;0;0;0;0;0;0;0;0;0;2;0;0
"10/02/2014";"08:36:00";"28";"com vítima";"445";"BR-116/RS";"Norte";"Saída de Pista";0;0;0;1;0;0;0;0;0;0;0;1;0;0;0
"10/02/2014";"12:34:00";"53";"com vítima";"526.4";"BR-116/RS";"Norte";"Abalr.Transversal";0;0;0;1;0;0;0;0;0;0;0;2;0;0;0
"10/02/2014";"01:43:00";"58";"sem vítima";"464.8";"BR-116/RS";"Sul";"Abalr.Transversal";1;0;0;0;0;0;0;0;0;0;1;0;0;0;0
"10/02/2014";"07:15:00";"88";"sem vítima";"26.4";"BR-392/RS";"Norte";"Atropelamento";0;0;2;0;0;1;0;0;0;0;3;0;0;0;0
"10/02/2014";"08:31:00";"96";"sem vítima";"4.9";"BR-392/RS";"Sul";"Outros tipos de acidente";1;0;0;0;0;0;0;0;0;0;1;0;0;0;0
"11/02/2014";"12:38:00";"3";"com vítima";"80.2";"BR-392/RS";"Sul";"Saída de Pista";1;0;1;0;0;0;0;0;0;0;2;2;0;0;0
"11/02/2014";"01:43:00";"8";"com vítima";"63.7";"BR-392/RS";"Norte";"Saída de Pista";1;0;0;0;0;0;0;0;0;0;0;1;1;0;0
"11/02/2014";"05:26:00";"58";"com vítima";"31.8";"BR-293/RS";"Norte";"Tombamento";1;0;0;0;0;1;0;0;0;0;0;0;1;1;0
"11/02/2014";"08:59:00";"87";"com vítima";"530.3";"BR-116/RS";"Norte";"Atropelamento de Animal";1;1;0;0;0;0;0;0;0;0;5;0;1;0;0
"12/02/2014";"08:10:00";"18";"sem vítima";"63.5";"BR-293/RS";"Norte";"Saída de Pista";1;0;0;0;0;0;0;0;0;0;4;0;0;0;0
"12/02/2014";"12:17:00";"29";"com vítima";"528.3";"BR-116/RS";"Sul";"Abalr.Mesmo sentido";0;0;1;1;0;0;0;0;0;0;1;1;0;0;0
"12/02/2014";"02:52:00";"46";"com vítima";"101.9";"BR-392/RS";"Sul";"Saída de Pista";1;0;1;0;0;0;0;0;0;0;1;0;1;0;0
"13/02/2014";"12:05:00";"1";"sem vítima";"568.5";"BR-116/RS";"Sul";"Atropelamento de Animal";1;0;0;0;0;0;0;0;0;0;4;0;0;0;0
"13/02/2014";"09:23:00";"27";"sem vítima";"6.2";"BR-392/RS";"Norte";"Colisão Traseira";1;0;0;0;0;0;0;0;0;0;1;0;0;0;0
"13/02/2014";"11:38:00";"40";"sem vítima";"151";"BR-392/RS";"Sul";"Saída de Pista";1;0;0;0;1;0;0;0;0;0;5;0;0;0;0
"13/02/2014";"02:52:00";"54";"sem vítima";"108.8";"BR-392/RS";"Norte";"Saída de Pista";1;0;0;0;1;0;0;0;0;0;4;0;0;0;0
"13/02/2014";"04:07:00";"61";"com vítima";"19.9";"BR-392/RS";"Norte";"Saída de Pista";0;0;0;1;1;0;0;0;0;0;1;1;0;0;0
"13/02/2014";"09:47:00";"103";"com vítima";"524.4";"BR-116/RS";"Norte";"Abalr.Transversal";0;0;1;0;0;0;0;0;0;0;1;1;0;0;0
"13/02/2014";"10:35:00";"106";"com vítima";"530.1";"BR-116/RS";"Norte";"Abalr.Transversal";1;0;1;0;0;0;0;0;0;0;1;0;0;0;1
"15/02/2014";"05:19:00";"19";"sem vítima";"606.4";"BR-116/RS";"Sul";"Capotamento";1;0;0;1;0;0;0;0;0;0;2;0;0;0;0
"16/02/2014";"02:29:00";"43";"sem vítima";"513.8";"BR-116/RS";"Norte";"Colisão Traseira";0;0;1;0;0;0;0;0;0;0;1;0;0;0;0
"17/02/2014";"12:39:00";"2";"com vítima";"401.2";"BR-116/RS";"Norte";"Atropelamento de Animal";1;0;1;0;0;0;0;0;0;0;1;1;0;2;0
"17/02/2014";"02:21:00";"66";"com vítima";"25";"BR-392/RS";"Norte";"Colisão Traseira";0;0;0;1;0;1;0;0;0;0;1;0;1;0;0
"17/02/2014";"08:46:00";"112";"sem vítima";"450.5";"BR-116/RS";"Sul";"Colisão Traseira";1;0;0;0;1;0;0;0;0;0;2;0;0;0;0
"17/02/2014";"11:03:00";"120";"sem vítima";"11.3";"BR-293/RS";"Norte";"Saída de Pista";0;0;2;0;0;0;0;0;0;0;2;0;0;0;0
"18/02/2014";"03:27:00";"59";"com vítima";"481.6";"BR-116/RS";"Norte";"Abalr.Mesmo Sentido";0;0;1;2;0;0;0;0;0;0;1;2;0;0;0
"18/02/2014";"06:20:00";"74";"sem vítima";"8.6";"BR-392/RS";"Sul";"Abalr.Transversal";1;0;0;0;0;0;0;0;0;0;1;0;0;0;0
"19/02/2014";"05:46:00";"68";"com vítima";"66.9";"BR-392/RS";"Sul";"Abalr.Transversal";1;0;0;1;0;0;0;0;0;0;1;1;0;0;0
"20/02/2014";"09:50:00";"30";"sem vítima";"17.6";"BR-392/RS";"Sul";"Abalr.Transversal";1;0;0;0;0;0;0;0;0;0;1;0;0;0;0
"20/02/2014";"11:15:00";"39";"sem vítima";"66.8";"BR-392/RS";"Norte";"Abalr.Transversal";1;0;1;0;0;0;0;0;0;0;2;0;0;0;0
"20/02/2014";"01:10:00";"49";"sem vítima";"442.8";"BR-116/RS";"Sul";"Colisão Frontal";1;0;0;0;0;0;0;0;0;0;1;0;0;0;0
"20/02/2014";"01:46:00";"52";"com vítima";"453.5";"BR-116/RS";"Sul";"Abalr.Sentido Oposto";0;0;0;1;0;0;0;0;0;0;0;1;0;0;0
"21/02/2014";"09:06:00";"20";"sem vítima";"513.8";"BR-116/RS";"Norte";"Colisão Traseira";0;0;0;1;0;0;1;0;0;0;2;0;0;0;0
"21/02/2014";"12:57:00";"41";"com vítima";"417.5";"BR-116/RS";"Sul";"Tombamento";3;0;0;0;0;0;0;0;0;0;5;1;0;0;0
"21/02/2014";"02:42:00";"47";"sem vítima";"11.1";"BR-392/RS";"Sul";"Saída de Pista";0;0;2;0;0;0;0;0;0;0;2;0;0;0;0
"21/02/2014";"06:56:00";"80";"com vítima";"0.3";"BR-604/RS";"Sul";"Atropelamento";1;0;0;0;0;0;0;0;0;0;0;1;1;0;0
"22/02/2014";"01:18:00";"3";"com vítima";"497.3";"BR-116/RS";"Sul";"Saída de Pista";0;0;1;1;0;0;0;0;0;0;2;1;0;0;0
"22/02/2014";"06:01:00";"11";"com vítima";"494.6";"BR-116/RS";"Norte";"Colisão Traseira";0;0;0;1;0;0;0;0;0;0;1;1;0;0;0
"22/02/2014";"06:58:00";"12";"sem vítima";"519.6";"BR-116/RS";"Norte";"Colisão Frontal";0;0;1;0;0;0;0;0;0;0;1;0;0;0;0
"22/02/2014";"09:37:00";"19";"com vítima";"14.3";"BR-293/RS";"Norte";"Abalr.Mesmo Sentido";1;0;0;0;0;0;0;0;0;0;1;0;0;0;1
"23/02/2014";"08:48:00";"21";"sem vítima";"488.9";"BR-116/RS";"Sul";"Abalr.Transversal";1;0;1;0;0;0;0;0;0;0;4;0;0;0;0
"24/02/2014";"12:18:00";"1";"com vítima";"50.1";"BR-392/RS";"Norte";"Atropelamento de Animal";0;0;0;1;0;0;1;0;0;0;1;3;0;0;0
"24/02/2014";"07:46:00";"82";"com vítima";"409.9";"BR-116/RS";"Norte";"Tombamento";0;0;0;1;0;0;0;0;0;0;0;0;2;0;0
"25/02/2014";"12:49:00";"1";"sem vítima";"99.5";"BR-392/RS";"Sul";"Saída de Pista";0;0;1;0;0;0;0;0;0;0;1;0;0;0;0
"25/02/2014";"01:43:00";"58";"sem vítima";"150";"BR-392/RS";"Norte";"Tombamento";1;0;0;0;0;0;0;0;0;0;2;0;0;0;0
"25/02/2014";"01:45:00";"59";"com vítima";"476.3";"BR-116/RS";"Norte";"Saída de Pista";0;0;1;0;0;0;0;0;0;0;1;0;0;0;1
"25/02/2014";"03:40:00";"69";"com vítima";"15.6";"BR-293/RS";"Norte";"Saída de Pista";1;0;0;0;0;0;0;0;0;0;1;0;0;0;1
"25/02/2014";"07:23:00";"89";"com vítima";"50";"BR-293/RS";"Norte";"Saída de Pista";1;0;0;0;0;0;0;0;0;0;0;0;1;1;0
"26/02/2014";"07:18:00";"9";"sem vítima";"5.2";"BR-392/RS";"Norte";"Abalr.Transversal";0;0;2;0;0;0;0;0;0;0;2;0;0;0;0
"26/02/2014";"03:29:00";"46";"sem vítima";"413.8";"BR-116/RS";"Sul";"Saída de Pista";1;0;1;0;0;0;0;0;0;0;2;0;0;0;0
"26/02/2014";"03:52:00";"49";"sem vítima";"442.8";"BR-116/RS";"Norte";"Saída de Pista";0;0;1;0;0;0;0;0;0;0;1;0;0;0;0
"26/02/2014";"04:46:00";"54";"com vítima";"429.1";"BR-116/RS";"Sul";"Abalr.Transversal";1;0;0;0;0;0;0;0;0;0;1;0;0;0;1
"26/02/2014";"06:11:00";"65";"com vítima";"43.1";"BR-392/RS";"Norte";"Colisão Traseira";2;0;0;0;0;0;0;0;0;0;4;1;3;0;0
"26/02/2014";"07:21:00";"72";"com vítima";"107.7";"BR-392/RS";"Sul";"Saída de Pista";1;0;0;0;0;0;0;0;0;0;0;0;1;0;0
"27/02/2014";"01:24:00";"9";"com vítima";"485.1";"BR-116/RS";"Norte";"Colisão Traseira";0;0;2;0;0;0;0;0;0;0;1;0;1;0;0
"27/02/2014";"07:08:00";"17";"com vítima";"456.1";"BR-116/RS";"Sul";"Saída de Pista";0;0;2;0;0;0;0;0;0;0;1;1;0;0;1
"27/02/2014";"03:38:00";"69";"sem vítima";"49.9";"BR-392/RS";"Norte";"Saída de Pista";3;0;0;0;0;0;0;0;0;0;3;0;0;0;0
"27/02/2014";"07:36:00";"94";"sem vítima";"8.5";"BR-392/RS";"Norte";"Colisão Traseira";0;0;2;0;0;0;0;0;0;0;3;0;0;0;0
"28/02/2014";"12:58:00";"4";"com vítima";"73.5";"BR-392/RS";"Sul";"Atropelamento de Animal";0;0;1;0;0;0;0;0;0;0;0;0;1;0;0
"28/02/2014";"05:58:00";"13";"com vítima";"22.2";"BR-392/RS";"Sul";"Saída de Pista";2;0;1;0;0;0;0;0;0;0;5;0;2;0;0
"28/02/2014";"01:01:00";"50";"com vítima";"150.2";"BR-392/RS";"Norte";"Saída de Pista";1;0;0;0;0;0;0;0;0;0;1;1;0;0;0
"28/02/2014";"01:41:00";"54";"com vítima";"16.2";"BR-392/RS";"Norte";"Colisão Traseira";2;0;1;0;0;0;0;0;0;0;3;2;0;0;0
"28/02/2014";"04:00:00";"66";"sem vítima";"8.9";"BR-392/RS";"Norte";"Abalr.Transversal";3;0;0;0;0;0;0;0;0;0;4;0;0;0;0