data;horario;n_da_ocorrencia;tipo_de_ocorrencia;km;trecho;sentido;tipo_de_acidente;automovel;bicicleta;caminhao;moto;onibus;outros;tracao_animal;transporte_de_cargas_especiais;trator_maquinas;utilitarios;ilesos;levemente_feridos;moderadamente_feridos;gravemente_feridos;mortos
"28/02/2014";"11:32:00";"118";"com vítima";"618.1";"BR-116/RS";"Sul";"Atropelamento de Animal";1;0;1;0;0;0;0;0;0;0;2;1;0;0;0
"01/03/2014";"01:21:00";"7";"sem vítima";"521.3";"BR-116/RS";"Sul";"Abalr.Sentido Oposto";1;0;0;1;0;0;0;0;0;0;7;0;0;0;0
"01/03/2014";"06:25:00";"20";"sem vítima";"37";"BR-392/RS";"Sul";"Saída de pista";2;0;0;0;0;0;0;0;0;0;3;0;0;0;0
"01/03/2014";"09:56:00";"33";"com vítima";"60";"BR-392/RS";"Sul";"Colisão traseira";0;0;0;1;0;1;0;0;0;0;1;0;1;0;0
"01/03/2014";"02:23:00";"54";"com vítima";"519.3";"BR-116/RS";"Sul";"Abalr.Transversal";1;0;1;0;0;0;0;0;0;0;1;0;1;0;0
"01/03/2014";"06:08:00";"77";"com vítima";"63.3";"BR-392/RS";"Norte";"Saída de pista";0;0;1;0;0;0;0;0;0;0;0;1;0;0;0
"01/03/2014";"06:12:00";"78";"sem vítima";"86.8";"BR-392/RS";"Sul";"Colisão traseira";1;0;1;0;0;0;0;0;0;0;3;0;0;0;0
"01/03/2014";"06:47:00";"81";"sem vítima";"1.4";"BR-392/RS";"Norte";"Abalr.Transversal";1;0;1;0;0;0;0;0;0;0;5;0;0;0;0
"01/03/2014";"08:27:00";"90";"sem vítima";"3.2";"BR-392/RS";"Sul";"Atropelamento de Animal";1;0;0;0;0;0;0;0;0;0;1;0;0;0;0
"02/03/2014";"02:30:00";"8";"com vítima";"471.9";"BR-116/RS";"Sul";"Tombamento";1;0;1;0;0;0;0;0;0;0;1;1;0;0;0
"02/03/2014";"08:17:00";"24";"sem vítima";"107.3";"BR-392/RS";"Sul";"Abalr.Transversal";2;0;0;0;0;0;0;0;0;0;4;0;0;0;0
"02/03/2014";"06:45:00";"70";"sem vítima";"526.5";"BR-116/RS";"Sul";"Saída de Pista";1;0;1;0;0;0;0;0;0;0;3;0;0;0;0
"02/03/2014";"10:07:00";"97";"sem vítima";"428.5";"BR-116/RS";"Norte";"Outros tipos de acidente";2;0;0;0;0;0;0;0;0;0;6;0;0;0;0
"02/03/2014";"11:03:00";"101";"sem vítima";"90.3";"BR-392/RS";"Norte";"Saída de Pista";3;0;0;0;0;0;0;0;0;0;6;0;0;0;0
"03/03/2014";"03:49:00";"11";"com vítima";"578.7";"BR-116/RS";"Norte";"Saída de pista";0;0;0;1;0;0;0;0;0;0;0;0;1;0;0
"03/03/2014";"06:04:00";"55";"sem vítima";"48";"BR-392/RS";"Sul";"Colisão traseira";1;0;0;0;1;0;0;0;0;0;41;0;0;0;0
"03/03/2014";"10:08:00";"79";"com vítima";"592.5";"BR-116/RS";"Sul";"Saída de Pista";1;0;1;0;0;0;0;0;0;0;1;2;0;1;0
"04/03/2014";"05:16:00";"14";"com vítima";"55";"BR-293/RS";"Norte";"Saída de pista";1;0;0;1;0;0;0;0;0;0;1;1;0;0;0
"04/03/2014";"08:04:00";"21";"com vítima";"544.3";"BR-116/RS";"Sul";"Saída de pista";1;0;0;0;0;0;0;0;0;0;0;0;1;0;0
"04/03/2014";"02:44:00";"52";"com vítima";"643.9";"BR-116/RS";"Norte";"Colisão com Objeto Fixo";1;0;1;0;0;0;0;0;0;0;1;1;0;0;0
"05/03/2014";"01:06:00";"6";"com vítima";"175.1";"BR-392/RS";"Norte";"Atropelamento de Animal";0;0;0;1;0;0;0;0;0;0;0;0;1;0;0
"05/03/2014";"03:00:00";"53";"sem vítima";"68";"BR-392/RS";"Norte";"Colisão traseira";0;0;1;0;0;0;0;0;0;0;1;0;0;0;0
"05/03/2014";"07:38:00";"82";"com vítima";"489.6";"BR-116/RS";"Sul";"Abalr.Transversal";2;0;0;0;0;0;0;0;0;0;3;0;2;0;0
"06/03/2014";"04:37:00";"53";"sem vítima";"71.2";"BR-392/RS";"Sul";"Colisão Traseira";2;0;0;0;0;0;0;0;0;0;3;0;0;0;0
"06/03/2014";"06:46:00";"72";"sem vítima";"577.3";"BR-116/RS";"Norte";"Colisão Traseira";0;0;2;0;0;0;0;0;0;0;2;0;0;0;0
"07/03/2014";"12:03:00";"38";"sem vítima";"7.2";"BR-392/RS";"Sul";"Colisão traseira";1;0;0;0;0;0;0;0;0;0;4;0;0;0;0
"07/03/2014";"04:07:00";"59";"com vítima";"515.4";"BR-116/RS";"Sul";"Abalr.Transversal";0;0;0;1;0;0;0;0;0;0;0;0;1;0;0
"07/03/2014";"05:00:00";"64";"sem vítima";"464.7";"BR-116/RS";"Sul";"Abalr.Transversal";1;0;0;0;0;0;0;0;0;0;2;0;0;0;0
"08/03/2014";"03:43:00";"7";"com vítima";"410.6";"BR-116/RS";"Norte";"Saída de pista";0;0;0;1;0;0;0;0;0;0;0;0;0;0;1
"08/03/2014";"02:25:00";"52";"sem vítima";"122.1";"BR-392/RS";"Norte";"Abalr.Transversal";1;0;0;0;0;0;0;0;0;0;3;0;0;0;0
"08/03/2014";"04:54:00";"62";"sem vítima";"540.9";"BR-116/RS";"Norte";"Colisão Traseira";1;0;0;0;0;0;0;0;0;0;1;0;0;0;0
"08/03/2014";"07:21:00";"74";"com vítima";"110.2";"BR-392/RS";"Norte";"Abalr.Transversal";1;0;0;1;0;0;0;0;0;0;1;1;0;0;0
"09/03/2014";"12:07:00";"1";"sem vítima";"605.5";"BR-116/RS";"Sul";"Saída de Pista";1;0;0;0;1;0;0;0;0;0;3;0;0;0;0
"09/03/2014";"05:36:00";"78";"com vítima";"406.7";"BR-116/RS";"Norte";"Saída de Pista";1;0;0;1;0;0;0;0;0;0;3;0;0;1;0
"09/03/2014";"05:48:00";"80";"com vítima";"406.5";"BR-116/RS";"Norte";"Colisão Traseira";1;0;0;0;0;0;0;0;0;0;0;1;0;0;0
"09/03/2014";"07:33:00";"93";"sem vítima";"12.1";"BR-293/RS";"Norte";"Colisão Traseira";1;0;0;0;0;0;0;0;0;0;1;0;0;0;0
"09/03/2014";"09:24:00";"109";"sem vítima";"41.4";"BR-392/RS";"Sul";"Saída de pista";1;0;0;0;0;0;0;0;0;0;4;0;0;0;0
"09/03/2014";"11:40:00";"120";"sem vítima";"406";"BR-116/RS";"Norte";"Saída de Pista";1;0;0;0;0;0;0;0;0;0;1;0;0;0;0
"10/03/2014";"06:46:00";"21";"com vítima";"69.8";"BR-293/RS";"Norte";"Capotamento";1;0;1;0;0;0;0;0;0;0;1;3;1;0;0
"10/03/2014";"02:20:00";"62";"com vítima";"56";"BR-392/RS";"Sul";"Saída de pista";1;0;0;0;0;0;0;0;0;0;0;2;0;0;0
"10/03/2014";"03:13:00";"71";"sem vítima";"5.7";"BR-392/RS";"Norte";"Colisão traseira";1;0;0;0;0;0;0;0;0;0;2;0;0;0;0
"10/03/2014";"05:04:00";"82";"sem vítima";"7.2";"BR-392/RS";"Sul";"Abalr.Transversal";0;0;1;0;0;0;0;0;0;0;1;0;0;0;0
"11/03/2014";"08:03:00";"13";"sem vítima";"519.4";"BR-116/RS";"Norte";"Abalr.Transversal";1;0;0;0;0;0;0;0;0;0;1;0;0;0;0
"11/03/2014";"10:29:00";"33";"sem vítima";"591.7";"BR-116/RS";"Sul";"Colisão traseira";1;0;0;1;0;0;0;0;0;0;2;0;0;0;0
"12/03/2014";"06:57:00";"17";"com vítima";"61";"BR-392/RS";"Sul";"Tombamento";0;0;1;1;0;0;0;0;0;0;1;0;1;0;0
"12/03/2014";"06:09:00";"84";"sem vítima";"44.9";"BR-293/RS";"Norte";"Abalr.Transversal";1;0;1;0;0;1;0;0;0;0;4;0;0;0;0
"12/03/2014";"08:26:00";"99";"sem vítima";"171";"BR-392/RS";"Sul";"Atropelamento de Animal";1;0;0;0;0;0;0;0;0;0;2;0;0;0;0
"13/03/2014";"07:31:00";"9";"com vítima";"7.8";"BR-392/RS";"Sul";"Abalr.Transversal";0;0;1;1;0;0;0;0;0;0;1;1;0;0;1
"13/03/2014";"07:56:00";"13";"com vítima";"558.4";"BR-116/RS";"Norte";"Saída de pista";1;0;0;1;0;0;0;0;0;0;2;0;1;1;0
"13/03/2014";"03:40:00";"54";"com vítima";"26.4";"BR-392/RS";"Norte";"Abalr.Transversal";1;0;1;0;0;0;0;0;0;0;6;0;2;0;0
"13/03/2014";"09:53:00";"100";"sem vítima";"418.3";"BR-116/RS";"Norte";"Colisão Traseira";1;0;0;0;0;0;0;0;0;0;1;0;0;0;0
"14/03/2014";"07:56:00";"14";"com vítima";"52.4";"BR-392/RS";"Sul";"Colisão traseira";0;0;0;1;0;0;0;0;0;0;0;0;1;0;0
"14/03/2014";"05:51:00";"73";"sem vítima";"63.4";"BR-392/RS";"Norte";"Colisão traseira";1;0;0;0;0;0;0;0;0;0;2;0;0;0;0
"14/03/2014";"07:43:00";"86";"com vítima";"39.2";"BR-293/RS";"Norte";"Abalr.Sentido Oposto";1;0;0;0;0;0;0;0;0;0;0;5;0;0;0
"14/03/2014";"09:20:00";"97";"sem vítima";"454.7";"BR-116/RS";"Sul";"Abalr.Transversal";1;0;0;0;0;0;0;0;0;0;1;0;0;0;0
"15/03/2014";"08:57:00";"18";"sem vítima";"99";"BR-392/RS";"Sul";"Tombamento";1;0;1;0;0;0;0;0;0;0;5;0;0;0;0
"15/03/2014";"06:18:00";"71";"com vítima";"427.3";"BR-116/RS";"Sul";"Abalr.Transversal";1;0;0;1;0;0;0;0;0;0;1;0;1;0;0
"16/03/2014";"12:57:00";"3";"com vítima";"124.5";"BR-293/RS";"Norte";"Saída de pista";2;0;0;0;0;0;0;0;0;0;4;0;1;0;0
"16/03/2014";"07:56:00";"19";"sem vítima";"25.7";"BR-392/RS";"Norte";"Saída de pista";1;0;0;1;0;0;0;0;0;0;2;0;0;0;0
"16/03/2014";"11:54:00";"33";"com vítima";"89.2";"BR-293/RS";"Norte";"Tombamento";0;1;0;1;0;0;0;0;0;0;1;0;1;0;0
"16/03/2014";"02:51:00";"49";"sem vítima";"40.3";"BR-392/RS";"Norte";"Abalr.Transversal";1;0;1;0;0;0;0;0;0;0;2;0;0;0;0
"16/03/2014";"06:10:00";"64";"com vítima";"144.6";"BR-392/RS";"Sul";"Abalr.Transversal";2;0;0;0;0;0;0;0;0;0;1;1;0;0;0
"16/03/2014";"07:01:00";"70";"sem vítima";"408.5";"BR-116/RS";"Norte";"Abalr.Sentido Oposto";0;0;0;1;0;0;0;0;0;0;1;0;0;0;0
"17/03/2014";"07:21:00";"12";"com vítima";"406.2";"BR-116/RS";"Norte";"Abalr.Sentido Oposto";1;0;1;0;0;0;0;0;0;0;2;1;0;0;0
"17/03/2014";"10:42:00";"34";"sem vítima";"441.1";"BR-116/RS";"Norte";"Saída de pista";0;0;2;0;0;0;0;0;0;0;2;0;0;0;0
"17/03/2014";"05:09:00";"68";"com vítima";"66.9";"BR-392/RS";"Sul";"Abalr.Transversal";1;0;1;0;0;0;0;0;0;0;2;1;0;0;0
"17/03/2014";"05:32:00";"69";"com vítima";"122.3";"BR-293/RS";"Norte";"Tombamento";2;0;0;0;0;0;0;0;0;0;3;0;2;0;0
"17/03/2014";"06:01:00";"72";"com vítima";"52.2";"BR-392/RS";"Norte";"Abalr.Transversal";0;0;0;1;0;0;0;0;0;0;0;0;1;0;0
"17/03/2014";"06:15:00";"74";"sem vítima";"452.9";"BR-116/RS";"Sul";"Tombamento";0;0;2;0;0;0;0;0;0;0;2;0;0;0;0
"17/03/2014";"09:45:00";"94";"sem vítima";"8.6";"BR-392/RS";"Sul";"Abalr.Transversal";2;0;0;0;0;0;0;0;0;0;3;0;0;0;0
"17/03/2014";"10:06:00";"95";"sem vítima";"509.6";"BR-116/RS";"Norte";"Tombamento";0;0;1;0;1;0;0;0;0;0;13;0;0;0;0
"18/03/2014";"03:42:00";"8";"sem vítima";"10.2";"BR-392/RS";"Norte";"Tombamento";1;0;0;0;1;0;0;0;0;0;20;0;0;0;0
"18/03/2014";"11:47:00";"33";"com vítima";"524.4";"BR-116/RS";"Norte";"Abalr.Transversal";1;0;0;1;0;0;0;0;0;0;2;0;1;0;0
"18/03/2014";"04:31:00";"50";"com vítima";"50.1";"BR-392/RS";"Sul";"Saída de pista";1;0;1;0;0;0;0;0;0;0;1;1;0;0;0
"18/03/2014";"07:32:00";"66";"com vítima";"19.1";"BR-392/RS";"Norte";"Atropelamento de Animal";1;0;0;0;0;0;0;0;0;0;0;1;0;0;0
"19/03/2014";"12:26:00";"2";"com vítima";"524.4";"BR-116/RS";"Sul";"Abalr.Transversal";1;0;0;0;0;0;0;0;0;0;1;2;0;1;0
"19/03/2014";"02:09:00";"6";"com vítima";"54.8";"BR-293/RS";"Norte";"Saída de Pista";1;0;0;0;0;0;0;0;0;0;1;2;0;0;2
"19/03/2014";"06:46:00";"13";"sem vítima";"8.4";"BR-392/RS";"Norte";"Abalr.Transversal";2;0;0;0;0;0;0;0;0;0;5;0;0;0;0
"19/03/2014";"07:57:00";"19";"sem vítima";"12.1";"BR-392/RS";"Sul";"Colisão traseira";1;0;1;0;0;0;0;0;0;0;3;0;0;0;0
"19/03/2014";"08:34:00";"22";"com vítima";"66.9";"BR-392/RS";"Norte";"Abalr.Transversal";1;0;0;0;0;0;0;0;0;0;0;1;0;0;0
"19/03/2014";"11:30:00";"32";"com vítima";"124";"BR-392/RS";"Norte";"Saída de Pista";2;0;0;0;0;0;0;0;0;0;1;2;0;0;0
"19/03/2014";"01:52:00";"42";"sem vítima";"518.5";"BR-116/RS";"Sul";"Colisão Frontal";1;0;0;0;0;0;0;0;0;0;1;0;0;0;0
"19/03/2014";"02:37:00";"47";"sem vítima";"118.5";"BR-392/RS";"Sul";"Colisão com Objeto Fixo";1;0;0;0;0;0;0;0;0;0;1;0;0;0;0
"21/03/2014";"07:31:00";"12";"com vítima";"60.7";"BR-392/RS";"Sul";"Colisão traseira";2;0;1;0;0;0;0;0;0;0;1;1;5;1;2
"21/03/2014";"08:31:00";"15";"com vítima";"1.6";"BR-392/RS";"Sul";"Colisão Frontal";0;0;0;1;0;0;0;0;0;0;0;0;1;0;0
"21/03/2014";"09:43:00";"22";"sem vítima";"624.5";"BR-116/RS";"Sul";"Tombamento";0;0;2;0;0;0;0;0;0;0;2;0;0;0;0
"21/03/2014";"02:05:00";"46";"com vítima";"442.4";"BR-116/RS";"Norte";"Colisão traseira";1;0;0;0;0;0;0;0;0;0;1;2;0;2;0
"21/03/2014";"03:14:00";"54";"sem vítima";"107.2";"BR-392/RS";"Norte";"Abalr.Transversal";1;0;0;0;0;0;0;0;0;0;1;0;0;0;0
"21/03/2014";"07:19:00";"78";"sem vítima";"534";"BR-116/RS";"Norte";"Colisão traseira";0;0;1;0;1;0;0;0;0;0;3;0;0;0;0
"22/03/2014";"07:47:00";"12";"sem vítima";"180.5";"BR-392/RS";"Sul";"Saída de pista";0;0;2;0;0;0;0;0;0;0;2;0;0;0;0
"22/03/2014";"10:46:00";"22";"com vítima";"557.6";"BR-116/RS";"Norte";"Saída de pista";1;0;0;1;0;0;0;0;0;0;1;1;0;0;0
"22/03/2014";"12:04:00";"26";"com vítima";"84.6";"BR-392/RS";"Norte";"Abalr.Mesmo sentido";2;0;2;0;0;0;0;0;0;0;6;0;1;0;0
"22/03/2014";"12:50:00";"30";"com vítima";"6.4";"BR-392/RS";"Sul";"Colisão traseira";0;0;1;1;0;0;0;0;0;0;1;0;0;1;1
"23/03/2014";"02:44:00";"6";"sem vítima";"117.7";"BR-392/RS";"Sul";"Colisão com Objeto Fixo";3;0;0;0;0;0;0;0;0;0;3;0;0;0;0
"23/03/2014";"04:47:00";"9";"sem vítima";"11.3";"BR-392/RS";"Sul";"Atropelamento de Animal";1;0;1;0;0;0;0;0;0;0;2;0;0;0;0
"23/03/2014";"11:06:00";"95";"sem vítima";"523.6";"BR-116/RS";"Sul";"Tombamento";1;0;1;0;0;0;0;0;0;0;2;0;0;0;0
"24/03/2014";"12:08:00";"1";"sem vítima";"123.7";"BR-293/RS";"Norte";"Saída de pista";0;0;1;0;0;0;0;0;0;0;2;0;0;0;0
"24/03/2014";"06:47:00";"15";"sem vítima";"539.5";"BR-116/RS";"Norte";"Abalr.Transversal";1;0;0;0;0;0;0;0;0;0;1;0;0;0;0
"24/03/2014";"03:14:00";"56";"sem vítima";"472.2";"BR-116/RS";"Norte";"Abalr.Mesmo sentido";1;0;0;0;0;0;0;0;0;0;3;0;0;0;0
"24/03/2014";"06:16:00";"69";"com vítima";"22.6";"BR-392/RS";"Norte";"Saída de pista";1;0;0;1;0;0;0;0;0;0;1;1;0;0;0
"25/03/2014";"09:28:00";"30";"sem vítima";"36.8";"BR-293/RS";"Norte";"Colisão traseira";1;0;0;0;0;0;0;0;0;0;1;0;0;0;0
"25/03/2014";"11:56:00";"42";"sem vítima";"4.1";"BR-392/RS";"Norte";"Abalr.Transversal";1;0;0;0;0;0;0;0;0;0;4;0;0;0;0
"25/03/2014";"03:27:00";"55";"sem vítima";"9.8";"BR-392/RS";"Sul";"Abalr.Transversal";1;0;0;0;0;0;0;0;0;0;1;0;0;0;0
"26/03/2014";"11:18:00";"36";"com vítima";"24.6";"BR-392/RS";"Sul";"Tombamento";1;0;0;0;1;0;0;0;0;0;1;1;0;0;0
"27/03/2014";"07:34:00";"13";"sem vítima";"48.7";"BR-392/RS";"Sul";"Colisão traseira";1;0;0;0;0;0;0;0;0;0;1;0;0;0;0
"27/03/2014";"08:53:00";"17";"sem vítima";"101.6";"BR-392/RS";"Sul";"Colisão Traseira";0;0;2;0;0;0;0;0;0;0;2;0;0;0;0
"27/03/2014";"11:05:00";"27";"sem vítima";"511.1";"BR-116/RS";"Sul";"Colisão Frontal";1;0;0;0;0;0;0;0;0;0;4;0;0;0;0
"27/03/2014";"05:03:00";"49";"sem vítima";"4.3";"BR-392/RS";"Sul";"Tombamento";1;0;1;0;0;0;0;0;0;0;2;0;0;0;0
"27/03/2014";"05:52:00";"54";"sem vítima";"11.8";"BR-392/RS";"Sul";"Atropelamento de Animal";1;0;1;0;0;0;0;0;0;0;3;0;0;0;0
"27/03/2014";"06:23:00";"62";"sem vítima";"545.2";"BR-116/RS";"Sul";"Colisão traseira";0;0;3;0;0;0;0;0;0;0;3;0;0;0;0
"27/03/2014";"07:37:00";"69";"com vítima";"518.7";"BR-116/RS";"Norte";"Abalr.Mesmo sentido";1;1;0;0;0;0;0;0;0;0;4;0;1;0;0
"28/03/2014";"07:48:00";"17";"com vítima";"409.4";"BR-116/RS";"Sul";"Abalr.Transversal";0;0;1;1;0;0;0;0;0;0;1;0;0;1;1
"28/03/2014";"06:32:00";"103";"sem vítima";"609.5";"BR-116/RS";"Sul";"Saída de Pista";0;0;1;0;0;0;0;0;0;0;1;0;0;0;0
"28/03/2014";"07:06:00";"110";"sem vítima";"525.4";"BR-116/RS";"Norte";"Colisão traseira";1;0;0;0;0;0;0;0;0;0;1;0;0;0;0
"28/03/2014";"07:38:00";"113";"sem vítima";"417.4";"BR-116/RS";"Norte";"Colisão Frontal";2;0;0;0;0;0;0;0;0;0;2;0;0;0;0
"28/03/2014";"09:56:00";"124";"com vítima";"193.3";"BR-392/RS";"Norte";"Saída de Pista";1;0;1;0;0;0;0;0;0;0;1;1;0;0;0
"28/03/2014";"10:44:00";"127";"sem vítima";"26.1";"BR-392/RS";"Norte";"Saída de Pista";1;0;0;0;0;0;0;0;0;0;1;0;0;0;0
"29/03/2014";"06:07:00";"11";"sem vítima";"8.9";"BR-392/RS";"Sul";"Abalr.Transversal";0;0;1;1;0;0;0;0;0;0;2;0;0;0;0
"29/03/2014";"07:55:00";"16";"com vítima";"583.9";"BR-116/RS";"Sul";"Saída de pista";1;0;0;0;1;0;0;0;0;0;18;1;1;0;0
"29/03/2014";"08:01:00";"17";"sem vítima";"66.9";"BR-392/RS";"Sul";"Abalr.Transversal";1;0;0;0;1;0;0;0;0;0;4;0;0;0;0
"30/03/2014";"10:52:00";"32";"com vítima";"94";"BR-293/RS";"Norte";"Saída de pista";2;0;0;0;0;0;0;0;0;0;1;1;1;0;0
"30/03/2014";"02:19:00";"48";"com vítima";"28.5";"BR-293/RS";"Norte";"Saída de pista";0;0;0;1;0;0;0;0;0;0;0;0;0;1;0
"30/03/2014";"07:34:00";"91";"com vítima";"454.6";"BR-116/RS";"Sul";"Saída de pista";0;0;0;1;0;0;0;0;0;0;0;1;0;0;0
"30/03/2014";"08:00:00";"95";"sem vítima";"42.1";"BR-392/RS";"Norte";"Atropelamento";0;0;1;0;0;0;0;0;0;0;1;0;0;0;0
"30/03/2014";"11:19:00";"108";"sem vítima";"177.8";"BR-392/RS";"Norte";"Saída de pista";1;0;1;0;0;0;0;0;0;0;3;0;0;0;0
"31/03/2014";"11:02:00";"43";"com vítima";"67.5";"BR-392/RS";"Norte";"Colisão Traseira";1;0;1;0;0;0;0;0;0;0;2;0;1;0;0
"01/04/2014";"05:12:00";"59";"com vítima";"108.7";"BR-392/RS";"Sul";"Saída de Pista";2;0;0;0;0;0;0;0;0;0;2;4;0;0;0
"01/04/2014";"08:07:00";"73";"sem vítima";"122.2";"BR-392/RS";"Norte";"Saída de Pista";0;0;1;0;0;0;0;0;0;0;1;0;0;0;0
"01/04/2014";"10:08:00";"78";"com vítima";"87.5";"BR-392/RS";"Norte";"Tombamento";0;0;2;0;0;0;0;0;0;0;1;1;0;0;0
"02/04/2014";"01:43:00";"4";"sem vítima";"1.5";"BR-604/RS";"Sul";"Colisão Traseira";1;0;0;0;0;0;0;0;0;0;1;0;0;0;0
"02/04/2014";"08:40:00";"21";"sem vítima";"523.6";"BR-116/RS";"Sul";"Colisão Traseira";0;0;1;0;0;0;0;0;0;0;1;0;0;0;0
"02/04/2014";"06:52:00";"72";"com vítima";"514";"BR-116/RS";"Norte";"Colisão com Objeto Fixo";1;0;0;0;1;0;0;0;0;0;1;0;1;0;0
"02/04/2014";"07:10:00";"75";"com vítima";"612.9";"BR-116/RS";"Norte";"Atropelamento";0;0;1;0;0;0;0;0;0;0;0;1;0;0;0
"02/04/2014";"10:18:00";"93";"sem vítima";"619.3";"BR-116/RS";"Norte";"Atropelamento de Animal";0;0;2;0;0;0;0;0;0;0;2;0;0;0;0
"03/04/2014";"09:11:00";"71";"sem vítima";"56";"BR-392/RS";"Sul";"Saída de Pista";1;0;1;0;0;0;0;0;0;0;4;0;0;0;0
"04/04/2014";"06:20:00";"10";"com vítima";"52.6";"BR-392/RS";"Sul";"Colisão Traseira";0;0;1;1;0;0;0;0;0;0;1;1;0;0;0
"04/04/2014";"07:04:00";"72";"com vítima";"401.2";"BR-116/RS";"Sul";"Outros Tipos de Acidente";2;0;0;0;0;0;0;0;0;0;6;0;1;0;0
"05/04/2014";"04:19:00";"12";"sem vítima";"14.5";"BR-392/RS";"Norte";"Atropelamento de Animal";0;0;1;0;0;0;0;0;0;0;1;0;0;0;0
"05/04/2014";"05:28:00";"14";"sem vítima";"24";"BR-392/RS";"Norte";"Saída de Pista";1;0;0;0;0;1;0;0;0;0;5;0;0;0;0
"05/04/2014";"06:49:00";"73";"sem vítima";"527.9";"BR-116/RS";"Norte";"Colisão Traseira";2;0;0;0;0;0;0;0;0;0;3;0;0;0;0
"05/04/2014";"06:56:00";"75";"com vítima";"403.7";"BR-116/RS";"Norte";"Saída de Pista";0;0;0;1;0;0;0;0;0;0;0;1;0;0;0
"05/04/2014";"11:40:00";"94";"com vítima";"481.5";"BR-116/RS";"Norte";"Abalr.Transversal";2;0;0;0;0;0;0;0;0;0;0;0;4;1;1
"06/04/2014";"05:06:00";"15";"com vítima";"22.6";"BR-392/RS";"Norte";"Saída de Pista";1;0;0;0;0;0;0;0;0;0;1;1;0;0;0
"06/04/2014";"06:28:00";"76";"sem vítima";"14";"BR-293/RS";"Norte";"Colisão Traseira";1;0;0;0;0;0;0;0;0;0;3;0;0;0;0
"06/04/2014";"09:10:00";"97";"sem vítima";"521.4";"BR-116/RS";"Norte";"Tombamento";1;0;1;0;0;0;0;0;0;0;6;0;0;0;0
"07/04/2014";"12:04:00";"3";"com vítima";"51.3";"BR-392/RS";"Norte";"Atropelamento de Animal";1;0;1;0;0;0;0;0;0;0;5;1;0;0;0
"07/04/2014";"01:46:00";"10";"com vítima";"5";"BR-392/RS";"Sul";"Saída de Pista";1;0;0;1;0;0;0;0;0;0;2;0;1;0;0
"07/04/2014";"07:17:00";"19";"sem vítima";"11.3";"BR-293/RS";"Norte";"Tombamento";3;0;0;0;0;0;0;0;0;0;10;0;0;0;0
"07/04/2014";"12:09:00";"58";"sem vítima";"524.7";"BR-116/RS";"Norte";"Abalr.Transversal";1;0;1;0;0;0;0;0;0;0;3;0;0;0;0
"07/04/2014";"05:16:00";"82";"com vítima";"24.4";"BR-392/RS";"Sul";"Abalr.Transversal";1;0;1;0;0;0;0;0;0;0;1;0;1;0;0
"08/04/2014";"01:23:00";"3";"com vítima";"492.5";"BR-116/RS";"Sul";"Abalr.Sentido Oposto";0;0;0;1;0;0;0;0;0;0;0;0;1;0;0
"08/04/2014";"01:08:00";"44";"sem vítima";"25.6";"BR-392/RS";"Sul";"Abalr.Mesmo Sentido";1;0;0;0;0;0;0;0;0;0;1;0;0;0;0
"08/04/2014";"05:10:00";"56";"sem vítima";"4";"BR-392/RS";"Sul";"Colisão Traseira";1;0;1;0;0;0;0;0;0;0;3;0;0;0;0
"08/04/2014";"05:39:00";"59";"sem vítima";"559.8";"BR-116/RS";"Sul";"Saída de Pista";1;0;1;0;0;0;0;0;0;0;2;0;0;0;0
"08/04/2014";"05:53:00";"60";"com vítima";"7.5";"BR-392/RS";"Norte";"Abalr.Transversal";0;0;1;0;0;1;0;0;0;0;1;0;1;0;0
"08/04/2014";"06:47:00";"65";"sem vítima";"137.2";"BR-293/RS";"Norte";"Abalr.Transversal";0;0;1;0;0;0;0;0;0;0;1;0;0;0;0
"08/04/2014";"06:59:00";"66";"sem vítima";"455";"BR-116/RS";"Sul";"Saída de Pista";0;0;1;0;0;0;0;0;0;0;1;0;0;0;0
"10/04/2014";"09:37:00";"28";"sem vítima";"16.7";"BR-293/RS";"Norte";"Saída de Pista";1;0;1;0;0;0;0;0;0;0;2;0;0;0;0
"10/04/2014";"10:08:00";"33";"com vítima";"64.7";"BR-392/RS";"Norte";"Colisão Traseira";1;0;0;0;0;0;0;0;0;0;0;1;0;0;0
"10/04/2014";"06:46:00";"80";"sem vítima";"170.1";"BR-392/RS";"Norte";"Abalr.Transversal";1;0;0;0;0;0;0;0;0;0;4;0;0;0;0
"10/04/2014";"11:08:00";"95";"sem vítima";"123.2";"BR-392/RS";"Norte";"Abalr.Transversal";2;0;0;0;0;0;0;0;0;0;2;0;0;0;0
"11/04/2014";"11:07:00";"30";"com vítima";"98.9";"BR-392/RS";"Norte";"Saída de Pista";0;0;0;1;0;0;0;0;0;0;1;1;0;0;0
"11/04/2014";"12:25:00";"40";"com vítima";"46.8";"BR-392/RS";"Norte";"Saída de Pista";1;0;0;1;0;0;0;0;0;0;4;1;0;0;0
"11/04/2014";"01:58:00";"49";"sem vítima";"31.9";"BR-392/RS";"Sul";"Saída de Pista";1;0;0;0;0;0;0;0;0;0;1;0;0;0;0
"11/04/2014";"07:47:00";"80";"sem vítima";"24.3";"BR-392/RS";"Norte";"Saída de Pista";0;0;0;1;0;0;0;0;0;0;2;0;0;0;0
"11/04/2014";"08:09:00";"81";"sem vítima";"55.9";"BR-392/RS";"Sul";"Saída de Pista";1;0;1;0;0;0;0;0;0;0;3;0;0;0;0