data;horario;n_da_ocorrencia;tipo_de_ocorrencia;km;trecho;sentido;tipo_de_acidente;automovel;bicicleta;caminhao;moto;onibus;outros;tracao_animal;transporte_de_cargas_especiais;trator_maquinas;utilitarios;ilesos;levemente_feridos;moderadamente_feridos;gravemente_feridos;mortos
"15/06/2014";"04:54:00";"75";"com vítima";"46.2";"BR-392/RS";"Norte";"Saída de Pista";0;0;3;0;0;0;0;0;0;0;0;0;2;0;1
"16/06/2014";"01:51:00";"75";"com vítima";"517";"BR-116/RS";"Norte";"Abalr.Transversal";2;0;1;0;0;0;0;0;0;0;4;2;0;0;0
"16/06/2014";"05:17:00";"102";"sem vítima";"118";"BR-392/RS";"Sul";"Abalr.Transversal";1;0;0;0;0;0;0;0;0;0;1;0;0;0;0
"17/06/2014";"02:16:00";"15";"sem vítima";"4.2";"BR-392/RS";"Norte";"Abalr.Transversal";1;0;1;0;0;0;0;0;0;0;8;0;0;0;0
"17/06/2014";"03:14:00";"81";"sem vítima";"20.5";"BR-392/RS";"Sul";"Colisão Traseira";2;0;0;0;0;0;0;0;0;0;4;0;0;0;0
"17/06/2014";"10:49:00";"115";"com vítima";"8";"BR-392/RS";"Norte";"Atropelamento";1;0;1;0;0;0;0;0;0;0;1;1;0;0;0
"19/06/2014";"12:27:00";"10";"com vítima";"467.4";"BR-116/RS";"Sul";"Atropelamento de Animal";0;0;1;0;0;0;0;0;0;0;2;0;0;0;1
"19/06/2014";"02:34:00";"21";"sem vítima";"42.5";"BR-392/RS";"Sul";"Saída de Pista";2;0;0;0;0;0;0;0;0;0;5;0;0;0;0
"19/06/2014";"12:40:00";"75";"com vítima";"428.4";"BR-116/RS";"Sul";"Tombamento";1;0;0;0;0;0;0;0;0;0;1;0;1;0;0
"20/06/2014";"10:52:00";"46";"com vítima";"529.1";"BR-116/RS";"Norte";"Abalr.Mesmo Sentido";1;0;1;0;0;0;0;0;0;0;2;1;0;0;0
"20/06/2014";"02:01:00";"65";"sem vítima";"68.2";"BR-392/RS";"Norte";"Colisão Traseira";1;0;3;0;0;0;0;0;0;0;10;0;0;0;0
"22/06/2014";"12:06:00";"2";"com vítima";"1.7";"BR-392/RS";"Sul";"Colisão Frontal";2;0;0;0;0;0;0;0;0;0;0;1;2;1;0
"22/06/2014";"08:00:00";"19";"com vítima";"15.7";"BR-293/RS";"Norte";"Saída de Pista";1;0;1;0;0;0;0;0;0;0;1;0;3;0;0
"22/06/2014";"12:29:00";"44";"com vítima";"68.4";"BR-392/RS";"Norte";"Colisão Traseira";1;0;1;0;0;0;0;0;0;0;1;0;0;0;1
"22/06/2014";"04:48:00";"62";"com vítima";"196.5";"BR-392/RS";"Sul";"Tombamento";1;0;1;0;0;0;0;0;0;0;1;2;2;0;0
"22/06/2014";"05:44:00";"66";"com vítima";"525.3";"BR-116/RS";"Sul";"Colisão Traseira";1;0;0;1;0;0;0;0;0;0;4;1;0;0;0
"23/06/2014";"12:52:00";"61";"sem vítima";"1.5";"BR-392/RS";"Sul";"Colisão Frontal";1;0;0;0;0;0;0;0;0;0;3;0;0;0;0
"24/06/2014";"10:39:00";"41";"com vítima";"46.6";"BR-392/RS";"Sul";"Saída de Pista";0;0;0;2;0;0;0;0;0;0;0;2;0;0;0
"24/06/2014";"05:58:00";"92";"com vítima";"464.8";"BR-116/RS";"Sul";"Abalr.Transversal";1;0;0;1;0;0;0;0;0;0;3;1;0;0;0
"25/06/2014";"02:38:00";"15";"com vítima";"414.8";"BR-116/RS";"Norte";"Saída de Pista";1;0;1;0;0;0;0;0;0;0;1;1;1;0;0
"25/06/2014";"02:54:00";"17";"com vítima";"49.7";"BR-392/RS";"Norte";"Colisão com Objeto Fixo";1;0;0;1;0;0;0;0;0;0;0;0;1;1;0
"25/06/2014";"07:55:00";"29";"sem vítima";"104.3";"BR-392/RS";"Norte";"Colisão Traseira";0;0;2;0;0;0;0;0;0;0;2;0;0;0;0
"25/06/2014";"02:22:00";"65";"com vítima";"529.3";"BR-116/RS";"Norte";"Abalr.Transversal";0;0;2;0;0;0;0;0;0;0;1;0;1;0;0
"25/06/2014";"06:14:00";"88";"sem vítima";"43.9";"BR-293/RS";"Norte";"Colisão Traseira";1;0;2;0;0;0;0;0;0;0;3;0;0;0;0
"26/06/2014";"07:41:00";"20";"sem vítima";"66.7";"BR-392/RS";"Sul";"Abalr.Transversal";0;0;1;0;0;0;0;0;0;0;1;0;0;0;0
"26/06/2014";"09:40:00";"35";"sem vítima";"526.3";"BR-116/RS";"Norte";"Abalr.Transversal";0;0;1;0;0;0;0;0;0;0;1;0;0;0;0
"26/06/2014";"11:55:00";"48";"sem vítima";"484.1";"BR-116/RS";"Norte";"Colisão Traseira";1;0;0;0;1;0;0;0;0;0;2;0;0;0;0
"26/06/2014";"03:39:00";"69";"sem vítima";"80.4";"BR-392/RS";"Sul";"Colisão Traseira";1;0;0;0;0;0;0;0;0;0;1;0;0;0;0
"26/06/2014";"09:21:00";"105";"sem vítima";"119.8";"BR-392/RS";"Norte";"Abalr.Sentido Oposto";0;0;1;0;0;0;0;0;0;0;1;0;0;0;0
"26/06/2014";"11:34:00";"110";"com vítima";"467.6";"BR-116/RS";"Sul";"Abalr.Sentido Oposto";3;0;0;0;0;0;0;0;0;0;5;1;0;0;0
"27/06/2014";"06:15:00";"16";"com vítima";"71.4";"BR-392/RS";"Norte";"Saída de Pista";1;0;1;0;0;0;0;0;0;0;1;1;0;0;0
"27/06/2014";"09:36:00";"38";"com vítima";"67.6";"BR-392/RS";"Norte";"Abalr.Transversal";1;0;0;0;0;0;0;0;0;0;0;2;0;0;0
"27/06/2014";"12:28:00";"62";"sem vítima";"71.4";"BR-392/RS";"Norte";"Outros tipos de acidente";0;0;2;0;0;0;0;0;0;0;3;0;0;0;0
"27/06/2014";"03:03:00";"79";"com vítima";"49.2";"BR-392/RS";"Norte";"Saída de Pista";1;0;0;0;0;0;0;0;0;0;0;1;0;0;0
"28/06/2014";"06:17:00";"24";"com vítima";"8.9";"BR-392/RS";"Norte";"Abalr.Transversal";1;0;0;1;0;0;0;0;0;0;3;1;0;0;0
"29/06/2014";"05:36:00";"82";"com vítima";"510.3";"BR-116/RS";"Sul";"Colisão Traseira";1;0;0;0;0;0;0;0;0;0;2;2;0;0;0
"29/06/2014";"05:39:00";"83";"sem vítima";"583.3";"BR-116/RS";"Norte";"Saída de Pista";2;0;0;0;0;0;0;0;0;0;4;0;0;0;0
"29/06/2014";"11:45:00";"111";"com vítima";"2.8";"BR-392/RS";"Sul";"Colisão com Objeto Fixo";0;0;0;1;0;0;0;0;0;0;0;1;1;0;0
"30/06/2014";"12:51:00";"3";"com vítima";"15";"BR-392/RS";"Norte";"Atropelamento de Animal";0;0;0;1;0;0;0;0;0;0;0;1;0;0;0
"30/06/2014";"09:18:00";"33";"com vítima";"90.3";"BR-392/RS";"Sul";"Saída de Pista";0;0;1;0;0;0;0;0;0;0;0;1;0;0;0
"30/06/2014";"10:08:00";"37";"sem vítima";"66.9";"BR-392/RS";"Sul";"Abalr.Transversal";2;0;0;0;0;0;0;0;0;0;2;0;0;0;0
"30/06/2014";"12:40:00";"57";"com vítima";"529";"BR-116/RS";"Norte";"Abalr.Transversal";0;0;0;1;0;0;0;0;0;0;0;0;1;0;0
"30/06/2014";"01:02:00";"58";"sem vítima";"464.7";"BR-116/RS";"Sul";"Outros tipos de acidente";1;0;1;0;0;0;0;0;0;0;2;0;0;0;0
"01/07/2014";"06:56:00";"18";"sem vítima";"525.7";"BR-116/RS";"Sul";"Atropelamento de Animal";1;0;0;0;0;1;0;0;0;0;2;0;0;0;0
"01/07/2014";"07:53:00";"97";"sem vítima";"510";"BR-116/RS";"Sul";"Colisão Traseira";1;0;0;0;0;0;0;0;0;0;4;0;0;0;0
"01/07/2014";"08:14:00";"100";"sem vítima";"2.9";"BR-392/RS";"Sul";"Saída de Pista";0;0;1;0;0;0;0;0;0;0;1;0;0;0;0
"02/07/2014";"09:38:00";"42";"com vítima";"465.3";"BR-116/RS";"Sul";"Saída de Pista";2;0;0;0;0;0;0;0;0;0;4;1;1;0;0
"02/07/2014";"09:42:00";"43";"sem vítima";"66.5";"BR-392/RS";"Sul";"Abalr.Transversal";1;0;1;0;0;0;0;0;0;0;4;0;0;0;0
"02/07/2014";"06:57:00";"100";"com vítima";"526";"BR-116/RS";"Norte";"Abalr.Mesmo Sentido";1;0;0;0;0;0;0;0;0;0;0;2;0;0;0
"03/07/2014";"09:58:00";"38";"sem vítima";"76.2";"BR-392/RS";"Sul";"Abalr.Mesmo Sentido";1;0;0;0;0;0;0;0;0;0;2;0;0;0;0
"03/07/2014";"04:53:00";"91";"com vítima";"494";"BR-116/RS";"Norte";"Abalr.Sentido Oposto";0;0;0;1;0;0;0;0;0;0;0;1;0;0;0
"03/07/2014";"11:52:00";"125";"sem vítima";"526.5";"BR-116/RS";"Norte";"Abalr.Transversal";2;0;0;0;0;0;0;0;0;0;5;0;0;0;0
"04/07/2014";"12:03:00";"1";"com vítima";"400.8";"BR-116/RS";"Norte";"Saída de Pista";2;0;0;0;0;0;0;0;0;0;2;1;0;0;0
"04/07/2014";"03:45:00";"73";"com vítima";"120.9";"BR-392/RS";"Norte";"Abalr.Mesmo Sentido";0;0;1;1;0;0;0;0;0;0;1;0;2;0;0
"04/07/2014";"04:27:00";"77";"com vítima";"505.2";"BR-116/RS";"Sul";"Abalr.Mesmo Sentido";1;0;1;0;0;0;0;0;0;0;0;2;0;0;0
"04/07/2014";"04:52:00";"80";"com vítima";"447";"BR-116/RS";"Norte";"Abalr.Transversal";2;0;0;0;0;0;0;0;0;0;1;1;2;0;0
"04/07/2014";"11:32:00";"95";"com vítima";"491.9";"BR-116/RS";"Sul";"Colisão com Objeto Fixo";0;0;0;1;0;0;0;0;0;0;0;1;0;0;0
"05/07/2014";"01:46:00";"11";"sem vítima";"12.8";"BR-392/RS";"Sul";"Colisão Traseira";0;0;2;0;0;0;0;0;0;0;2;0;0;0;0
"05/07/2014";"02:19:00";"16";"sem vítima";"118.5";"BR-392/RS";"Sul";"Colisão com Objeto Fixo";2;0;0;0;0;0;0;0;0;0;2;0;0;0;0
"05/07/2014";"10:22:00";"35";"sem vítima";"117.1";"BR-392/RS";"Sul";"Abalr.Transversal";0;0;1;0;0;0;0;0;0;0;1;0;0;0;0
"05/07/2014";"06:53:00";"101";"com vítima";"94.4";"BR-392/RS";"Sul";"Abalr.Transversal";0;0;0;1;0;0;0;0;0;0;1;1;0;0;0
"06/07/2014";"05:25:00";"20";"sem vítima";"2.6";"BR-392/RS";"Sul";"Colisão com Objeto Fixo";1;0;0;0;0;0;0;0;0;0;1;0;0;0;0
"06/07/2014";"12:42:00";"53";"com vítima";"16.5";"BR-392/RS";"Norte";"Saída de Pista";1;1;0;0;0;0;0;0;0;0;1;0;1;0;0
"07/07/2014";"06:51:00";"19";"com vítima";"519.6";"BR-116/RS";"Norte";"Atropelamento";0;0;0;1;0;0;0;0;0;0;0;1;0;0;0
"07/07/2014";"04:24:00";"96";"com vítima";"41.8";"BR-392/RS";"Norte";"Tombamento";1;0;1;0;0;0;0;0;0;0;1;1;0;0;0
"07/07/2014";"10:09:00";"122";"sem vítima";"521.4";"BR-116/RS";"Norte";"Colisão Traseira";1;0;1;0;0;0;0;0;0;0;4;0;0;0;0
"09/07/2014";"07:35:00";"23";"com vítima";"531.7";"BR-116/RS";"Norte";"Abalr.Mesmo Sentido";1;0;0;0;0;0;0;0;0;0;0;0;1;0;0
"09/07/2014";"11:22:00";"44";"sem vítima";"613.2";"BR-116/RS";"Sul";"Saída de Pista";1;0;1;0;0;0;0;0;0;0;3;0;0;0;0
"10/07/2014";"09:57:00";"45";"com vítima";"531";"BR-116/RS";"Sul";"Colisão Traseira";1;0;1;0;0;0;0;0;0;0;1;0;1;0;0
"10/07/2014";"03:17:00";"81";"sem vítima";"25";"BR-392/RS";"Norte";"Saída de Pista";0;0;1;0;0;0;0;0;0;0;1;0;0;0;0
"10/07/2014";"06:33:00";"99";"com vítima";"557.7";"BR-116/RS";"Norte";"Saída de Pista";0;0;0;1;0;0;0;0;0;0;0;0;1;0;0
"11/07/2014";"06:12:00";"20";"sem vítima";"426.6";"BR-116/RS";"Norte";"Atropelamento de Animal";1;0;0;0;0;0;0;0;0;0;3;0;0;0;0
"11/07/2014";"01:58:00";"76";"sem vítima";"76.1";"BR-392/RS";"Sul";"Abalr.Mesmo Sentido";1;0;0;0;0;0;0;0;0;0;1;0;0;0;0
"11/07/2014";"04:53:00";"97";"sem vítima";"451.6";"BR-116/RS";"Norte";"Tombamento";2;0;0;0;0;0;0;0;0;0;3;0;0;0;0
"11/07/2014";"05:20:00";"101";"sem vítima";"66.5";"BR-392/RS";"Sul";"Abalr.Transversal";1;0;1;0;0;0;0;0;0;0;2;0;0;0;0
"11/07/2014";"10:53:00";"127";"com vítima";"458.3";"BR-116/RS";"Sul";"Atropelamento de Animal";1;1;0;0;0;0;0;0;0;0;1;0;1;0;0
"13/07/2014";"03:42:00";"22";"sem vítima";"27.7";"BR-392/RS";"Norte";"Abalr.Transversal";1;0;0;0;0;0;0;0;0;0;1;0;0;0;0
"13/07/2014";"06:48:00";"87";"com vítima";"123.3";"BR-392/RS";"Norte";"Abalr.Transversal";1;0;0;1;0;0;0;0;0;0;1;0;1;0;0
"14/07/2014";"01:30:00";"61";"com vítima";"66.9";"BR-392/RS";"Sul";"Abalr.Transversal";1;0;1;0;0;0;0;0;0;0;1;1;0;0;0
"14/07/2014";"02:05:00";"63";"sem vítima";"80.4";"BR-392/RS";"Norte";"Colisão Traseira";1;0;1;0;0;0;0;0;0;0;5;0;0;0;0
"14/07/2014";"03:45:00";"70";"sem vítima";"44.8";"BR-392/RS";"Sul";"Saída de Pista";0;0;1;0;0;0;0;0;0;0;3;0;0;0;0
"14/07/2014";"05:47:00";"92";"com vítima";"584";"BR-116/RS";"Norte";"Saída de Pista";1;0;1;0;0;0;0;0;0;0;1;2;0;0;0
"14/07/2014";"11:35:00";"123";"sem vítima";"61";"BR-392/RS";"Norte";"Saída de Pista";1;0;0;0;0;0;0;0;0;0;1;0;0;0;0
"15/07/2014";"06:05:00";"22";"sem vítima";"442.7";"BR-116/RS";"Norte";"Colisão Frontal";1;0;0;0;1;0;0;0;0;0;2;0;0;0;0
"15/07/2014";"08:02:00";"35";"com vítima";"654.4";"BR-116/RS";"Sul";"Saída de Pista";1;0;1;0;0;0;0;0;0;0;3;1;0;0;0
"16/07/2014";"07:02:00";"26";"sem vítima";"513.9";"BR-116/RS";"Sul";"Colisão com Objeto Fixo";1;0;0;0;0;0;0;0;0;0;1;0;0;0;0
"16/07/2014";"09:36:00";"35";"sem vítima";"66.8";"BR-392/RS";"Sul";"Abalr.Transversal";1;0;0;0;0;0;0;0;0;0;1;0;0;0;0
"16/07/2014";"02:01:00";"63";"com vítima";"527.1";"BR-116/RS";"Sul";"Saída de Pista";1;0;0;0;0;0;0;0;0;0;0;1;0;0;0
"17/07/2014";"07:30:00";"29";"sem vítima";"1.4";"BR-392/RS";"Sul";"Colisão Frontal";2;0;0;0;0;0;0;0;0;0;2;0;0;0;0
"17/07/2014";"07:03:00";"100";"sem vítima";"527.6";"BR-116/RS";"Sul";"Colisão Traseira";0;0;1;0;0;0;0;0;0;0;3;0;0;0;0
"18/07/2014";"10:15:00";"38";"sem vítima";"482";"BR-116/RS";"Norte";"Colisão Traseira";1;0;1;0;0;0;0;0;0;0;2;0;0;0;0
"18/07/2014";"06:42:00";"91";"sem vítima";"132";"BR-392/RS";"Sul";"Colisão Frontal";1;0;1;0;0;0;0;0;0;0;2;0;0;0;0
"18/07/2014";"10:23:00";"108";"sem vítima";"5.4";"BR-392/RS";"Norte";"Saída de Pista";1;0;1;0;0;0;0;0;0;0;3;0;0;0;0
"21/07/2014";"03:51:00";"79";"sem vítima";"71.5";"BR-392/RS";"Sul";"Abalr.Mesmo Sentido";0;0;2;0;0;0;0;0;0;0;4;0;0;0;0
"21/07/2014";"05:37:00";"87";"com vítima";"516.9";"BR-116/RS";"Norte";"Abalr.Transversal";1;1;0;0;0;0;0;0;0;0;1;0;0;1;0
"21/07/2014";"06:29:00";"96";"sem vítima";"25";"BR-392/RS";"Norte";"Atropelamento";1;0;0;0;0;0;0;0;0;0;1;0;0;0;0
"22/07/2014";"05:36:00";"19";"sem vítima";"194";"BR-392/RS";"Sul";"Saída de Pista";0;0;1;0;0;0;0;0;0;0;1;0;0;0;0
"22/07/2014";"03:40:00";"85";"com vítima";"557.5";"BR-116/RS";"Norte";"Saída de Pista";1;0;0;0;0;0;0;0;0;0;0;3;0;0;0
"22/07/2014";"05:33:00";"98";"sem vítima";"81.5";"BR-392/RS";"Sul";"Abalr.Sentido Oposto";0;0;1;0;0;0;0;0;0;0;1;0;0;0;0
"22/07/2014";"10:31:00";"129";"sem vítima";"26.5";"BR-392/RS";"Norte";"Colisão com Objeto Fixo";0;0;2;0;0;0;0;0;0;0;2;0;0;0;0
"23/07/2014";"01:50:00";"70";"sem vítima";"516";"BR-116/RS";"Sul";"Saída de Pista";0;0;1;0;0;0;0;0;0;0;1;0;0;0;0
"23/07/2014";"02:39:00";"73";"com vítima";"624.1";"BR-116/RS";"Norte";"Saída de Pista";2;0;0;0;0;0;0;0;0;0;0;3;1;0;0
"23/07/2014";"06:42:00";"97";"sem vítima";"656.8";"BR-116/RS";"Norte";"Saída de Pista";2;0;0;0;0;0;0;0;0;0;2;0;0;0;0
"25/07/2014";"01:36:00";"13";"sem vítima";"487";"BR-116/RS";"Norte";"Saída de Pista";2;0;0;0;0;0;0;0;0;0;4;0;0;0;0
"25/07/2014";"05:58:00";"20";"com vítima";"61.6";"BR-392/RS";"Norte";"Colisão com Objeto Fixo";1;0;2;0;0;0;0;0;0;0;5;1;1;0;0
"25/07/2014";"08:16:00";"26";"sem vítima";"530.1";"BR-116/RS";"Norte";"Abalr.Transversal";2;0;0;0;0;0;0;0;0;0;3;0;0;0;0
"25/07/2014";"04:06:00";"83";"com vítima";"416.3";"BR-116/RS";"Norte";"Saída de Pista";2;0;0;0;0;0;0;0;0;0;0;0;1;3;0
"26/07/2014";"01:01:00";"13";"com vítima";"4.4";"BR-392/RS";"Sul";"Colisão Traseira";1;0;0;0;0;0;0;0;0;0;0;4;0;0;0
"26/07/2014";"02:20:00";"79";"com vítima";"53.5";"BR-392/RS";"Norte";"Saída de Pista";0;0;1;0;0;0;0;0;0;0;0;2;0;0;0
"26/07/2014";"02:38:00";"81";"com vítima";"68.2";"BR-392/RS";"Norte";"Outros tipos de acidente";1;0;0;0;0;0;0;0;0;0;0;4;0;0;0
"27/07/2014";"05:18:00";"19";"sem vítima";"99.5";"BR-392/RS";"Sul";"Saída de Pista";0;0;2;0;0;0;0;0;0;0;3;0;0;0;0
"27/07/2014";"05:52:00";"21";"com vítima";"441";"BR-116/RS";"Norte";"Saída de Pista";2;0;0;0;0;0;0;0;0;0;1;2;0;0;0
"27/07/2014";"05:04:00";"68";"com vítima";"596.1";"BR-116/RS";"Norte";"Saída de Pista";1;0;0;0;0;0;0;0;0;0;0;1;0;0;0
"27/07/2014";"07:14:00";"90";"sem vítima";"531.4";"BR-116/RS";"Norte";"Abalr.Mesmo Sentido";0;0;1;0;0;0;0;0;0;0;1;0;0;0;0
"28/07/2014";"07:51:00";"23";"sem vítima";"528.5";"BR-116/RS";"Norte";"Colisão Traseira";0;0;1;0;0;0;0;0;0;0;1;0;0;0;0
"28/07/2014";"11:57:00";"134";"com vítima";"2.3";"BR-392/RS";"Norte";"Colisão Traseira";1;0;0;1;0;0;0;0;0;0;3;1;1;0;0
"28/07/2014";"11:59:00";"135";"sem vítima";"61.2";"BR-392/RS";"Sul";"Saída de Pista";0;0;1;1;0;0;0;0;0;0;2;0;0;0;0
"30/07/2014";"06:38:00";"20";"sem vítima";"525.2";"BR-116/RS";"Norte";"Colisão Traseira";1;0;1;0;0;0;0;0;0;0;2;0;0;0;0
"31/07/2014";"10:39:00";"40";"com vítima";"71";"BR-392/RS";"Sul";"Abalr.Transversal";2;0;0;0;0;0;0;0;0;0;3;1;0;0;0
"31/07/2014";"11:22:00";"41";"sem vítima";"49.1";"BR-392/RS";"Sul";"Saída de Pista";1;0;0;0;0;0;0;0;0;0;4;0;0;0;0
"31/07/2014";"05:36:00";"90";"com vítima";"66.9";"BR-392/RS";"Sul";"Abalr.Transversal";1;0;0;0;0;0;0;0;0;0;0;1;0;0;0
"31/07/2014";"10:19:00";"110";"sem vítima";"12.2";"BR-392/RS";"Norte";"Saída de Pista";0;0;2;0;0;0;0;0;0;0;2;0;0;0;0
"01/08/2014";"11:03:00";"34";"com vítima";"440.5";"BR-116/RS";"Norte";"Saída de Pista";2;0;0;0;0;0;0;0;0;0;3;2;1;0;0
"02/08/2014";"02:17:00";"15";"com vítima";"608.6";"BR-116/RS";"Sul";"Saída de Pista";1;1;0;0;0;0;0;0;0;0;3;0;0;0;1
"02/08/2014";"07:43:00";"22";"com vítima";"487.5";"BR-116/RS";"Sul";"Abalr.Transversal";1;0;0;1;0;0;0;0;0;0;1;0;2;0;0
"02/08/2014";"12:54:00";"43";"com vítima";"523.5";"BR-116/RS";"Norte";"Abalr.Transversal";1;0;0;0;0;0;0;0;0;0;0;0;0;2;0
"02/08/2014";"06:45:00";"80";"com vítima";"531.1";"BR-116/RS";"Norte";"Colisão Frontal";1;0;0;0;0;0;0;0;0;0;0;1;1;0;0
"03/08/2014";"02:56:00";"65";"com vítima";"522.6";"BR-116/RS";"Norte";"Abalr.Mesmo Sentido";0;0;0;1;0;0;0;0;0;0;0;1;0;0;0
"03/08/2014";"03:16:00";"67";"sem vítima";"522.7";"BR-116/RS";"Norte";"Abalr.Transversal";1;0;1;0;0;0;0;0;0;0;2;0;0;0;0
"03/08/2014";"07:47:00";"109";"sem vítima";"429.4";"BR-116/RS";"Norte";"Saída de Pista";0;0;0;0;1;0;0;0;0;0;1;0;0;0;0
"04/08/2014";"07:29:00";"26";"sem vítima";"5.3";"BR-392/RS";"Sul";"Saída de Pista";1;0;1;0;0;0;0;0;0;0;2;0;0;0;0
"04/08/2014";"01:29:00";"84";"com vítima";"6.9";"BR-392/RS";"Sul";"Colisão Traseira";2;0;0;0;0;0;0;0;0;0;1;0;1;0;0
"04/08/2014";"06:02:00";"116";"sem vítima";"526";"BR-116/RS";"Norte";"Abalr.Transversal";1;0;0;0;1;0;0;0;0;0;5;0;0;0;0
"05/08/2014";"06:38:00";"16";"sem vítima";"19.8";"BR-392/RS";"Norte";"Atropelamento de Animal";0;0;2;0;0;0;0;0;0;0;2;0;0;0;0
"05/08/2014";"08:17:00";"28";"sem vítima";"521";"BR-116/RS";"Sul";"Abalr.Transversal";0;0;2;0;0;0;0;0;0;0;2;0;0;0;0
"05/08/2014";"04:01:00";"83";"sem vítima";"16";"BR-392/RS";"Sul";"Abalr.Mesmo Sentido";1;0;0;0;1;1;0;0;0;0;3;0;0;0;0
"05/08/2014";"06:38:00";"98";"com vítima";"71.7";"BR-392/RS";"Norte";"Abalr.Transversal";1;0;0;0;0;0;0;0;0;0;1;0;0;0;1
"05/08/2014";"07:45:00";"106";"sem vítima";"515";"BR-116/RS";"Norte";"Abalr.Sentido Oposto";1;0;1;0;0;0;0;0;0;0;4;0;0;0;0
"06/08/2014";"07:19:00";"21";"com vítima";"4.8";"BR-392/RS";"Sul";"Abalr.Transversal";0;0;2;0;0;0;0;0;0;0;1;0;1;0;0
"06/08/2014";"01:23:00";"53";"sem vítima";"66.9";"BR-392/RS";"Sul";"Abalr.Transversal";0;0;4;0;0;0;0;0;0;0;4;0;0;0;0
"06/08/2014";"10:40:00";"112";"sem vítima";"2.8";"BR-392/RS";"Norte";"Colisão Traseira";0;0;1;0;0;0;0;0;0;0;1;0;0;0;0
"06/08/2014";"11:35:00";"115";"sem vítima";"655.2";"BR-116/RS";"Norte";"Atropelamento de Animal";1;0;1;0;0;0;0;0;0;0;2;0;0;0;0
"08/08/2014";"01:15:00";"72";"sem vítima";"105.2";"BR-392/RS";"Norte";"Saída de Pista";0;0;1;0;0;0;0;0;0;0;1;0;0;0;0
"08/08/2014";"04:57:00";"106";"sem vítima";"443.2";"BR-116/RS";"Norte";"Abalr.Mesmo Sentido";1;0;1;0;0;0;0;0;0;0;2;0;0;0;0
"09/08/2014";"09:09:00";"39";"sem vítima";"5.7";"BR-392/RS";"Sul";"Saída de Pista";1;0;0;0;0;0;0;0;0;0;1;0;0;0;0
"09/08/2014";"12:12:00";"62";"com vítima";"118.5";"BR-392/RS";"Norte";"Colisão Traseira";1;0;0;0;0;0;0;0;0;0;0;1;2;0;0
"09/08/2014";"02:42:00";"70";"com vítima";"85.7";"BR-392/RS";"Sul";"Abalr.Transversal";1;0;0;1;0;0;0;0;0;0;0;2;0;0;1
"09/08/2014";"07:22:00";"97";"com vítima";"66.9";"BR-392/RS";"Sul";"Abalr.Transversal";1;0;0;0;0;0;0;0;0;0;1;0;0;1;0
"10/08/2014";"01:31:00";"11";"com vítima";"52.3";"BR-392/RS";"Norte";"Tombamento";1;0;0;0;0;0;0;0;0;0;0;5;0;0;0
"10/08/2014";"01:58:00";"14";"sem vítima";"83.6";"BR-392/RS";"Norte";"Saída de Pista";1;0;0;0;0;0;0;0;0;0;2;0;0;0;0
"12/08/2014";"09:07:00";"27";"com vítima";"9.2";"BR-392/RS";"Sul";"Abalr.Transversal";1;0;0;0;0;0;0;0;0;0;0;1;1;0;0
"12/08/2014";"07:04:00";"90";"sem vítima";"25.9";"BR-392/RS";"Norte";"Abalr.Mesmo Sentido";1;0;0;0;0;0;0;0;0;0;1;0;0;0;0
"13/08/2014";"10:14:00";"43";"com vítima";"529";"BR-116/RS";"Norte";"Colisão Traseira";0;0;1;0;0;0;0;0;0;0;0;1;0;0;0
"13/08/2014";"01:58:00";"67";"sem vítima";"449.9";"BR-116/RS";"Sul";"Colisão Frontal";0;0;1;0;0;0;0;0;0;0;2;0;0;0;0
"13/08/2014";"03:09:00";"71";"sem vítima";"76.3";"BR-392/RS";"Sul";"Abalr.Transversal";1;0;1;0;0;0;0;0;0;0;3;0;0;0;0
"14/08/2014";"10:24:00";"53";"sem vítima";"520.9";"BR-116/RS";"Sul";"Abalr.Transversal";3;0;0;0;0;0;0;0;0;0;3;0;0;0;0
"14/08/2014";"05:57:00";"94";"sem vítima";"500";"BR-116/RS";"Norte";"Saída de Pista";1;0;0;0;0;0;0;0;0;0;2;0;0;0;0
"14/08/2014";"11:39:00";"126";"com vítima";"65.5";"BR-392/RS";"Sul";"Colisão Traseira";0;0;0;2;0;0;0;0;0;0;0;1;1;0;0
"15/08/2014";"01:57:00";"81";"com vítima";"526.5";"BR-116/RS";"Norte";"Abalr.Transversal";1;0;0;0;0;0;0;0;0;0;3;0;1;0;0
"16/08/2014";"12:37:00";"73";"com vítima";"568.4";"BR-116/RS";"Sul";"Saída de Pista";1;0;0;0;0;0;0;0;0;0;0;1;0;0;0
"16/08/2014";"06:45:00";"113";"com vítima";"12.2";"BR-392/RS";"Sul";"Abalr.Transversal";2;0;0;0;0;0;0;0;0;0;0;1;1;1;0
"16/08/2014";"09:06:00";"126";"com vítima";"551";"BR-116/RS";"Sul";"Colisão Frontal";1;0;0;1;0;0;0;0;0;0;1;0;2;0;0
"17/08/2014";"06:58:00";"29";"sem vítima";"494.5";"BR-116/RS";"Sul";"Tombamento";0;0;1;0;0;0;0;0;0;0;1;0;0;0;0
"17/08/2014";"03:46:00";"84";"com vítima";"50.3";"BR-392/RS";"Norte";"Tombamento";1;0;0;0;0;0;0;0;0;0;1;1;0;0;0
"17/08/2014";"06:54:00";"104";"sem vítima";"526.2";"BR-116/RS";"Sul";"Colisão Traseira";1;0;0;0;0;0;0;0;0;0;1;0;0;0;0