data;horario;n_da_ocorrencia;tipo_de_ocorrencia;km;trecho;sentido;tipo_de_acidente;automovel;bicicleta;caminhao;moto;onibus;outros;tracao_animal;transporte_de_cargas_especiais;trator_maquinas;utilitarios;ilesos;levemente_feridos;moderadamente_feridos;gravemente_feridos;mortos
"17/08/2014";"06:59:00";"105";"com vítima";"570.2";"BR-116/RS";"Norte";"Saída de Pista";2;0;0;0;0;0;0;0;0;0;2;3;0;0;0
"19/08/2014";"05:11:00";"18";"sem vítima";"514.2";"BR-116/RS";"Norte";"Colisão Frontal";1;0;0;0;0;0;0;0;0;0;1;0;0;0;0
"19/08/2014";"07:05:00";"21";"sem vítima";"66.9";"BR-392/RS";"Sul";"Abalr.Transversal";1;0;0;0;0;0;0;0;0;0;3;0;0;0;0
"19/08/2014";"02:26:00";"66";"sem vítima";"122.2";"BR-392/RS";"Norte";"Abalr.Transversal";1;0;0;0;0;0;0;0;0;0;1;0;0;0;0
"19/08/2014";"03:08:00";"69";"sem vítima";"516.9";"BR-116/RS";"Norte";"Abalr.Transversal";2;0;0;0;0;0;0;0;0;0;2;0;0;0;0
"19/08/2014";"03:54:00";"73";"com vítima";"474.4";"BR-116/RS";"Norte";"Colisão Traseira";1;0;0;0;0;0;0;0;0;0;3;0;1;0;0
"20/08/2014";"10:57:00";"47";"com vítima";"427";"BR-116/RS";"Sul";"Abalr.Transversal";1;0;0;0;0;0;0;0;0;0;2;0;0;1;0
"20/08/2014";"11:52:00";"126";"sem vítima";"5.7";"BR-392/RS";"Sul";"Abalr.Mesmo Sentido";1;0;0;0;0;0;0;0;0;0;2;0;0;0;0
"21/08/2014";"06:41:00";"20";"com vítima";"47.2";"BR-392/RS";"Sul";"Saída de Pista";0;0;1;0;0;0;0;0;0;0;0;0;1;0;0
"21/08/2014";"06:45:00";"21";"com vítima";"59.5";"BR-392/RS";"Sul";"Saída de Pista";1;0;0;0;0;0;0;0;0;0;0;0;1;0;0
"21/08/2014";"12:11:00";"53";"com vítima";"66.6";"BR-392/RS";"Sul";"Abalr.Transversal";1;0;0;0;0;0;0;0;0;0;0;4;0;0;0
"21/08/2014";"07:22:00";"113";"sem vítima";"449";"BR-116/RS";"Sul";"Atropelamento";1;0;1;0;0;0;0;0;0;0;2;0;0;0;0
"22/08/2014";"10:59:00";"62";"sem vítima";"420.8";"BR-116/RS";"Norte";"Colisão Traseira";1;0;0;0;0;0;0;0;0;0;1;0;0;0;0
"22/08/2014";"12:52:00";"81";"com vítima";"418.4";"BR-116/RS";"Norte";"Saída de Pista";1;0;0;1;0;0;0;0;0;0;1;0;1;0;0
"22/08/2014";"01:59:00";"87";"sem vítima";"47";"BR-392/RS";"Sul";"Colisão Traseira";1;0;0;0;0;0;0;0;0;0;2;0;0;0;0
"23/08/2014";"03:45:00";"18";"com vítima";"1.7";"BR-392/RS";"Norte";"Colisão Frontal";3;0;0;0;0;0;0;0;0;0;0;5;0;0;0
"24/08/2014";"07:30:00";"24";"sem vítima";"619.4";"BR-116/RS";"Sul";"Saída de Pista";2;0;0;0;0;0;0;0;0;0;2;0;0;0;0
"24/08/2014";"12:31:00";"60";"sem vítima";"22.9";"BR-392/RS";"Sul";"Saída de Pista";0;0;1;0;0;0;0;0;0;0;1;0;0;0;0
"25/08/2014";"05:35:00";"22";"sem vítima";"23.6";"BR-392/RS";"Sul";"Atropelamento de Animal";1;0;0;0;0;0;0;0;0;0;2;0;0;0;0
"25/08/2014";"09:35:00";"40";"com vítima";"9.9";"BR-392/RS";"Norte";"Abalr.Transversal";0;0;0;1;0;0;0;0;0;0;0;1;0;0;0
"25/08/2014";"04:07:00";"77";"com vítima";"45.4";"BR-392/RS";"Norte";"Saída de Pista";0;0;0;2;0;0;0;0;0;0;0;2;0;0;0
"25/08/2014";"10:10:00";"100";"com vítima";"18";"BR-392/RS";"Sul";"Abalr.Mesmo Sentido";1;0;1;0;0;0;0;0;0;0;2;1;0;0;0
"25/08/2014";"11:09:00";"101";"com vítima";"572.1";"BR-116/RS";"Norte";"Saída de Pista";1;0;0;0;0;0;0;0;0;0;0;2;0;0;0
"27/08/2014";"09:21:00";"138";"com vítima";"526.7";"BR-116/RS";"Sul";"Atropelamento de Animal";1;0;0;1;0;0;0;0;0;0;1;0;2;0;0
"28/08/2014";"07:55:00";"35";"com vítima";"176";"BR-392/RS";"Sul";"Colisão Traseira";2;0;0;0;0;0;0;0;0;0;0;1;1;1;0
"29/08/2014";"03:04:00";"15";"sem vítima";"639";"BR-116/RS";"Norte";"Saída de Pista";1;0;1;0;0;0;0;0;0;0;3;0;0;0;0
"29/08/2014";"08:35:00";"29";"sem vítima";"401.3";"BR-116/RS";"Sul";"Abalr.Mesmo Sentido";1;0;0;0;0;0;0;0;0;0;1;0;0;0;0
"29/08/2014";"12:17:00";"58";"com vítima";"459";"BR-116/RS";"Norte";"Colisão Traseira";1;0;1;0;0;0;0;0;0;0;1;0;1;0;0
"31/08/2014";"04:41:00";"11";"com vítima";"61";"BR-392/RS";"Sul";"Saída de Pista";0;0;0;1;0;0;0;0;0;0;0;1;0;0;0
"31/08/2014";"06:10:00";"12";"sem vítima";"461";"BR-116/RS";"Norte";"Saída de Pista";2;0;0;0;0;0;0;0;0;0;11;0;0;0;0
"31/08/2014";"08:03:00";"21";"sem vítima";"140";"BR-392/RS";"Norte";"Colisão Traseira";1;0;0;0;0;0;0;0;0;0;2;0;0;0;0
"31/08/2014";"07:39:00";"82";"sem vítima";"468.1";"BR-116/RS";"Norte";"Saída de Pista";2;0;0;0;0;0;0;0;0;0;4;0;0;0;0
"01/09/2014";"08:14:00";"23";"sem vítima";"405.1";"BR-116/RS";"Sul";"Atropelamento";0;0;2;0;0;0;0;0;0;0;2;0;0;0;0
"01/09/2014";"08:51:00";"28";"com vítima";"405.1";"BR-116/RS";"Sul";"Colisão Traseira";0;0;2;0;0;0;0;0;0;0;3;1;0;0;0
"02/09/2014";"11:29:00";"60";"com vítima";"526.1";"BR-116/RS";"Sul";"Colisão Traseira";0;0;1;1;0;0;0;0;0;0;1;2;0;0;0
"02/09/2014";"12:28:00";"71";"com vítima";"519.7";"BR-116/RS";"Norte";"Colisão Traseira";1;0;0;1;0;0;0;0;0;0;1;1;0;0;0
"02/09/2014";"07:07:00";"113";"sem vítima";"452.1";"BR-116/RS";"Norte";"Abalr.Mesmo Sentido";3;0;0;0;0;0;0;0;0;0;5;0;0;0;0
"03/09/2014";"01:59:00";"12";"sem vítima";"482.2";"BR-116/RS";"Sul";"Saída de Pista";0;0;2;0;0;0;0;0;0;0;3;0;0;0;0
"03/09/2014";"07:14:00";"21";"sem vítima";"38.3";"BR-392/RS";"Sul";"Saída de Pista";1;0;3;0;0;0;0;0;0;0;6;0;0;0;0
"03/09/2014";"05:44:00";"87";"sem vítima";"191.2";"BR-392/RS";"Sul";"Colisão Frontal";2;0;0;0;0;0;0;0;0;0;2;0;0;0;0
"04/09/2014";"01:51:00";"12";"sem vítima";"29.5";"BR-392/RS";"Sul";"Atropelamento de Animal";0;0;1;0;0;0;0;0;0;0;2;0;0;0;0
"04/09/2014";"09:22:00";"36";"sem vítima";"481.6";"BR-116/RS";"Norte";"Colisão Traseira";0;0;2;0;1;0;0;0;0;0;4;0;0;0;0
"05/09/2014";"01:12:00";"82";"com vítima";"415.5";"BR-116/RS";"Norte";"Outros tipos de acidente";0;0;0;1;0;0;0;0;0;0;0;0;1;0;0
"05/09/2014";"05:21:00";"108";"com vítima";"122.2";"BR-392/RS";"Sul";"Abalr.Transversal";1;0;0;0;0;0;0;0;0;0;0;2;0;0;0
"05/09/2014";"07:36:00";"124";"sem vítima";"482.3";"BR-116/RS";"Sul";"Tombamento";1;0;1;0;0;0;0;0;0;0;3;0;0;0;0
"06/09/2014";"10:53:00";"44";"sem vítima";"7.8";"BR-392/RS";"Sul";"Abalr.Transversal";1;0;0;0;0;0;0;0;0;0;1;0;0;0;0
"06/09/2014";"12:33:00";"59";"sem vítima";"529.7";"BR-116/RS";"Norte";"Saída de Pista";1;0;0;0;1;0;0;0;0;0;4;0;0;0;0
"06/09/2014";"03:36:00";"75";"com vítima";"67";"BR-392/RS";"Sul";"Abalr.Transversal";0;0;1;1;0;0;0;0;0;0;1;0;0;0;2
"07/09/2014";"04:12:00";"72";"com vítima";"120.4";"BR-392/RS";"Norte";"Abalr.Mesmo Sentido";2;0;0;0;0;0;0;0;0;0;2;1;0;0;0
"07/09/2014";"05:04:00";"77";"com vítima";"463.2";"BR-116/RS";"Sul";"Abalr.Mesmo Sentido";0;0;0;1;0;0;0;0;0;0;0;1;0;0;0
"09/09/2014";"01:26:00";"12";"sem vítima";"20";"BR-392/RS";"Sul";"Saída de Pista";1;0;0;0;0;0;0;0;0;0;1;0;0;0;0
"10/09/2014";"12:05:00";"1";"sem vítima";"29.9";"BR-392/RS";"Norte";"Tombamento";2;0;0;0;0;0;0;0;0;0;4;0;0;0;0
"10/09/2014";"06:57:00";"28";"com vítima";"66.9";"BR-392/RS";"Sul";"Abalr.Transversal";1;0;0;1;0;0;0;0;0;0;1;1;0;0;0
"10/09/2014";"08:22:00";"36";"sem vítima";"493.7";"BR-116/RS";"Norte";"Saída de Pista";0;0;1;0;0;0;0;0;0;0;1;0;0;0;0
"10/09/2014";"10:49:00";"49";"com vítima";"22.6";"BR-392/RS";"Norte";"Saída de Pista";4;0;0;0;0;0;0;0;0;0;3;3;1;0;0
"10/09/2014";"07:54:00";"106";"com vítima";"431.9";"BR-116/RS";"Norte";"Saída de Pista";2;0;0;0;0;0;0;0;0;0;0;3;0;1;2
"11/09/2014";"11:37:00";"53";"sem vítima";"166.5";"BR-392/RS";"Norte";"Saída de Pista";0;0;2;0;0;0;0;0;0;0;4;0;0;0;0
"11/09/2014";"01:54:00";"71";"sem vítima";"15.5";"BR-392/RS";"Norte";"Abalr.Transversal";1;0;1;0;0;0;0;0;0;0;2;0;0;0;0
"11/09/2014";"06:08:00";"88";"sem vítima";"14";"BR-392/RS";"Norte";"Saída de Pista";0;0;1;0;1;0;0;0;0;0;8;0;0;0;0
"11/09/2014";"10:30:00";"108";"sem vítima";"116.1";"BR-392/RS";"Norte";"Abalr.Mesmo Sentido";2;0;0;0;0;0;0;0;0;0;2;0;0;0;0
"12/09/2014";"06:55:00";"22";"com vítima";"417.1";"BR-116/RS";"Norte";"Saída de Pista";1;0;1;0;0;0;0;0;0;0;2;1;0;0;0
"12/09/2014";"10:44:00";"45";"com vítima";"48.1";"BR-392/RS";"Norte";"Colisão Traseira";2;0;0;0;0;0;0;0;0;0;1;6;1;0;0
"13/09/2014";"12:57:00";"10";"sem vítima";"61";"BR-392/RS";"Sul";"Saída de Pista";1;0;0;0;0;0;0;0;0;0;1;0;0;0;0
"13/09/2014";"02:29:00";"74";"sem vítima";"555.6";"BR-116/RS";"Sul";"Saída de Pista";1;0;0;0;0;0;0;0;0;0;2;0;0;0;0
"13/09/2014";"06:53:00";"96";"sem vítima";"66.7";"BR-392/RS";"Sul";"Saída de Pista";0;0;3;0;0;0;0;0;0;0;3;0;0;0;0
"14/09/2014";"05:38:00";"22";"com vítima";"61";"BR-392/RS";"Norte";"Saída de Pista";1;0;0;0;0;0;0;0;0;0;0;1;0;0;0
"14/09/2014";"09:38:00";"35";"com vítima";"530.1";"BR-116/RS";"Sul";"Abalr.Transversal";0;0;0;1;0;0;0;0;0;0;0;1;0;0;0
"14/09/2014";"06:13:00";"81";"sem vítima";"607";"BR-116/RS";"Sul";"Abalr.Transversal";1;0;1;0;0;0;0;0;0;0;4;0;0;0;0
"14/09/2014";"07:37:00";"90";"sem vítima";"66.9";"BR-392/RS";"Sul";"Saída de Pista";2;0;0;0;0;0;0;0;0;0;7;0;0;0;0
"15/09/2014";"07:01:00";"26";"com vítima";"523.3";"BR-116/RS";"Sul";"Abalr.Mesmo Sentido";2;0;0;0;0;0;0;0;0;0;1;0;2;0;0
"15/09/2014";"08:13:00";"38";"com vítima";"51.7";"BR-392/RS";"Norte";"Saída de Pista";1;0;0;1;0;0;0;0;0;0;2;0;1;0;0
"16/09/2014";"07:02:00";"20";"com vítima";"4.2";"BR-392/RS";"Sul";"Abalr.Transversal";1;0;1;0;0;0;0;0;0;0;1;0;1;0;0
"16/09/2014";"08:28:00";"134";"sem vítima";"413.1";"BR-116/RS";"Norte";"Saída de Pista";1;0;1;0;0;0;0;0;0;0;3;0;0;0;0
"16/09/2014";"08:31:00";"135";"sem vítima";"19.8";"BR-392/RS";"Norte";"Colisão Traseira";1;0;0;0;0;0;0;0;0;0;1;0;0;0;0
"17/09/2014";"04:19:00";"88";"com vítima";"6.5";"BR-392/RS";"Norte";"Abalr.Transversal";1;0;1;0;0;0;0;0;0;0;1;1;1;0;0
"17/09/2014";"06:00:00";"100";"com vítima";"61";"BR-392/RS";"Norte";"Saída de Pista";1;0;0;0;0;0;0;0;0;0;1;0;0;2;0
"17/09/2014";"06:12:00";"101";"com vítima";"66.5";"BR-392/RS";"Norte";"Abalr.Transversal";1;0;0;1;0;0;0;0;0;0;3;1;0;0;0
"17/09/2014";"06:39:00";"105";"com vítima";"521";"BR-116/RS";"Norte";"Abalr.Transversal";0;0;0;1;0;0;0;0;0;0;0;1;0;0;0
"17/09/2014";"09:51:00";"122";"com vítima";"459.6";"BR-116/RS";"Norte";"Abalr.Transversal";0;0;1;0;0;0;0;0;0;0;0;1;0;0;0
"19/09/2014";"03:55:00";"100";"com vítima";"12.5";"BR-392/RS";"Norte";"Abalr.Mesmo Sentido";1;0;0;0;0;0;0;0;0;0;0;3;0;0;0
"19/09/2014";"07:15:00";"123";"com vítima";"508.2";"BR-116/RS";"Sul";"Colisão Traseira";1;0;0;0;0;0;0;0;0;0;1;1;0;0;0
"19/09/2014";"09:18:00";"135";"com vítima";"529.3";"BR-116/RS";"Sul";"Abalr.Transversal";0;0;1;0;0;0;0;0;0;0;0;0;2;1;0
"19/09/2014";"09:57:00";"137";"com vítima";"523.5";"BR-116/RS";"Norte";"Abalr.Transversal";1;0;0;0;0;0;0;0;0;0;2;2;0;0;0
"20/09/2014";"07:01:00";"23";"sem vítima";"1.5";"BR-392/RS";"Sul";"Colisão Frontal";1;0;1;0;0;0;0;0;0;0;2;0;0;0;0
"20/09/2014";"07:27:00";"94";"com vítima";"512.5";"BR-116/RS";"Sul";"Abalr.Transversal";1;0;0;0;0;0;0;0;0;0;0;1;0;0;0
"20/09/2014";"08:08:00";"103";"com vítima";"61";"BR-392/RS";"Norte";"Tombamento";0;1;0;1;0;0;0;0;0;0;0;1;1;0;0
"21/09/2014";"11:31:00";"44";"com vítima";"529";"BR-116/RS";"Norte";"Colisão Traseira";2;0;0;0;0;0;0;0;0;0;2;1;0;0;0
"21/09/2014";"03:31:00";"67";"sem vítima";"563.4";"BR-116/RS";"Sul";"Abalr.Transversal";0;0;3;0;1;0;0;0;0;0;6;0;0;0;0
"21/09/2014";"06:32:00";"84";"com vítima";"527.5";"BR-116/RS";"Norte";"Colisão Traseira";1;0;0;1;0;0;0;0;0;0;1;1;0;0;0
"22/09/2014";"08:19:00";"37";"sem vítima";"189";"BR-392/RS";"Norte";"Abalr.Transversal";1;0;1;0;0;0;0;0;0;0;2;0;0;0;0
"22/09/2014";"09:52:00";"47";"sem vítima";"494";"BR-116/RS";"Sul";"Saída de Pista";2;0;0;0;0;0;0;0;0;0;7;0;0;0;0
"22/09/2014";"12:41:00";"65";"com vítima";"82.2";"BR-392/RS";"Sul";"Abalr.Mesmo Sentido";0;0;1;0;0;0;0;0;0;0;2;0;1;0;0
"22/09/2014";"03:22:00";"79";"sem vítima";"501";"BR-116/RS";"Norte";"Saída de Pista";1;0;1;0;0;0;0;0;0;0;3;0;0;0;0
"23/09/2014";"07:57:00";"34";"com vítima";"78.9";"BR-392/RS";"Norte";"Saída de Pista";1;0;0;1;0;0;0;0;0;0;1;1;0;0;0
"23/09/2014";"01:07:00";"63";"sem vítima";"490.1";"BR-116/RS";"Norte";"Atropelamento";3;0;0;0;0;0;0;0;0;0;4;0;0;0;0
"23/09/2014";"03:56:00";"77";"sem vítima";"517";"BR-116/RS";"Norte";"Colisão Frontal";0;0;1;0;0;0;0;0;0;0;1;0;0;0;0
"23/09/2014";"07:33:00";"98";"com vítima";"37.8";"BR-392/RS";"Sul";"Saída de Pista";1;0;0;1;0;0;0;0;0;0;1;0;0;2;0
"24/09/2014";"10:06:00";"52";"com vítima";"536.4";"BR-116/RS";"Norte";"Colisão Traseira";2;0;1;0;0;0;0;0;0;0;3;2;0;0;0
"24/09/2014";"01:19:00";"76";"sem vítima";"530.1";"BR-116/RS";"Norte";"Abalr.Transversal";1;0;1;0;0;0;0;0;0;0;2;0;0;0;0
"24/09/2014";"07:25:00";"124";"sem vítima";"114.3";"BR-392/RS";"Sul";"Colisão Frontal";1;0;1;0;0;0;0;0;0;0;4;0;0;0;0
"24/09/2014";"07:47:00";"126";"com vítima";"453";"BR-116/RS";"Sul";"Saída de Pista";1;0;1;0;0;0;0;0;0;0;1;0;1;0;0
"25/09/2014";"08:48:00";"30";"com vítima";"503.1";"BR-116/RS";"Sul";"Colisão Traseira";2;0;0;0;0;0;0;0;0;0;2;1;0;0;0
"25/09/2014";"08:16:00";"99";"com vítima";"424.9";"BR-116/RS";"Norte";"Colisão Traseira";1;0;0;1;0;0;0;0;0;0;1;2;0;0;0
"25/09/2014";"10:45:00";"104";"sem vítima";"48.1";"BR-392/RS";"Norte";"Saída de Pista";2;0;0;0;0;0;0;0;0;0;2;0;0;0;0
"25/09/2014";"11:29:00";"106";"sem vítima";"26.1";"BR-392/RS";"Sul";"Atropelamento de Animal";1;0;0;0;0;0;0;0;0;0;5;0;0;0;0
"26/09/2014";"07:58:00";"28";"com vítima";"525.9";"BR-116/RS";"Sul";"Abalr.Mesmo Sentido";1;0;0;0;0;0;0;0;0;0;1;1;0;0;0
"26/09/2014";"01:25:00";"53";"com vítima";"523.5";"BR-116/RS";"Norte";"Abalr.Mesmo Sentido";2;0;0;0;0;0;0;0;0;0;2;0;2;0;0
"27/09/2014";"01:49:00";"66";"sem vítima";"526.4";"BR-116/RS";"Norte";"Abalr.Mesmo Sentido";3;0;0;0;0;0;0;0;0;0;5;0;0;0;0
"27/09/2014";"09:31:00";"101";"sem vítima";"453.7";"BR-116/RS";"Sul";"Saída de Pista";1;0;0;1;0;0;0;0;0;0;5;0;0;0;0
"28/09/2014";"10:14:00";"29";"com vítima";"128.3";"BR-392/RS";"Norte";"Tombamento";1;0;0;0;0;0;0;0;0;0;0;0;2;0;0
"28/09/2014";"11:25:00";"33";"sem vítima";"618.7";"BR-116/RS";"Sul";"Saída de Pista";2;0;0;0;0;0;0;0;0;0;2;0;0;0;0
"28/09/2014";"01:40:00";"45";"com vítima";"569.7";"BR-116/RS";"Norte";"Saída de Pista";0;0;0;1;0;0;0;0;0;0;0;0;1;0;0
"28/09/2014";"04:36:00";"57";"sem vítima";"524.1";"BR-116/RS";"Sul";"Abalr.Transversal";1;0;0;0;0;0;0;0;0;0;1;0;0;0;0
"29/09/2014";"02:48:00";"14";"sem vítima";"488";"BR-116/RS";"Norte";"Saída de Pista";1;0;0;0;0;0;0;0;0;0;1;0;0;0;0
"29/09/2014";"02:53:00";"55";"sem vítima";"150";"BR-392/RS";"Sul";"Tombamento";0;0;2;0;0;0;0;0;0;0;2;0;0;0;0
"29/09/2014";"05:34:00";"61";"sem vítima";"570.6";"BR-116/RS";"Sul";"Colisão Traseira";1;0;1;0;0;0;0;0;0;0;2;0;0;0;0
"30/09/2014";"08:30:00";"32";"com vítima";"62";"BR-392/RS";"Norte";"Colisão Traseira";0;0;1;1;0;0;0;0;0;0;1;0;0;1;0
"30/09/2014";"09:41:00";"38";"sem vítima";"17.2";"BR-392/RS";"Sul";"Abalr.Mesmo Sentido";2;0;1;0;0;0;0;0;0;0;6;0;0;0;0
"30/09/2014";"05:09:00";"82";"sem vítima";"99.5";"BR-392/RS";"Norte";"Saída de Pista";2;0;0;0;0;0;0;0;0;0;6;0;0;0;0
"30/09/2014";"05:18:00";"83";"sem vítima";"520.9";"BR-116/RS";"Sul";"Abalr.Transversal";1;0;0;1;0;0;0;0;0;0;3;0;0;0;0
"30/09/2014";"07:02:00";"92";"sem vítima";"428";"BR-116/RS";"Norte";"Colisão Traseira";1;0;1;0;0;0;0;0;0;0;2;0;0;0;0
"01/10/2014";"02:17:00";"16";"sem vítima";"436.1";"BR-116/RS";"Norte";"Saída de Pista";1;0;0;1;0;0;0;0;0;0;2;0;0;0;0
"01/10/2014";"10:55:00";"41";"sem vítima";"523.8";"BR-116/RS";"Sul";"Abalr.Mesmo Sentido";1;0;0;0;0;0;0;0;0;0;3;0;0;0;0
"01/10/2014";"01:15:00";"58";"sem vítima";"18.9";"BR-392/RS";"Norte";"Abalr.Transversal";1;0;0;0;0;0;0;0;0;0;3;0;0;0;0
"02/10/2014";"09:28:00";"52";"sem vítima";"74.4";"BR-392/RS";"Sul";"Colisão Traseira";1;0;0;0;0;0;0;0;0;0;2;0;0;0;0
"02/10/2014";"10:24:00";"59";"com vítima";"45";"BR-392/RS";"Sul";"Saída de Pista";1;0;0;0;0;0;0;0;0;0;0;1;1;1;0
"02/10/2014";"04:04:00";"91";"sem vítima";"430.2";"BR-116/RS";"Norte";"Abalr.Mesmo Sentido";3;0;0;0;0;0;0;0;0;0;4;0;0;0;0
"02/10/2014";"07:42:00";"118";"com vítima";"534.4";"BR-116/RS";"Norte";"Atropelamento de Animal";1;0;0;0;0;0;0;0;0;0;0;0;1;0;0
"03/10/2014";"06:54:00";"112";"sem vítima";"427.5";"BR-116/RS";"Sul";"Abalr.Transversal";0;0;1;0;0;0;0;0;0;0;1;0;0;0;0
"04/10/2014";"12:20:00";"42";"com vítima";"516.9";"BR-116/RS";"Sul";"Colisão Traseira";1;0;1;0;0;0;0;0;0;0;1;1;0;0;0
"04/10/2014";"07:44:00";"80";"com vítima";"62.8";"BR-392/RS";"Norte";"Atropelamento de Animal";1;0;1;0;0;0;0;0;0;0;1;0;0;0;1
"06/10/2014";"06:52:00";"19";"com vítima";"520.9";"BR-116/RS";"Sul";"Abalr.Transversal";2;0;0;0;0;0;1;0;0;0;2;1;0;0;0
"06/10/2014";"12:25:00";"44";"sem vítima";"24";"BR-392/RS";"Norte";"Colisão Traseira";1;0;0;0;0;0;0;0;0;0;2;0;0;0;0
"06/10/2014";"12:34:00";"47";"sem vítima";"66.2";"BR-392/RS";"Sul";"Abalr.Mesmo Sentido";1;0;1;0;0;0;0;0;0;0;2;0;0;0;0
"06/10/2014";"10:11:00";"93";"com vítima";"446.1";"BR-116/RS";"Sul";"Abalr.Sentido Oposto";1;0;0;0;0;0;0;0;0;0;1;1;0;0;0
"07/10/2014";"03:22:00";"75";"com vítima";"66.4";"BR-392/RS";"Sul";"Abalr.Transversal";1;0;0;0;0;0;0;0;0;0;0;3;1;0;0
"08/10/2014";"07:32:00";"118";"sem vítima";"63.2";"BR-392/RS";"Norte";"Atropelamento de Animal";2;0;0;0;0;0;0;0;0;0;3;0;0;0;0
"09/10/2014";"04:34:00";"13";"com vítima";"1.6";"BR-392/RS";"Sul";"Saída de Pista";1;0;1;0;0;0;0;0;0;0;1;3;0;0;0
"10/10/2014";"11:21:00";"52";"sem vítima";"555.8";"BR-116/RS";"Norte";"Saída de Pista";1;0;0;0;0;0;0;0;0;0;4;0;0;0;0
"10/10/2014";"02:09:00";"70";"sem vítima";"119.8";"BR-392/RS";"Norte";"Colisão Frontal";1;0;0;0;0;0;0;0;0;0;3;0;0;0;0
"11/10/2014";"03:49:00";"87";"sem vítima";"557.7";"BR-116/RS";"Norte";"Saída de Pista";1;0;0;0;0;0;0;0;0;0;4;0;0;0;0
"11/10/2014";"10:46:00";"119";"sem vítima";"518";"BR-116/RS";"Sul";"Atropelamento de Animal";2;0;0;0;0;0;0;0;0;0;4;0;0;0;0
"12/10/2014";"02:42:00";"19";"sem vítima";"536.6";"BR-116/RS";"Sul";"Atropelamento de Animal";1;0;1;0;0;0;0;0;0;0;2;0;0;0;0
"12/10/2014";"03:16:00";"20";"sem vítima";"96.5";"BR-392/RS";"Norte";"Saída de Pista";1;0;0;0;0;0;0;0;0;0;1;0;0;0;0
"12/10/2014";"06:16:00";"22";"com vítima";"400.8";"BR-116/RS";"Sul";"Outros tipos de acidente";1;0;0;0;0;0;0;0;0;0;0;2;0;0;0
"13/10/2014";"10:06:00";"39";"com vítima";"526.6";"BR-116/RS";"Sul";"Colisão com Objeto Fixo";1;0;0;1;0;0;0;0;0;0;1;1;0;0;0
"14/10/2014";"08:05:00";"24";"sem vítima";"523.5";"BR-116/RS";"Norte";"Abalr.Mesmo Sentido";2;0;0;0;0;0;0;0;0;0;4;0;0;0;0
"14/10/2014";"01:32:00";"59";"com vítima";"433.6";"BR-116/RS";"Norte";"Colisão Traseira";0;0;0;1;0;0;0;0;0;0;0;2;0;0;0
"14/10/2014";"04:02:00";"77";"sem vítima";"67";"BR-392/RS";"Sul";"Abalr.Mesmo Sentido";2;0;0;0;0;0;0;0;0;0;8;0;0;0;0
"16/10/2014";"12:46:00";"5";"sem vítima";"483.8";"BR-116/RS";"Sul";"Saída de Pista";2;0;0;0;0;0;0;0;0;0;3;0;0;0;0
"16/10/2014";"10:13:00";"48";"sem vítima";"464.8";"BR-116/RS";"Sul";"Abalr.Transversal";2;0;0;0;0;0;0;0;0;0;3;0;0;0;0
"18/10/2014";"07:16:00";"21";"com vítima";"71.5";"BR-392/RS";"Norte";"Abalr.Mesmo Sentido";1;0;0;1;0;0;0;0;0;0;1;1;0;0;0
"18/10/2014";"12:17:00";"58";"com vítima";"571.5";"BR-116/RS";"Sul";"Saída de Pista";0;0;1;1;0;0;0;0;0;0;1;1;0;0;0
"19/10/2014";"01:29:00";"4";"com vítima";"400.6";"BR-116/RS";"Sul";"Capotamento";1;0;0;1;0;0;0;0;0;0;0;2;1;0;0
"19/10/2014";"05:48:00";"16";"sem vítima";"60";"BR-392/RS";"Norte";"Colisão Traseira";0;0;1;0;0;0;0;0;0;0;1;0;0;0;0
"19/10/2014";"06:46:00";"17";"sem vítima";"61.1";"BR-392/RS";"Sul";"Saída de Pista";2;0;0;0;0;0;0;0;0;0;6;0;0;0;0
"19/10/2014";"07:22:00";"18";"com vítima";"66.9";"BR-392/RS";"Sul";"Abalr.Transversal";1;0;0;1;0;0;0;0;0;0;1;0;0;1;0
"19/10/2014";"08:31:00";"25";"sem vítima";"462";"BR-116/RS";"Sul";"Capotamento";0;0;1;0;0;0;0;0;0;0;2;0;0;0;0
"19/10/2014";"05:24:00";"77";"sem vítima";"458.1";"BR-116/RS";"Norte";"Saída de Pista";3;0;0;0;0;0;0;0;0;0;4;0;0;0;0
"19/10/2014";"06:16:00";"78";"com vítima";"553.3";"BR-116/RS";"Norte";"Tombamento";2;0;0;0;0;0;0;0;0;0;0;3;0;0;0
"20/10/2014";"08:12:00";"41";"sem vítima";"537.9";"BR-116/RS";"Sul";"Colisão Traseira";2;0;0;0;0;0;0;0;0;0;2;0;0;0;0
"20/10/2014";"10:36:00";"53";"sem vítima";"111.4";"BR-392/RS";"Sul";"Colisão Traseira";2;0;0;0;0;0;0;0;0;0;7;0;0;0;0
"20/10/2014";"04:47:00";"90";"com vítima";"526.8";"BR-116/RS";"Norte";"Colisão Traseira";1;0;0;1;0;0;0;0;0;0;0;0;1;1;0
"20/10/2014";"10:43:00";"115";"sem vítima";"66.9";"BR-392/RS";"Sul";"Colisão com Objeto Fixo";1;0;0;0;0;0;0;0;0;0;2;0;0;0;0
"21/10/2014";"12:02:00";"1";"sem vítima";"111.4";"BR-392/RS";"Sul";"Colisão Traseira";0;0;1;0;0;0;0;0;0;0;1;0;0;0;0
"22/10/2014";"06:34:00";"22";"sem vítima";"32.9";"BR-392/RS";"Sul";"Colisão Traseira";1;0;1;0;0;0;0;0;0;0;2;0;0;0;0