data;horario;n_da_ocorrencia;tipo_de_ocorrencia;km;trecho;sentido;tipo_de_acidente;automovel;bicicleta;caminhao;moto;onibus;outros;tracao_animal;transporte_de_cargas_especiais;trator_maquinas;utilitarios;ilesos;levemente_feridos;moderadamente_feridos;gravemente_feridos;mortos
"22/10/2014";"08:57:00";"34";"com vítima";"413.9";"BR-116/RS";"Sul";"Saída de Pista";1;0;0;0;1;0;0;0;0;0;35;1;0;0;0
"22/10/2014";"09:50:00";"40";"com vítima";"450.1";"BR-116/RS";"Sul";"Colisão Traseira";0;0;0;1;0;0;0;0;0;0;0;1;0;0;0
"22/10/2014";"02:57:00";"72";"com vítima";"430";"BR-116/RS";"Norte";"Colisão Traseira";1;0;0;1;0;0;0;0;0;0;1;2;0;0;0
"23/10/2014";"09:33:00";"38";"com vítima";"52.2";"BR-392/RS";"Sul";"Abalr.Transversal";1;0;0;1;0;0;0;0;0;0;1;0;1;0;0
"23/10/2014";"11:09:00";"47";"com vítima";"523.5";"BR-116/RS";"Norte";"Abalr.Transversal";1;0;1;0;0;0;0;0;0;0;1;0;0;1;0
"23/10/2014";"12:38:00";"57";"sem vítima";"52.2";"BR-392/RS";"Norte";"Outros tipos de acidente";3;0;0;0;0;0;0;0;0;0;5;0;0;0;0
"23/10/2014";"01:41:00";"63";"com vítima";"491.5";"BR-116/RS";"Sul";"Abalr.Mesmo Sentido";1;0;1;0;0;0;0;0;0;0;1;0;1;0;0
"24/10/2014";"02:48:00";"76";"com vítima";"117.3";"BR-392/RS";"Norte";"Colisão Traseira";1;0;0;1;0;0;0;0;0;0;2;1;0;1;0
"25/10/2014";"07:25:00";"110";"sem vítima";"13.6";"BR-392/RS";"Sul";"Saída de Pista";1;0;1;0;0;0;0;0;0;0;2;0;0;0;0
"25/10/2014";"08:30:00";"118";"sem vítima";"35.4";"BR-392/RS";"Sul";"Saída de Pista";1;0;1;0;0;0;0;0;0;0;6;0;0;0;0
"25/10/2014";"11:10:00";"126";"sem vítima";"1.5";"BR-392/RS";"Sul";"Colisão Frontal";1;0;0;0;0;0;0;0;0;0;7;0;0;0;0
"26/10/2014";"06:30:00";"85";"sem vítima";"58.9";"BR-392/RS";"Sul";"Saída de Pista";1;0;1;0;0;0;0;0;0;0;2;0;0;0;0
"26/10/2014";"11:52:00";"109";"com vítima";"518.8";"BR-116/RS";"Sul";"Abalr.Transversal";1;0;0;0;0;0;0;0;0;0;0;1;0;0;0
"27/10/2014";"07:41:00";"31";"com vítima";"1.6";"BR-392/RS";"Sul";"Colisão Frontal";2;0;0;0;0;0;0;0;0;0;3;2;0;0;0
"27/10/2014";"08:49:00";"39";"com vítima";"0.1";"BR-392/RS";"Sul";"Colisão Traseira";0;0;1;1;1;0;0;0;0;0;2;0;1;0;0
"28/10/2014";"07:23:00";"28";"com vítima";"523.6";"BR-116/RS";"Norte";"Abalr.Mesmo Sentido";1;0;0;0;0;0;0;0;0;0;1;0;1;0;0
"28/10/2014";"05:21:00";"109";"sem vítima";"408.8";"BR-116/RS";"Norte";"Saída de Pista";1;0;0;0;0;0;0;0;0;0;3;0;0;0;0
"28/10/2014";"06:23:00";"116";"sem vítima";"510.3";"BR-116/RS";"Norte";"Colisão Traseira";1;0;0;0;0;0;0;0;0;0;2;0;0;0;0
"28/10/2014";"06:42:00";"118";"com vítima";"421.6";"BR-116/RS";"Sul";"Abalr.Sentido Oposto";1;0;0;0;0;0;0;0;0;0;2;1;0;0;0
"29/10/2014";"12:32:00";"44";"com vítima";"557.6";"BR-116/RS";"Norte";"Saída de Pista";0;0;1;1;0;0;0;0;0;0;1;0;1;0;0
"29/10/2014";"10:38:00";"108";"com vítima";"611.7";"BR-116/RS";"Norte";"Abalr.Transversal";0;0;0;1;0;0;0;0;0;0;0;1;0;0;0
"29/10/2014";"10:49:00";"110";"sem vítima";"526.5";"BR-116/RS";"Norte";"Saída de Pista";3;0;0;0;0;0;0;0;0;0;4;0;0;0;0
"30/10/2014";"10:18:00";"43";"com vítima";"550.9";"BR-116/RS";"Norte";"Atropelamento de Animal";0;0;0;1;0;0;0;0;0;0;0;0;0;0;1
"30/10/2014";"12:24:00";"62";"sem vítima";"4.3";"BR-392/RS";"Norte";"Abalr.Mesmo Sentido";0;0;2;0;0;0;0;0;0;0;2;0;0;0;0
"31/10/2014";"08:33:00";"36";"com vítima";"111.4";"BR-392/RS";"Sul";"Colisão Traseira";0;0;1;1;0;0;0;0;0;0;1;0;0;0;1
"31/10/2014";"03:09:00";"70";"sem vítima";"27.8";"BR-392/RS";"Norte";"Colisão Traseira";1;0;0;0;0;0;0;0;0;0;1;0;0;0;0
"31/10/2014";"06:18:00";"90";"sem vítima";"465";"BR-116/RS";"Sul";"Abalr.Transversal";0;0;1;0;1;0;0;0;0;0;3;0;0;0;0
"01/11/2014";"06:15:00";"28";"com vítima";"523";"BR-116/RS";"Sul";"Saída de Pista";1;0;1;0;0;0;0;0;0;0;1;0;0;0;1
"02/11/2014";"09:15:00";"43";"sem vítima";"125";"BR-392/RS";"Norte";"Abalr.Transversal";2;0;0;0;0;0;0;0;0;0;2;0;0;0;0
"02/11/2014";"06:56:00";"110";"sem vítima";"482.5";"BR-116/RS";"Sul";"Colisão Frontal";2;0;0;0;0;0;0;0;0;0;3;0;0;0;0
"02/11/2014";"07:08:00";"113";"sem vítima";"519";"BR-116/RS";"Sul";"Atropelamento";0;0;1;0;0;0;0;0;0;0;2;0;0;0;0
"03/11/2014";"01:27:00";"11";"com vítima";"482.4";"BR-116/RS";"Sul";"Saída de Pista";1;0;2;0;0;0;0;0;0;0;4;0;1;0;0
"03/11/2014";"10:01:00";"117";"sem vítima";"90.2";"BR-392/RS";"Norte";"Saída de Pista";0;0;2;0;0;0;0;0;0;0;3;0;0;0;0
"04/11/2014";"04:03:00";"19";"com vítima";"428.2";"BR-116/RS";"Norte";"Atropelamento de Animal";1;0;1;0;0;0;0;0;0;0;5;1;0;0;0
"05/11/2014";"07:48:00";"40";"sem vítima";"585.1";"BR-116/RS";"Sul";"Saída de Pista";1;0;1;0;0;0;0;0;0;0;3;0;0;0;0
"05/11/2014";"01:33:00";"83";"com vítima";"8.1";"BR-392/RS";"Norte";"Saída de Pista";2;0;0;0;0;0;0;0;0;0;0;0;5;0;0
"06/11/2014";"08:47:00";"41";"com vítima";"520.8";"BR-116/RS";"Sul";"Abalr.Transversal";0;0;1;1;0;0;0;0;0;0;1;0;0;1;0
"06/11/2014";"07:44:00";"116";"com vítima";"437.8";"BR-116/RS";"Sul";"Saída de Pista";1;0;0;0;1;0;0;0;0;0;1;0;1;0;0
"06/11/2014";"10:28:00";"125";"sem vítima";"66.9";"BR-392/RS";"Sul";"Saída de Pista";2;0;0;0;0;0;0;0;0;0;4;0;0;0;0
"07/11/2014";"01:12:00";"11";"com vítima";"533.3";"BR-116/RS";"Norte";"Atropelamento de Animal";0;0;0;1;0;0;0;0;0;0;0;1;0;0;0
"07/11/2014";"03:09:00";"14";"sem vítima";"86.5";"BR-392/RS";"Sul";"Saída de Pista";1;0;0;0;0;0;0;0;0;0;3;0;0;0;0
"07/11/2014";"10:28:00";"119";"sem vítima";"142";"BR-392/RS";"Sul";"Abalr.Sentido Oposto";1;0;0;0;0;0;0;0;0;0;2;0;0;0;0
"08/11/2014";"12:31:00";"4";"com vítima";"411.6";"BR-116/RS";"Sul";"Abalr.Sentido Oposto";0;0;0;2;0;0;0;0;0;0;0;2;1;0;0
"08/11/2014";"04:39:00";"16";"com vítima";"503.1";"BR-116/RS";"Sul";"Colisão Traseira";1;0;0;1;0;0;0;0;0;0;0;0;2;0;0
"08/11/2014";"07:58:00";"26";"com vítima";"524.6";"BR-116/RS";"Norte";"Saída de Pista";2;0;0;0;0;0;0;0;0;0;0;5;0;0;0
"08/11/2014";"09:41:00";"36";"sem vítima";"132.5";"BR-392/RS";"Sul";"Colisão Traseira";2;0;1;0;0;0;0;0;0;0;5;0;0;0;0
"08/11/2014";"12:47:00";"51";"com vítima";"510.6";"BR-116/RS";"Norte";"Abalr.Transversal";1;0;0;0;0;0;0;0;0;0;2;0;2;0;0
"09/11/2014";"12:21:00";"7";"com vítima";"516.7";"BR-116/RS";"Norte";"Atropelamento";0;0;1;0;0;0;0;0;0;0;1;1;0;0;0
"09/11/2014";"03:29:00";"75";"sem vítima";"47.1";"BR-392/RS";"Norte";"Saída de Pista";0;0;1;0;0;0;0;0;0;0;1;0;0;0;0
"09/11/2014";"09:00:00";"111";"com vítima";"564.3";"BR-116/RS";"Norte";"Saída de Pista";0;0;1;0;0;0;0;0;0;0;0;0;0;0;1
"09/11/2014";"10:56:00";"120";"com vítima";"76.3";"BR-392/RS";"Norte";"Abalr.Transversal";1;0;0;0;0;0;0;0;0;0;0;1;0;0;0
"10/11/2014";"08:16:00";"35";"com vítima";"523.4";"BR-116/RS";"Sul";"Tombamento";1;0;0;0;0;0;0;0;0;0;0;2;0;0;0
"10/11/2014";"11:08:00";"53";"sem vítima";"656.2";"BR-116/RS";"Norte";"Saída de Pista";1;0;0;0;1;0;0;0;0;0;2;0;0;0;0
"11/11/2014";"07:38:00";"26";"com vítima";"1.5";"BR-392/RS";"Sul";"Colisão Frontal";0;0;0;1;0;0;0;0;0;0;0;2;0;0;0
"11/11/2014";"08:36:00";"34";"com vítima";"3.3";"BR-392/RS";"Norte";"Tombamento";1;0;0;0;0;0;0;0;0;0;0;1;0;0;0
"11/11/2014";"08:56:00";"36";"sem vítima";"523.5";"BR-116/RS";"Norte";"Saída de Pista";1;0;0;0;0;0;0;0;0;0;1;0;0;0;0
"11/11/2014";"10:00:00";"40";"sem vítima";"62.1";"BR-392/RS";"Norte";"Colisão Traseira";1;0;0;0;0;0;0;0;0;0;1;0;0;0;0
"11/11/2014";"10:20:00";"43";"com vítima";"440.4";"BR-116/RS";"Norte";"Saída de Pista";1;0;0;0;0;0;0;0;0;0;1;1;0;0;0
"12/11/2014";"08:04:00";"33";"com vítima";"523.6";"BR-116/RS";"Norte";"Abalr.Mesmo Sentido";1;0;0;1;0;0;0;0;0;0;1;1;0;0;0
"12/11/2014";"08:12:00";"34";"sem vítima";"483.5";"BR-116/RS";"Norte";"Abalr.Transversal";1;0;0;0;0;0;0;0;0;0;1;0;0;0;0
"12/11/2014";"11:23:00";"54";"com vítima";"425.8";"BR-116/RS";"Norte";"Colisão Traseira";1;0;1;0;0;0;0;0;0;0;1;0;0;3;1
"12/11/2014";"12:13:00";"62";"com vítima";"196.1";"BR-392/RS";"Sul";"Saída de Pista";1;0;0;0;0;0;0;0;0;0;0;1;0;0;0
"13/11/2014";"02:18:00";"63";"sem vítima";"520.9";"BR-116/RS";"Sul";"Abalr.Transversal";1;0;1;0;0;0;0;0;0;0;3;0;0;0;0
"13/11/2014";"02:46:00";"65";"sem vítima";"507.4";"BR-116/RS";"Norte";"Colisão Traseira";1;0;0;0;0;0;0;0;0;0;3;0;0;0;0
"14/11/2014";"02:41:00";"16";"sem vítima";"512.9";"BR-116/RS";"Norte";"Atropelamento de Animal";1;0;0;0;0;0;0;0;0;0;1;0;0;0;0
"14/11/2014";"10:48:00";"46";"com vítima";"506";"BR-116/RS";"Sul";"Saída de Pista";1;0;0;0;0;0;0;0;0;0;0;0;1;0;0
"14/11/2014";"02:20:00";"63";"com vítima";"521";"BR-116/RS";"Norte";"Abalr.Transversal";0;0;2;0;0;0;0;0;0;0;1;1;0;0;0
"14/11/2014";"06:17:00";"96";"sem vítima";"100.7";"BR-392/RS";"Sul";"Colisão Traseira";1;0;1;0;0;0;0;0;0;0;2;0;0;0;0
"15/11/2014";"07:10:00";"115";"com vítima";"545.1";"BR-116/RS";"Norte";"Abalr.Sentido Oposto";1;0;0;1;0;0;0;0;0;0;1;0;0;1;0
"16/11/2014";"12:33:00";"8";"sem vítima";"520.9";"BR-116/RS";"Sul";"Abalr.Transversal";0;0;1;0;0;0;0;0;0;0;2;0;0;0;0
"16/11/2014";"06:06:00";"88";"com vítima";"624.9";"BR-116/RS";"Sul";"Colisão Frontal";0;0;1;1;1;0;0;0;0;0;2;2;0;0;0
"17/11/2014";"03:27:00";"19";"com vítima";"403.8";"BR-116/RS";"Sul";"Colisão Frontal";1;0;0;1;0;0;0;0;0;0;5;0;1;0;0
"17/11/2014";"08:22:00";"31";"sem vítima";"1.3";"BR-392/RS";"Norte";"Abalr.Transversal";0;0;1;0;1;0;0;0;0;0;29;0;0;0;0
"17/11/2014";"08:13:00";"123";"com vítima";"403.5";"BR-116/RS";"Sul";"Saída de Pista";1;0;0;1;0;0;0;0;0;0;1;2;0;0;0
"19/11/2014";"05:36:00";"111";"com vítima";"516.8";"BR-116/RS";"Norte";"Abalr.Transversal";0;0;1;1;0;0;0;0;0;0;1;1;1;0;0
"20/11/2014";"08:42:00";"33";"com vítima";"452.1";"BR-116/RS";"Sul";"Atropelamento";1;0;0;0;0;0;0;0;0;0;6;0;1;0;0
"20/11/2014";"11:39:00";"52";"sem vítima";"520.9";"BR-116/RS";"Norte";"Abalr.Transversal";2;0;0;0;0;0;0;0;0;0;2;0;0;0;0
"21/11/2014";"03:26:00";"16";"sem vítima";"5.6";"BR-392/RS";"Norte";"Saída de Pista";3;0;0;0;0;0;0;0;0;0;3;0;0;0;0
"21/11/2014";"03:32:00";"17";"com vítima";"65.8";"BR-392/RS";"Norte";"Saída de Pista";1;0;0;0;0;0;0;0;0;0;0;1;0;0;0
"21/11/2014";"08:25:00";"26";"sem vítima";"523.2";"BR-116/RS";"Norte";"Tombamento";1;0;0;0;0;0;0;0;0;0;2;0;0;0;0
"21/11/2014";"09:57:00";"31";"com vítima";"525";"BR-116/RS";"Sul";"Outros tipos de acidente";1;0;0;1;0;0;0;0;0;0;1;1;0;0;0
"21/11/2014";"02:35:00";"58";"sem vítima";"7.5";"BR-392/RS";"Norte";"Abalr.Sentido Oposto";2;0;0;0;0;0;0;0;0;0;2;0;0;0;0
"22/11/2014";"03:41:00";"25";"sem vítima";"120.2";"BR-392/RS";"Sul";"Saída de Pista";2;0;0;0;0;0;0;0;0;0;7;0;0;0;0
"22/11/2014";"08:49:00";"94";"sem vítima";"514.4";"BR-116/RS";"Norte";"Abalr.Transversal";3;0;0;0;0;0;0;0;0;0;4;0;0;0;0
"23/11/2014";"10:33:00";"111";"com vítima";"0.8";"BR-392/RS";"Norte";"Saída de Pista";0;0;0;1;0;0;0;0;0;0;0;0;2;0;0
"24/11/2014";"08:53:00";"48";"com vítima";"527";"BR-116/RS";"Norte";"Tombamento";1;0;0;0;0;0;0;0;0;0;0;0;1;0;0
"25/11/2014";"06:44:00";"18";"com vítima";"468.4";"BR-116/RS";"Norte";"Saída de Pista";4;0;0;0;0;0;0;0;0;0;6;1;0;0;0
"25/11/2014";"02:27:00";"59";"com vítima";"559.4";"BR-116/RS";"Norte";"Colisão Traseira";1;0;1;0;0;0;0;0;0;0;4;0;1;0;0
"25/11/2014";"02:30:00";"60";"sem vítima";"66.9";"BR-392/RS";"Norte";"Saída de Pista";1;0;0;0;0;0;0;0;0;0;1;0;0;0;0
"25/11/2014";"05:16:00";"74";"sem vítima";"74.5";"BR-392/RS";"Sul";"Abalr.Transversal";0;0;1;0;0;0;0;0;0;0;1;0;0;0;0
"26/11/2014";"02:53:00";"19";"com vítima";"149";"BR-392/RS";"Norte";"Abalr.Sentido Oposto";1;0;0;1;0;0;0;0;0;0;1;1;0;0;0
"28/11/2014";"01:58:00";"22";"sem vítima";"14.4";"BR-392/RS";"Sul";"Outros tipos de acidente";0;0;1;0;0;0;0;0;0;0;1;0;0;0;0
"28/11/2014";"08:49:00";"39";"sem vítima";"19.5";"BR-392/RS";"Norte";"Tombamento";0;0;1;0;0;0;0;0;0;0;1;0;0;0;0
"28/11/2014";"06:19:00";"96";"com vítima";"523.5";"BR-116/RS";"Norte";"Colisão Traseira";1;0;1;0;0;0;0;0;0;0;2;4;0;0;0
"29/11/2014";"05:37:00";"76";"com vítima";"19.1";"BR-392/RS";"Norte";"Colisão Traseira";2;0;1;0;0;0;0;0;0;0;3;0;1;1;0
"29/11/2014";"05:44:00";"77";"com vítima";"481.5";"BR-116/RS";"Norte";"Abalr.Transversal";1;0;0;0;0;0;0;0;0;0;0;0;4;1;0
"30/11/2014";"05:37:00";"15";"sem vítima";"500.6";"BR-116/RS";"Sul";"Saída de Pista";3;0;0;0;0;0;0;0;0;0;3;0;0;0;0
"30/11/2014";"06:31:00";"72";"com vítima";"523.3";"BR-116/RS";"Sul";"Saída de Pista";2;0;0;0;0;0;0;0;0;0;3;0;1;0;0
"30/11/2014";"07:37:00";"81";"sem vítima";"35.2";"BR-392/RS";"Norte";"Saída de Pista";1;0;0;0;0;0;0;0;0;0;1;0;0;0;0
"01/12/2014";"05:54:00";"15";"sem vítima";"36.2";"BR-392/RS";"Sul";"Outros tipos de acidente";1;0;0;0;0;0;0;0;0;0;2;0;0;0;0
"01/12/2014";"06:48:00";"18";"sem vítima";"27.2";"BR-392/RS";"Sul";"Saída de Pista";1;0;0;0;0;0;0;0;0;0;2;0;0;0;0
"01/12/2014";"04:29:00";"73";"com vítima";"7.3";"BR-392/RS";"Norte";"Abalr.Transversal";1;0;1;0;0;0;0;0;0;0;2;1;0;0;0
"02/12/2014";"01:10:00";"64";"sem vítima";"1.6";"BR-392/RS";"Sul";"Abalr.Transversal";1;0;0;0;0;0;0;0;0;0;1;0;0;0;0
"02/12/2014";"05:03:00";"78";"com vítima";"523.4";"BR-116/RS";"Sul";"Abalr.Transversal";1;0;0;1;0;0;0;0;0;0;1;0;1;0;0
"02/12/2014";"11:09:00";"118";"sem vítima";"13.3";"BR-392/RS";"Sul";"Tombamento";1;0;0;0;0;0;0;0;0;0;3;0;0;0;0
"03/12/2014";"07:34:00";"24";"com vítima";"519.2";"BR-116/RS";"Norte";"Abalr.Transversal";1;0;0;0;0;0;0;0;0;0;0;2;0;0;0
"03/12/2014";"04:22:00";"93";"sem vítima";"514.2";"BR-116/RS";"Norte";"Tombamento";1;0;0;0;0;0;0;0;0;0;1;0;0;0;0
"03/12/2014";"06:24:00";"102";"com vítima";"528.8";"BR-116/RS";"Sul";"Abalr.Mesmo Sentido";0;0;0;1;0;0;0;0;0;0;0;0;1;0;0
"04/12/2014";"07:49:00";"29";"com vítima";"61";"BR-392/RS";"Sul";"Saída de Pista";1;0;0;1;1;0;0;0;0;0;2;1;0;0;0
"04/12/2014";"06:34:00";"85";"com vítima";"575.6";"BR-116/RS";"Sul";"Saída de Pista";0;0;0;1;0;0;0;0;0;0;0;0;0;1;0
"04/12/2014";"06:51:00";"86";"com vítima";"427.5";"BR-116/RS";"Norte";"Abalr.Transversal";1;0;0;0;0;0;0;0;0;0;0;0;1;0;0
"06/12/2014";"09:34:00";"35";"com vítima";"425.2";"BR-116/RS";"Norte";"Abalr.Mesmo Sentido";1;0;0;0;0;0;0;0;0;0;0;1;0;0;0
"06/12/2014";"05:19:00";"70";"sem vítima";"66.9";"BR-392/RS";"Sul";"Abalr.Transversal";1;0;0;0;0;0;0;0;0;0;2;0;0;0;0
"08/12/2014";"07:54:00";"33";"com vítima";"520.9";"BR-116/RS";"Sul";"Abalr.Transversal";1;0;0;1;0;0;0;0;0;0;1;0;0;1;0
"08/12/2014";"06:36:00";"117";"com vítima";"97.4";"BR-392/RS";"Norte";"Abalr.Mesmo Sentido";1;0;1;0;0;0;0;0;0;0;1;1;0;0;0
"08/12/2014";"10:33:00";"132";"sem vítima";"415";"BR-116/RS";"Norte";"Saída de Pista";1;0;0;0;0;0;0;0;0;0;2;0;0;0;0
"09/12/2014";"10:58:00";"47";"sem vítima";"71.8";"BR-392/RS";"Sul";"Abalr.Transversal";1;0;1;0;0;0;0;0;0;0;4;0;0;0;0
"09/12/2014";"01:04:00";"58";"sem vítima";"62.1";"BR-392/RS";"Norte";"Abalr.Mesmo Sentido";1;0;0;0;0;0;0;0;0;0;1;0;0;0;0
"12/12/2014";"06:46:00";"80";"sem vítima";"99.6";"BR-392/RS";"Sul";"Tombamento";0;0;2;0;0;0;0;0;0;0;3;0;0;0;0
"12/12/2014";"07:02:00";"82";"sem vítima";"421.3";"BR-116/RS";"Sul";"Colisão Traseira";3;0;0;0;0;0;0;0;0;0;7;0;0;0;0
"15/12/2014";"01:33:00";"64";"sem vítima";"66.2";"BR-392/RS";"Sul";"Abalr.Transversal";0;0;1;0;0;0;0;0;0;0;1;0;0;0;0
"16/12/2014";"04:10:00";"20";"sem vítima";"28.4";"BR-392/RS";"Sul";"Saída de Pista";0;0;1;0;0;0;0;0;0;0;2;0;0;0;0
"16/12/2014";"06:17:00";"26";"sem vítima";"558";"BR-116/RS";"Norte";"Colisão Traseira";1;0;0;0;0;0;0;0;0;0;1;0;0;0;0
"16/12/2014";"11:30:00";"58";"sem vítima";"514.5";"BR-116/RS";"Norte";"Tombamento";1;0;1;0;0;0;0;0;0;0;3;0;0;0;0
"16/12/2014";"10:48:00";"110";"sem vítima";"454.6";"BR-116/RS";"Norte";"Abalr.Transversal";0;0;1;0;0;0;0;0;0;0;1;0;0;0;0
"17/12/2014";"05:44:00";"97";"sem vítima";"523";"BR-116/RS";"Sul";"Abalr.Transversal";0;0;1;0;0;0;0;0;0;0;1;0;0;0;0
"17/12/2014";"11:12:00";"125";"sem vítima";"496";"BR-116/RS";"Norte";"Colisão Traseira";0;0;1;0;0;0;0;0;0;0;3;0;0;0;0
"19/12/2014";"01:59:00";"61";"com vítima";"68";"BR-392/RS";"Sul";"Colisão Traseira";1;0;1;0;0;0;0;0;0;0;2;2;0;0;0
"19/12/2014";"02:58:00";"69";"com vítima";"520.9";"BR-116/RS";"Norte";"Abalr.Transversal";1;0;0;0;0;0;0;0;0;0;0;0;1;0;0
"19/12/2014";"04:46:00";"79";"com vítima";"484.8";"BR-116/RS";"Norte";"Colisão Traseira";0;0;2;0;0;0;0;0;0;0;3;1;0;0;0
"20/12/2014";"09:39:00";"41";"sem vítima";"427.5";"BR-116/RS";"Sul";"Atropelamento";2;0;0;0;0;0;0;0;0;0;5;0;0;0;0
"21/12/2014";"09:19:00";"29";"com vítima";"84.2";"BR-392/RS";"Sul";"Saída de Pista";2;0;0;0;0;0;0;0;0;0;1;2;0;1;0
"21/12/2014";"12:35:00";"43";"com vítima";"407.7";"BR-116/RS";"Sul";"Saída de Pista";0;0;1;0;0;0;0;0;0;0;1;0;1;0;0
"21/12/2014";"07:19:00";"94";"com vítima";"108.1";"BR-392/RS";"Sul";"Saída de Pista";1;0;0;1;0;0;0;0;0;0;2;1;0;0;0
"22/12/2014";"05:04:00";"21";"com vítima";"594.4";"BR-116/RS";"Norte";"Atropelamento de Animal";0;0;0;1;0;0;0;0;0;0;0;0;1;0;0
"22/12/2014";"07:24:00";"88";"com vítima";"417";"BR-116/RS";"Sul";"Colisão Traseira";1;0;0;0;0;0;0;0;0;0;2;1;0;0;0
"22/12/2014";"08:19:00";"96";"com vítima";"66.9";"BR-392/RS";"Sul";"Abalr.Transversal";0;0;0;1;0;0;0;0;0;0;0;0;1;0;0
"23/12/2014";"05:09:00";"86";"sem vítima";"39.9";"BR-392/RS";"Sul";"Tombamento";1;0;0;0;0;0;0;0;0;0;2;0;0;0;0
"23/12/2014";"10:15:00";"114";"com vítima";"428.1";"BR-116/RS";"Sul";"Tombamento";0;0;0;1;0;0;0;0;0;0;0;1;0;0;0
"24/12/2014";"09:29:00";"113";"com vítima";"532.6";"BR-116/RS";"Norte";"Tombamento";0;0;2;0;0;0;0;0;0;0;2;1;0;0;0
"25/12/2014";"05:04:00";"56";"sem vítima";"66.5";"BR-392/RS";"Sul";"Abalr.Transversal";1;0;0;0;0;0;0;0;0;0;1;0;0;0;0
"26/12/2014";"04:40:00";"14";"sem vítima";"75";"BR-392/RS";"Sul";"Colisão Traseira";0;0;2;0;0;0;0;0;0;0;2;0;0;0;0
"26/12/2014";"09:59:00";"22";"sem vítima";"513.5";"BR-116/RS";"Norte";"Tombamento";0;0;1;0;0;0;0;0;0;0;1;0;0;0;0
"26/12/2014";"05:59:00";"66";"com vítima";"519.7";"BR-116/RS";"Norte";"Abalr.Transversal";0;0;1;0;0;0;0;0;0;0;0;1;0;0;0
"26/12/2014";"10:45:00";"81";"sem vítima";"83.3";"BR-392/RS";"Norte";"Saída de Pista";0;0;2;0;0;0;0;0;0;0;2;0;0;0;0
"26/12/2014";"11:53:00";"84";"sem vítima";"400.8";"BR-116/RS";"Norte";"Saída de Pista";0;0;1;0;0;1;0;0;0;0;3;0;0;0;0
"30/12/2014";"08:02:00";"36";"sem vítima";"131.4";"BR-392/RS";"Norte";"Abalr.Transversal";2;0;0;0;0;0;0;0;0;0;3;0;0;0;0
"30/12/2014";"12:13:00";"63";"sem vítima";"445.6";"BR-116/RS";"Sul";"Abalr.Mesmo Sentido";1;0;1;0;0;0;0;0;0;0;2;0;0;0;0
"30/12/2014";"02:52:00";"72";"sem vítima";"600";"BR-116/RS";"Sul";"Saída de Pista";2;0;0;0;0;0;0;0;0;0;8;0;0;0;0
"30/12/2014";"09:37:00";"122";"com vítima";"519.5";"BR-116/RS";"Norte";"Atropelamento";2;0;0;0;0;0;0;0;0;0;5;1;0;0;0
"01/01/2015";"12:02:00";"1";"com vítima";"539.8";"BR-116/RS";"Sul";"Tombamento";1;0;0;0;0;0;0;0;0;0;0;0;2;0;0
"02/01/2015";"04:34:00";"75";"sem vítima";"529.2";"BR-116/RS";"Sul";"Abalr.Transversal";3;0;0;0;0;0;0;0;0;0;4;0;0;0;0
"02/01/2015";"05:58:00";"87";"sem vítima";"523.7";"BR-116/RS";"Norte";"Tombamento";1;0;1;0;0;0;0;0;0;0;4;0;0;0;0
"03/01/2015";"02:45:00";"60";"com vítima";"450.8";"BR-116/RS";"Norte";"Colisão Traseira";1;0;0;0;0;0;0;0;0;0;0;1;0;0;0
"04/01/2015";"06:57:00";"88";"com vítima";"495";"BR-116/RS";"Norte";"Colisão Traseira";0;0;0;1;0;0;0;0;0;0;0;0;1;0;0
"05/01/2015";"04:24:00";"11";"com vítima";"78.5";"BR-392/RS";"Sul";"Colisão Traseira";1;0;0;1;0;0;0;0;0;0;1;1;0;0;0
"05/01/2015";"03:49:00";"76";"sem vítima";"479.6";"BR-116/RS";"Sul";"Colisão Frontal";0;0;1;0;0;0;0;0;0;0;2;0;0;0;0
"06/01/2015";"05:18:00";"88";"sem vítima";"149.4";"BR-392/RS";"Sul";"Saída de Pista";1;0;0;0;1;0;0;0;0;0;3;0;0;0;0
"07/01/2015";"07:51:00";"24";"sem vítima";"110.6";"BR-392/RS";"Norte";"Tombamento";1;0;0;0;0;0;0;0;0;0;1;0;0;0;0
"07/01/2015";"11:54:00";"46";"com vítima";"107.1";"BR-392/RS";"Norte";"Saída de Pista";0;0;0;1;0;0;0;0;0;0;0;1;0;0;0
"07/01/2015";"05:03:00";"78";"sem vítima";"119.5";"BR-392/RS";"Norte";"Abalr.Mesmo Sentido";3;0;1;0;0;0;0;0;0;0;17;0;0;0;0
"07/01/2015";"05:44:00";"85";"sem vítima";"116";"BR-392/RS";"Sul";"Saída de Pista";2;0;0;0;0;0;0;0;0;0;4;0;0;0;0
"08/01/2015";"07:11:00";"30";"com vítima";"19.8";"BR-392/RS";"Sul";"Colisão Traseira";0;0;0;1;0;0;0;0;0;0;0;0;1;0;0
"08/01/2015";"08:17:00";"32";"com vítima";"66.9";"BR-392/RS";"Sul";"Abalr.Mesmo Sentido";0;0;0;1;0;0;0;0;0;0;0;0;0;1;0
"08/01/2015";"05:04:00";"97";"com vítima";"65.8";"BR-392/RS";"Sul";"Abalr.Transversal";0;0;1;0;0;0;0;0;0;0;0;0;1;0;0
"09/01/2015";"10:28:00";"50";"sem vítima";"516.8";"BR-116/RS";"Norte";"Colisão Traseira";2;0;0;0;0;0;0;0;0;0;8;0;0;0;0
"09/01/2015";"12:56:00";"66";"com vítima";"530.1";"BR-116/RS";"Norte";"Abalr.Transversal";2;0;0;0;0;0;0;0;0;0;2;0;2;0;0