data;horario;n_da_ocorrencia;tipo_de_ocorrencia;km;trecho;sentido;tipo_de_acidente;automovel;bicicleta;caminhao;moto;onibus;outros;tracao_animal;transporte_de_cargas_especiais;trator_maquinas;utilitarios;ilesos;levemente_feridos;moderadamente_feridos;gravemente_feridos;mortos
"09/01/2015";"05:55:00";"93";"com vítima";"46.6";"BR-392/RS";"Sul";"Saída de Pista";1;0;0;0;0;0;0;0;0;0;0;1;0;0;0
"09/01/2015";"10:43:00";"107";"sem vítima";"523.6";"BR-116/RS";"Sul";"Saída de Pista";1;0;0;0;0;0;0;0;0;0;1;0;0;0;0
"12/01/2015";"11:37:00";"55";"sem vítima";"66.9";"BR-392/RS";"Sul";"Abalr.Transversal";1;0;0;0;0;0;0;0;0;0;1;0;0;0;0
"12/01/2015";"03:26:00";"72";"sem vítima";"471.3";"BR-116/RS";"Norte";"Saída de Pista";2;0;0;0;0;0;0;0;0;0;2;0;0;0;0
"12/01/2015";"03:36:00";"74";"com vítima";"523.5";"BR-116/RS";"Sul";"Abalr.Mesmo Sentido";0;0;1;0;0;0;0;0;0;0;0;1;0;0;0
"12/01/2015";"08:06:00";"110";"com vítima";"529.2";"BR-116/RS";"Norte";"Abalr.Transversal";2;0;0;0;0;0;0;0;0;0;3;1;0;0;0
"13/01/2015";"07:59:00";"37";"sem vítima";"66.7";"BR-392/RS";"Norte";"Abalr.Transversal";2;0;0;0;0;0;0;0;0;0;2;0;0;0;0
"13/01/2015";"10:31:00";"58";"com vítima";"71";"BR-392/RS";"Norte";"Abalr.Mesmo Sentido";1;0;0;0;0;0;0;0;0;0;0;0;0;0;1
"13/01/2015";"04:42:00";"94";"sem vítima";"52.2";"BR-392/RS";"Norte";"Colisão Traseira";1;0;0;0;0;0;0;0;0;0;1;0;0;0;0
"13/01/2015";"05:16:00";"98";"sem vítima";"116";"BR-392/RS";"Norte";"Colisão Frontal";0;0;1;0;0;0;0;0;0;0;1;0;0;0;0
"14/01/2015";"02:49:00";"18";"com vítima";"30.1";"BR-392/RS";"Sul";"Atropelamento de Animal";0;0;0;1;0;0;0;0;0;0;0;1;0;0;0
"14/01/2015";"10:16:00";"101";"com vítima";"147.9";"BR-392/RS";"Sul";"Atropelamento de Animal";1;0;0;1;0;0;0;0;0;0;1;1;0;0;0
"15/01/2015";"01:54:00";"64";"com vítima";"65.5";"BR-392/RS";"Sul";"Saída de Pista";0;0;1;0;0;0;0;0;0;0;0;0;0;1;0
"16/01/2015";"06:06:00";"105";"com vítima";"52.3";"BR-392/RS";"Norte";"Colisão Traseira";0;0;0;1;0;0;0;0;0;0;0;2;0;0;0
"17/01/2015";"12:19:00";"47";"sem vítima";"522.9";"BR-116/RS";"Sul";"Colisão Traseira";3;0;0;0;0;0;0;0;0;0;5;0;0;0;0
"17/01/2015";"07:49:00";"84";"com vítima";"92.7";"BR-392/RS";"Norte";"Saída de Pista";0;0;0;0;1;0;0;0;0;0;0;3;4;2;0
"18/01/2015";"06:22:00";"84";"sem vítima";"456";"BR-116/RS";"Norte";"Saída de Pista";4;0;0;0;0;0;0;0;0;0;0;0;0;0;0
"19/01/2015";"04:30:00";"19";"sem vítima";"655.5";"BR-116/RS";"Sul";"Saída de Pista";0;0;0;0;2;0;0;0;0;0;2;0;0;0;0
"19/01/2015";"10:44:00";"57";"sem vítima";"406.1";"BR-116/RS";"Norte";"Abalr.Sentido Oposto";1;0;1;0;0;0;0;0;0;0;5;0;0;0;0
"19/01/2015";"12:53:00";"72";"com vítima";"510.5";"BR-116/RS";"Norte";"Abalr.Transversal";0;1;1;0;0;0;0;0;0;0;1;0;1;0;0
"19/01/2015";"06:52:00";"109";"com vítima";"482.5";"BR-116/RS";"Norte";"Abalr.Transversal";0;0;1;1;0;0;0;0;0;0;4;0;1;0;1
"19/01/2015";"08:39:00";"119";"com vítima";"75.6";"BR-392/RS";"Sul";"Abalr.Mesmo Sentido";2;0;0;0;0;0;0;0;0;0;0;2;1;0;0
"20/01/2015";"02:48:00";"20";"sem vítima";"483.9";"BR-116/RS";"Norte";"Saída de Pista";0;0;1;0;0;0;0;0;0;0;1;0;0;0;0
"20/01/2015";"05:39:00";"99";"com vítima";"99.5";"BR-392/RS";"Norte";"Colisão Frontal";1;0;0;0;0;0;0;0;0;0;0;1;0;0;0
"21/01/2015";"08:38:00";"37";"sem vítima";"59.1";"BR-392/RS";"Sul";"Colisão com Objeto Fixo";0;0;2;0;0;0;0;0;0;0;2;0;0;0;0
"22/01/2015";"01:34:00";"54";"sem vítima";"167.7";"BR-392/RS";"Norte";"Saída de Pista";0;0;1;0;0;0;0;0;0;0;1;0;0;0;0
"22/01/2015";"06:01:00";"91";"com vítima";"21.3";"BR-392/RS";"Sul";"Saída de Pista";1;0;0;0;0;0;0;0;0;0;0;1;0;0;0
"22/01/2015";"10:33:00";"100";"com vítima";"431.4";"BR-116/RS";"Sul";"Atropelamento de Animal";1;0;0;0;0;0;0;0;0;0;0;2;0;0;0
"23/01/2015";"06:50:00";"23";"com vítima";"102.1";"BR-392/RS";"Sul";"Colisão Traseira";1;0;1;0;0;0;0;0;0;0;2;0;1;0;0
"23/01/2015";"07:15:00";"26";"com vítima";"52.4";"BR-392/RS";"Sul";"Colisão Traseira";0;0;0;1;0;0;0;0;0;0;1;0;1;0;0
"24/01/2015";"10:16:00";"42";"com vítima";"87.6";"BR-392/RS";"Norte";"Abalr.Transversal";1;0;0;1;0;0;0;0;0;0;5;0;0;1;0
"24/01/2015";"08:13:00";"95";"sem vítima";"482.2";"BR-116/RS";"Sul";"Tombamento";0;0;1;0;0;0;0;0;0;0;1;0;0;0;0
"25/01/2015";"12:27:00";"4";"sem vítima";"426.8";"BR-116/RS";"Norte";"Atropelamento";0;0;1;0;0;0;0;0;0;0;1;0;0;0;0
"25/01/2015";"10:53:00";"50";"com vítima";"93.5";"BR-392/RS";"Norte";"Colisão com Objeto Fixo";1;0;0;0;0;0;0;0;0;0;0;2;0;0;0
"26/01/2015";"05:32:00";"21";"sem vítima";"19";"BR-392/RS";"Norte";"Tombamento";2;0;0;0;0;0;0;0;0;0;3;0;0;0;0
"27/01/2015";"03:10:00";"79";"com vítima";"529.1";"BR-116/RS";"Sul";"Colisão Traseira";2;0;0;0;0;0;0;0;0;0;7;1;0;0;0
"27/01/2015";"09:17:00";"131";"com vítima";"428";"BR-116/RS";"Sul";"Abalr.Transversal";2;0;0;0;0;0;0;0;0;0;3;2;0;0;0
"27/01/2015";"11:02:00";"137";"com vítima";"464.7";"BR-116/RS";"Sul";"Tombamento";2;0;0;0;0;0;0;0;0;0;0;3;0;0;0
"28/01/2015";"05:18:00";"31";"sem vítima";"4.7";"BR-392/RS";"Sul";"Abalr.Transversal";1;0;0;0;0;0;0;0;0;0;4;0;0;0;0
"28/01/2015";"06:42:00";"33";"sem vítima";"4.7";"BR-392/RS";"Sul";"Atropelamento";0;0;1;0;0;0;0;0;0;0;1;0;0;0;0
"28/01/2015";"12:00:00";"65";"com vítima";"521";"BR-116/RS";"Sul";"Abalr.Transversal";1;0;0;0;0;0;0;0;0;0;0;2;0;0;0
"29/01/2015";"05:29:00";"21";"sem vítima";"567";"BR-116/RS";"Norte";"Saída de Pista";1;0;0;0;1;0;0;0;0;0;2;0;0;0;0
"29/01/2015";"08:11:00";"101";"com vítima";"488";"BR-116/RS";"Norte";"Colisão Frontal";0;0;0;1;0;0;0;0;0;0;0;0;1;0;0
"30/01/2015";"06:27:00";"24";"sem vítima";"535.2";"BR-116/RS";"Sul";"Colisão Traseira";0;0;1;0;0;0;0;0;0;0;1;0;0;0;0
"30/01/2015";"07:29:00";"27";"sem vítima";"132";"BR-392/RS";"Sul";"Saída de Pista";1;0;0;0;0;0;0;0;0;0;1;0;0;0;0
"30/01/2015";"09:42:00";"34";"sem vítima";"83.8";"BR-392/RS";"Norte";"Colisão Traseira";1;0;2;0;0;0;0;0;0;0;3;0;0;0;0
"30/01/2015";"12:15:00";"48";"com vítima";"196";"BR-392/RS";"Sul";"Tombamento";2;0;0;0;0;0;0;0;0;0;0;2;1;0;0
"31/01/2015";"07:57:00";"27";"com vítima";"174.7";"BR-392/RS";"Sul";"Saída de Pista";1;0;1;0;0;0;0;0;0;0;1;1;0;0;0
"31/01/2015";"05:14:00";"97";"sem vítima";"19.4";"BR-392/RS";"Norte";"Atropelamento";1;0;0;0;0;0;0;0;0;0;2;0;0;0;0
"02/02/2015";"12:28:00";"52";"sem vítima";"521";"BR-116/RS";"Sul";"Abalr.Transversal";1;0;0;0;0;0;0;0;0;0;1;0;0;0;0
"02/02/2015";"08:15:00";"109";"com vítima";"71";"BR-392/RS";"Norte";"Colisão Traseira";0;0;0;1;0;0;0;0;0;0;0;0;1;0;0
"02/02/2015";"09:21:00";"115";"com vítima";"525.7";"BR-116/RS";"Norte";"Abalr.Transversal";0;0;0;1;0;0;0;0;0;0;0;0;1;0;0
"03/02/2015";"02:17:00";"15";"com vítima";"62";"BR-392/RS";"Sul";"Saída de Pista";0;0;0;1;0;0;0;0;0;0;0;0;2;0;0
"03/02/2015";"10:47:00";"49";"com vítima";"88.7";"BR-392/RS";"Sul";"Tombamento";0;0;0;1;0;0;0;0;0;0;0;0;1;0;0
"05/02/2015";"07:46:00";"29";"com vítima";"65.8";"BR-392/RS";"Norte";"Abalr.Transversal";1;0;0;0;0;0;0;0;0;0;2;1;1;0;0
"05/02/2015";"09:14:00";"41";"com vítima";"489";"BR-116/RS";"Sul";"Abalr.Sentido Oposto";1;0;0;1;0;0;0;0;0;0;1;0;2;0;0
"07/02/2015";"09:30:00";"48";"sem vítima";"482.6";"BR-116/RS";"Norte";"Colisão Traseira";2;0;0;0;0;0;0;0;0;0;3;0;0;0;0
"07/02/2015";"09:45:00";"49";"com vítima";"34.3";"BR-392/RS";"Sul";"Saída de Pista";1;0;0;0;0;0;0;0;0;0;1;1;0;0;0
"07/02/2015";"05:07:00";"97";"com vítima";"477.3";"BR-116/RS";"Norte";"Colisão Traseira";1;0;0;1;0;0;0;0;0;0;1;0;1;0;0
"08/02/2015";"03:16:00";"60";"com vítima";"62.2";"BR-392/RS";"Sul";"Colisão Traseira";0;0;0;1;0;0;0;0;0;0;0;0;2;0;0
"08/02/2015";"06:11:00";"81";"sem vítima";"43.2";"BR-392/RS";"Norte";"Abalr.Mesmo Sentido";0;0;1;0;0;0;0;0;0;0;1;0;0;0;0
"08/02/2015";"09:26:00";"107";"com vítima";"491";"BR-116/RS";"Sul";"Colisão Traseira";2;0;0;0;0;0;0;0;0;0;0;3;0;2;0
"08/02/2015";"11:50:00";"122";"sem vítima";"504.2";"BR-116/RS";"Sul";"Saída de Pista";0;0;1;0;0;0;0;0;0;0;1;0;0;0;0
"09/02/2015";"12:05:00";"57";"com vítima";"474";"BR-116/RS";"Sul";"Colisão Traseira";1;0;0;0;0;0;0;0;0;0;0;0;1;0;0
"09/02/2015";"07:33:00";"110";"sem vítima";"66.2";"BR-392/RS";"Norte";"Colisão Traseira";1;0;0;0;0;0;0;0;0;0;1;0;0;0;0
"10/02/2015";"08:13:00";"37";"com vítima";"519.3";"BR-116/RS";"Norte";"Atropelamento";1;0;0;1;0;0;0;0;0;0;4;1;0;0;0
"11/02/2015";"01:41:00";"77";"sem vítima";"529.7";"BR-116/RS";"Norte";"Tombamento";1;0;0;0;0;0;0;0;0;0;1;0;0;0;0
"12/02/2015";"07:22:00";"97";"sem vítima";"28";"BR-392/RS";"Sul";"Tombamento";1;0;0;0;0;0;0;0;0;0;1;0;0;0;0
"13/02/2015";"02:58:00";"94";"sem vítima";"522.7";"BR-116/RS";"Sul";"Abalr.Mesmo Sentido";1;0;1;0;0;0;0;0;0;0;2;0;0;0;0
"13/02/2015";"03:57:00";"107";"sem vítima";"656.1";"BR-116/RS";"Norte";"Saída de Pista";0;0;1;0;0;0;0;0;0;0;1;0;0;0;0
"14/02/2015";"06:39:00";"29";"sem vítima";"516.6";"BR-116/RS";"Norte";"Saída de Pista";1;0;0;0;0;0;0;0;0;0;1;0;0;0;0
"14/02/2015";"09:56:00";"147";"sem vítima";"114.4";"BR-392/RS";"Norte";"Abalr.Transversal";0;0;1;0;0;0;0;0;0;0;1;0;0;0;0
"15/02/2015";"12:40:00";"10";"com vítima";"444.5";"BR-116/RS";"Sul";"Saída de Pista";0;0;1;1;0;0;0;0;0;0;1;0;1;0;0
"16/02/2015";"02:06:00";"11";"com vítima";"528.3";"BR-116/RS";"Sul";"Colisão Traseira";2;0;1;1;0;0;0;0;0;0;8;0;0;1;0
"16/02/2015";"10:02:00";"119";"sem vítima";"618.1";"BR-116/RS";"Sul";"Saída de Pista";1;0;0;0;0;0;0;0;0;0;1;0;0;0;0
"17/02/2015";"03:51:00";"75";"sem vítima";"452.1";"BR-116/RS";"Norte";"Colisão Frontal";2;0;0;0;0;0;0;0;0;0;4;0;0;0;0
"17/02/2015";"06:45:00";"93";"sem vítima";"19.5";"BR-392/RS";"Norte";"Colisão Traseira";0;0;1;0;0;0;0;0;0;0;1;0;0;0;0
"17/02/2015";"09:26:00";"109";"com vítima";"66.5";"BR-392/RS";"Norte";"Abalr.Mesmo Sentido";0;0;1;1;0;0;0;0;0;0;1;0;1;1;0
"18/02/2015";"10:21:00";"38";"com vítima";"516.4";"BR-116/RS";"Norte";"Abalr.Transversal";0;0;1;1;0;0;0;0;0;0;1;1;0;0;0
"18/02/2015";"10:28:00";"39";"sem vítima";"57.4";"BR-392/RS";"Sul";"Tombamento";1;0;0;0;0;0;0;0;0;0;4;0;0;0;0
"18/02/2015";"01:49:00";"55";"sem vítima";"20.8";"BR-392/RS";"Norte";"Colisão Traseira";0;0;2;0;0;0;0;0;0;0;2;0;0;0;0
"18/02/2015";"05:13:00";"92";"sem vítima";"62.2";"BR-392/RS";"Sul";"Colisão Traseira";1;0;1;0;0;0;0;0;0;0;2;0;0;0;0
"18/02/2015";"06:25:00";"105";"com vítima";"519.2";"BR-116/RS";"Sul";"Tombamento";1;0;0;1;0;0;0;0;0;0;1;1;0;0;0
"19/02/2015";"03:35:00";"93";"sem vítima";"54.3";"BR-392/RS";"Norte";"Saída de Pista";2;0;0;0;0;0;0;0;0;0;7;0;0;0;0
"19/02/2015";"04:05:00";"100";"sem vítima";"142.2";"BR-392/RS";"Sul";"Saída de Pista";1;0;2;0;0;0;0;0;0;0;5;0;0;0;0
"19/02/2015";"04:46:00";"107";"sem vítima";"455.5";"BR-116/RS";"Norte";"Saída de Pista";0;0;2;0;0;0;0;0;0;0;2;0;0;0;0
"19/02/2015";"08:09:00";"132";"com vítima";"555.5";"BR-116/RS";"Norte";"Saída de Pista";0;0;0;0;2;0;0;0;0;0;0;11;11;9;1
"21/02/2015";"11:01:00";"133";"com vítima";"452.1";"BR-116/RS";"Norte";"Saída de Pista";0;0;1;0;1;0;0;0;0;0;6;0;1;0;0
"21/02/2015";"11:48:00";"136";"com vítima";"27.8";"BR-392/RS";"Norte";"Saída de Pista";0;0;0;1;0;0;0;0;0;0;0;1;0;0;0
"22/02/2015";"01:23:00";"59";"com vítima";"519.4";"BR-116/RS";"Sul";"Abalr.Transversal";0;0;1;0;0;0;0;0;0;0;0;1;0;0;0
"23/02/2015";"09:11:00";"94";"sem vítima";"572.1";"BR-116/RS";"Sul";"Saída de Pista";1;0;0;0;0;0;0;0;0;0;1;0;0;0;0
"23/02/2015";"09:54:00";"98";"com vítima";"20.9";"BR-392/RS";"Sul";"Saída de Pista";1;0;0;0;0;0;0;0;0;0;1;1;0;0;0
"24/02/2015";"05:12:00";"70";"sem vítima";"454.5";"BR-116/RS";"Norte";"Abalr.Transversal";1;0;0;1;0;0;0;0;0;0;3;0;0;0;0
"26/02/2015";"04:49:00";"46";"com vítima";"99.6";"BR-392/RS";"Norte";"Tombamento";0;0;1;1;0;0;0;0;0;0;1;0;1;0;0
"01/03/2015";"04:16:00";"54";"com vítima";"519.2";"BR-116/RS";"Sul";"Abalr.Transversal";1;0;0;1;0;0;0;0;0;0;2;0;2;0;0
"03/03/2015";"11:28:00";"45";"sem vítima";"193.6";"BR-392/RS";"Sul";"Saída de Pista";0;0;1;0;0;0;0;0;0;0;1;0;0;0;0
"03/03/2015";"08:01:00";"84";"com vítima";"523.1";"BR-116/RS";"Sul";"Tombamento";1;0;0;1;0;0;0;0;0;0;1;1;0;0;0
"04/03/2015";"11:49:00";"51";"com vítima";"62.1";"BR-392/RS";"Sul";"Colisão Traseira";0;0;1;0;0;0;0;0;0;0;0;1;0;0;0
"05/03/2015";"12:46:00";"59";"sem vítima";"510.7";"BR-116/RS";"Norte";"Tombamento";0;0;1;0;0;0;0;0;0;0;1;0;0;0;0
"05/03/2015";"04:21:00";"73";"sem vítima";"424.7";"BR-116/RS";"Norte";"Tombamento";0;0;1;0;0;0;0;0;0;0;1;0;0;0;0
"05/03/2015";"10:57:00";"105";"sem vítima";"526.8";"BR-116/RS";"Norte";"Abalr.Transversal";1;0;0;0;0;0;0;0;0;0;1;0;0;0;0
"07/03/2015";"06:22:00";"24";"sem vítima";"422.6";"BR-116/RS";"Sul";"Saída de Pista";1;0;0;0;0;0;0;0;0;0;3;0;0;0;0
"07/03/2015";"08:03:00";"30";"com vítima";"22";"BR-392/RS";"Sul";"Saída de Pista";0;0;1;0;0;0;0;0;0;0;0;1;0;0;0
"07/03/2015";"11:49:00";"50";"sem vítima";"66.9";"BR-392/RS";"Sul";"Abalr.Transversal";1;0;0;0;0;0;0;0;0;0;1;0;0;0;0
"07/03/2015";"01:28:00";"58";"com vítima";"477.2";"BR-116/RS";"Sul";"Tombamento";0;0;0;2;0;0;0;0;0;0;0;0;2;0;0
"08/03/2015";"05:47:00";"20";"com vítima";"2.5";"BR-392/RS";"Sul";"Outros tipos de acidente";0;0;1;0;0;0;0;0;0;0;0;1;0;1;0
"08/03/2015";"06:03:00";"106";"com vítima";"44.8";"BR-392/RS";"Norte";"Colisão Traseira";2;0;0;0;0;0;0;0;0;0;1;1;2;0;0
"09/03/2015";"08:56:00";"43";"sem vítima";"497.4";"BR-116/RS";"Sul";"Abalr.Mesmo Sentido";2;0;0;0;0;0;0;0;0;0;2;0;0;0;0
"09/03/2015";"09:32:00";"46";"com vítima";"65";"BR-392/RS";"Norte";"Colisão Traseira";1;0;1;0;0;0;0;0;0;0;1;0;1;0;0
"09/03/2015";"05:19:00";"103";"com vítima";"500.5";"BR-116/RS";"Sul";"Colisão Traseira";1;0;0;0;0;0;0;0;0;0;0;2;0;0;0
"10/03/2015";"08:19:00";"34";"sem vítima";"57.9";"BR-392/RS";"Norte";"Saída de Pista";1;0;0;0;0;0;0;0;0;0;1;0;0;0;0
"10/03/2015";"06:18:00";"97";"com vítima";"4.9";"BR-392/RS";"Norte";"Colisão Frontal";1;0;0;0;0;0;0;0;0;0;0;4;0;0;0
"11/03/2015";"02:16:00";"62";"com vítima";"501.5";"BR-116/RS";"Norte";"Colisão Frontal";2;0;0;1;0;0;0;0;0;0;0;3;0;0;0
"11/03/2015";"11:47:00";"110";"sem vítima";"526.2";"BR-116/RS";"Norte";"Saída de Pista";0;0;1;0;0;0;0;0;0;0;1;0;0;0;0
"12/03/2015";"06:46:00";"102";"com vítima";"28.2";"BR-392/RS";"Sul";"Abalr.Mesmo Sentido";0;0;1;0;0;0;0;0;0;0;0;0;1;0;0
"13/03/2015";"08:53:00";"36";"com vítima";"520.7";"BR-116/RS";"Norte";"Colisão Traseira";1;0;0;1;0;0;0;0;0;0;1;1;0;0;0
"13/03/2015";"01:43:00";"70";"sem vítima";"61";"BR-392/RS";"Sul";"Colisão Traseira";1;0;1;0;0;0;0;0;0;0;4;0;0;0;0
"13/03/2015";"08:05:00";"108";"sem vítima";"600.5";"BR-116/RS";"Sul";"Atropelamento de Animal";1;0;0;0;0;0;0;0;0;0;4;0;0;0;0
"13/03/2015";"10:49:00";"118";"sem vítima";"12.5";"BR-392/RS";"Sul";"Colisão Traseira";0;0;1;0;0;0;0;0;0;0;1;0;0;0;0
"14/03/2015";"11:50:00";"68";"sem vítima";"562.9";"BR-116/RS";"Norte";"Capotamento";2;0;1;0;0;0;0;0;0;0;3;0;0;0;0
"15/03/2015";"09:47:00";"45";"sem vítima";"118";"BR-392/RS";"Norte";"Saída de Pista";2;0;0;0;0;0;0;0;0;0;3;0;0;0;0
"15/03/2015";"05:30:00";"83";"com vítima";"498.7";"BR-116/RS";"Norte";"Abalr.Transversal";0;0;0;1;0;0;0;0;0;0;0;1;0;0;0
"15/03/2015";"09:54:00";"116";"sem vítima";"525";"BR-116/RS";"Norte";"Saída de Pista";3;0;0;0;0;0;0;0;0;0;11;0;0;0;0
"16/03/2015";"07:15:00";"24";"com vítima";"19.8";"BR-392/RS";"Sul";"Colisão Traseira";1;0;1;0;0;0;0;0;0;0;3;0;1;0;0
"16/03/2015";"08:49:00";"47";"com vítima";"498.6";"BR-116/RS";"Sul";"Colisão Traseira";0;0;0;1;0;0;0;0;0;0;0;1;0;0;0
"16/03/2015";"09:21:00";"49";"com vítima";"454.6";"BR-116/RS";"Sul";"Colisão Frontal";2;0;0;0;0;0;0;0;0;0;3;5;0;0;0
"16/03/2015";"07:31:00";"124";"com vítima";"427.6";"BR-116/RS";"Sul";"Atropelamento";1;0;0;0;0;0;0;0;0;0;0;0;1;0;0
"16/03/2015";"08:52:00";"133";"sem vítima";"521.1";"BR-116/RS";"Norte";"Colisão Traseira";0;0;1;0;0;0;0;0;0;0;1;0;0;0;0
"18/03/2015";"04:08:00";"82";"com vítima";"416.2";"BR-116/RS";"Sul";"Abalr.Mesmo Sentido";1;0;0;1;0;0;0;0;0;0;2;0;0;1;1
"20/03/2015";"10:38:00";"61";"com vítima";"32.5";"BR-392/RS";"Sul";"Abalr.Mesmo Sentido";0;0;0;1;0;0;0;0;0;0;0;1;0;0;0
"20/03/2015";"03:51:00";"96";"sem vítima";"485.9";"BR-116/RS";"Sul";"Abalr.Sentido Oposto";2;0;0;0;0;0;0;0;0;0;6;0;0;0;0
"21/03/2015";"03:04:00";"14";"sem vítima";"503.6";"BR-116/RS";"Sul";"Saída de Pista";1;0;0;0;0;0;0;0;0;0;1;0;0;0;0
"22/03/2015";"07:57:00";"25";"com vítima";"36";"BR-392/RS";"Norte";"Saída de Pista";1;0;0;0;0;0;0;0;0;0;2;0;1;0;0
"22/03/2015";"09:06:00";"28";"com vítima";"30";"BR-392/RS";"Sul";"Colisão Traseira";0;0;2;0;0;0;0;0;0;0;0;2;0;0;0
"22/03/2015";"09:22:00";"30";"sem vítima";"427.6";"BR-116/RS";"Sul";"Abalr.Transversal";1;0;0;0;0;0;0;0;0;0;4;0;0;0;0
"23/03/2015";"04:58:00";"16";"sem vítima";"568";"BR-116/RS";"Sul";"Saída de Pista";0;0;1;0;0;0;0;0;0;0;1;0;0;0;0
"23/03/2015";"05:53:00";"97";"sem vítima";"118.2";"BR-392/RS";"Norte";"Colisão Traseira";1;0;0;0;0;0;0;0;0;0;1;0;0;0;0
"23/03/2015";"06:46:00";"104";"com vítima";"525.4";"BR-116/RS";"Sul";"Colisão Traseira";1;0;0;0;0;0;0;0;0;0;0;1;0;0;0
"23/03/2015";"07:17:00";"107";"sem vítima";"4.4";"BR-392/RS";"Norte";"Colisão Traseira";0;0;1;0;0;0;0;0;0;0;1;0;0;0;0
"25/03/2015";"12:41:00";"6";"sem vítima";"146.3";"BR-392/RS";"Sul";"Saída de Pista";2;0;0;0;0;0;0;0;0;0;3;0;0;0;0
"27/03/2015";"02:00:00";"68";"com vítima";"150.4";"BR-392/RS";"Sul";"Tombamento";0;0;1;1;0;0;0;0;0;0;1;0;0;0;1
"27/03/2015";"02:23:00";"70";"sem vítima";"430.3";"BR-116/RS";"Norte";"Colisão Traseira";0;0;2;0;0;0;0;0;0;0;2;0;0;0;0
"27/03/2015";"10:26:00";"115";"sem vítima";"510.9";"BR-116/RS";"Norte";"Colisão Traseira";1;0;1;0;0;0;0;0;0;0;2;0;0;0;0
"28/03/2015";"07:37:00";"19";"com vítima";"513.9";"BR-116/RS";"Sul";"Tombamento";1;0;1;0;0;0;0;0;0;0;1;0;0;1;0
"28/03/2015";"10:20:00";"41";"sem vítima";"117.5";"BR-392/RS";"Sul";"Tombamento";2;0;0;0;0;0;0;0;0;0;2;0;0;0;0
"28/03/2015";"08:40:00";"102";"sem vítima";"482.1";"BR-116/RS";"Sul";"Saída de Pista";2;0;0;0;0;0;0;0;0;0;7;0;0;0;0
"28/03/2015";"09:35:00";"104";"com vítima";"641.1";"BR-116/RS";"Sul";"Colisão Traseira";1;0;0;0;0;0;0;0;0;0;0;3;0;0;0
"29/03/2015";"10:32:00";"51";"sem vítima";"49.3";"BR-392/RS";"Norte";"Saída de Pista";2;0;0;0;0;0;0;0;0;0;5;0;0;0;0
"29/03/2015";"01:41:00";"68";"sem vítima";"520.9";"BR-116/RS";"Norte";"Abalr.Transversal";1;0;1;0;0;0;0;0;0;0;5;0;0;0;0
"29/03/2015";"03:59:00";"76";"sem vítima";"521.7";"BR-116/RS";"Sul";"Colisão Traseira";2;0;0;0;0;0;0;0;0;0;6;0;0;0;0
"29/03/2015";"09:45:00";"116";"sem vítima";"107.4";"BR-392/RS";"Sul";"Colisão Traseira";1;0;0;0;0;0;0;0;0;0;2;0;0;0;0
"30/03/2015";"05:59:00";"14";"sem vítima";"451.7";"BR-116/RS";"Sul";"Saída de Pista";2;0;0;0;0;0;0;0;0;0;6;0;0;0;0
"30/03/2015";"06:26:00";"15";"sem vítima";"8.5";"BR-392/RS";"Norte";"Abalr.Transversal";1;0;0;0;0;0;0;0;0;0;2;0;0;0;0
"30/03/2015";"07:33:00";"25";"sem vítima";"119.8";"BR-392/RS";"Norte";"Colisão Frontal";3;0;0;0;0;0;0;0;0;0;8;0;0;0;0
"31/03/2015";"12:24:00";"5";"sem vítima";"417.2";"BR-116/RS";"Sul";"Abalr.Sentido Oposto";1;0;0;0;0;0;0;0;0;0;3;0;0;0;0
"31/03/2015";"11:59:00";"70";"com vítima";"71.2";"BR-392/RS";"Norte";"Abalr.Mesmo Sentido";1;0;0;0;0;0;0;0;0;0;0;0;1;0;0
"31/03/2015";"07:20:00";"110";"com vítima";"95.4";"BR-392/RS";"Norte";"Colisão Frontal";1;0;0;0;0;0;0;0;0;0;0;1;0;0;0
"01/04/2015";"07:38:00";"20";"sem vítima";"516.7";"BR-116/RS";"Norte";"Abalr.Transversal";0;0;1;1;0;0;0;0;0;0;3;0;0;0;0
"01/04/2015";"10:35:00";"50";"sem vítima";"422.6";"BR-116/RS";"Sul";"Colisão com Objeto Fixo";1;0;0;0;0;0;0;0;0;0;1;0;0;0;0
"01/04/2015";"06:14:00";"101";"sem vítima";"526.8";"BR-116/RS";"Norte";"Colisão Traseira";2;0;0;0;0;0;0;0;0;0;2;0;0;0;0
"02/04/2015";"06:13:00";"14";"sem vítima";"407.1";"BR-116/RS";"Norte";"Saída de Pista";1;0;1;0;0;0;0;0;0;0;4;0;0;0;0
"02/04/2015";"07:37:00";"20";"sem vítima";"9.8";"BR-392/RS";"Sul";"Colisão Traseira";0;0;1;0;0;0;0;0;0;0;1;0;0;0;0
"02/04/2015";"01:06:00";"65";"sem vítima";"1.4";"BR-392/RS";"Sul";"Colisão Traseira";1;0;1;0;0;0;0;0;0;0;2;0;0;0;0
"02/04/2015";"08:20:00";"113";"com vítima";"102.4";"BR-392/RS";"Norte";"Colisão Traseira";1;0;0;1;0;0;0;0;0;0;1;1;0;0;0
"02/04/2015";"08:56:00";"116";"com vítima";"74.2";"BR-392/RS";"Norte";"Abalr.Transversal";1;0;0;1;0;0;0;0;0;0;3;0;1;1;0
"02/04/2015";"11:06:00";"124";"sem vítima";"94.6";"BR-392/RS";"Norte";"Abalr.Transversal";1;0;0;0;0;0;0;0;0;0;2;0;0;0;0
"03/04/2015";"08:13:00";"19";"sem vítima";"34.1";"BR-392/RS";"Norte";"Saída de Pista";1;0;1;0;0;0;0;0;0;0;2;0;0;0;0