data;horario;n_da_ocorrencia;tipo_de_ocorrencia;km;trecho;sentido;tipo_de_acidente;automovel;bicicleta;caminhao;moto;onibus;outros;tracao_animal;transporte_de_cargas_especiais;trator_maquinas;utilitarios;ilesos;levemente_feridos;moderadamente_feridos;gravemente_feridos;mortos
"03/04/2015";"12:20:00";"46";"sem vítima";"155.2";"BR-392/RS";"Sul";"Abalr.Transversal";2;0;0;0;0;0;0;0;0;0;4;0;0;0;0
"03/04/2015";"02:05:00";"57";"sem vítima";"114.8";"BR-392/RS";"Sul";"Colisão Traseira";0;0;2;0;0;0;0;0;0;0;2;0;0;0;0
"03/04/2015";"11:44:00";"104";"sem vítima";"3.1";"BR-392/RS";"Sul";"Atropelamento de Animal";0;0;0;1;0;0;0;0;0;0;1;0;0;0;0
"04/04/2015";"04:14:00";"20";"com vítima";"551.7";"BR-116/RS";"Norte";"Atropelamento de Animal";1;0;0;1;0;0;0;0;0;0;1;0;1;1;0
"04/04/2015";"03:27:00";"86";"com vítima";"498.7";"BR-116/RS";"Sul";"Colisão Traseira";0;0;1;1;0;0;0;0;0;0;1;0;1;0;0
"05/04/2015";"04:55:00";"80";"com vítima";"99.6";"BR-392/RS";"Sul";"Tombamento";1;0;0;1;0;0;0;0;0;0;1;0;1;1;0
"05/04/2015";"06:00:00";"90";"sem vítima";"509.1";"BR-116/RS";"Sul";"Colisão Traseira";0;0;1;0;0;0;0;0;0;0;1;0;0;0;0
"05/04/2015";"06:51:00";"95";"sem vítima";"589.6";"BR-116/RS";"Norte";"Saída de Pista";1;0;0;0;0;0;0;0;0;0;1;0;0;0;0
"05/04/2015";"09:02:00";"107";"com vítima";"426.5";"BR-116/RS";"Norte";"Colisão Frontal";1;0;1;0;0;0;0;0;0;0;1;2;0;0;0
"06/04/2015";"09:16:00";"48";"sem vítima";"33.4";"BR-392/RS";"Norte";"Tombamento";1;0;0;0;0;0;0;0;0;0;2;0;0;0;0
"07/04/2015";"08:02:00";"20";"sem vítima";"114";"BR-392/RS";"Norte";"Colisão Traseira";1;0;1;0;0;0;0;0;0;0;2;0;0;0;0
"07/04/2015";"12:45:00";"58";"com vítima";"410.6";"BR-116/RS";"Sul";"Tombamento";0;0;0;1;0;0;0;0;0;0;1;1;0;0;0
"07/04/2015";"01:20:00";"62";"com vítima";"509.3";"BR-116/RS";"Norte";"Colisão Traseira";1;0;1;0;0;0;0;0;0;0;1;1;0;1;0
"07/04/2015";"08:03:00";"89";"sem vítima";"26";"BR-392/RS";"Norte";"Abalr.Mesmo Sentido";1;0;1;0;0;0;0;0;0;0;2;0;0;0;0
"08/04/2015";"07:25:00";"14";"sem vítima";"20.6";"BR-392/RS";"Sul";"Abalr.Mesmo Sentido";1;0;1;0;0;0;0;0;0;0;3;0;0;0;0
"09/04/2015";"01:09:00";"13";"sem vítima";"469";"BR-116/RS";"Sul";"Saída de Pista";2;0;0;0;0;0;0;0;0;0;5;0;0;0;0
"09/04/2015";"11:11:00";"52";"sem vítima";"20.4";"BR-392/RS";"Sul";"Colisão Traseira";0;0;0;0;0;1;0;0;0;0;1;0;0;0;0
"09/04/2015";"03:50:00";"78";"sem vítima";"58.8";"BR-392/RS";"Norte";"Saída de Pista";0;0;1;0;0;0;0;0;0;0;1;0;0;0;0
"10/04/2015";"07:45:00";"20";"sem vítima";"8.9";"BR-392/RS";"Sul";"Colisão Traseira";0;0;2;0;0;0;0;0;0;0;2;0;0;0;0
"10/04/2015";"08:08:00";"21";"com vítima";"31.8";"BR-392/RS";"Norte";"Colisão Traseira";0;0;1;0;0;0;0;0;0;0;0;1;0;0;0
"10/04/2015";"01:59:00";"54";"sem vítima";"12.1";"BR-392/RS";"Sul";"Tombamento";1;0;0;0;0;1;0;0;0;0;2;0;0;0;0
"10/04/2015";"02:09:00";"55";"sem vítima";"444.5";"BR-116/RS";"Sul";"Tombamento";0;0;1;0;0;1;0;0;0;0;2;0;0;0;0
"10/04/2015";"10:42:00";"101";"com vítima";"113";"BR-392/RS";"Sul";"Colisão Traseira";0;0;1;0;0;0;0;0;0;0;0;1;0;0;0
"11/04/2015";"12:19:00";"1";"sem vítima";"2.5";"BR-392/RS";"Sul";"Atropelamento";1;0;0;1;0;0;0;0;0;0;3;0;0;0;0
"11/04/2015";"07:30:00";"20";"sem vítima";"96.4";"BR-392/RS";"Norte";"Abalr.Sentido Oposto";0;0;1;0;0;0;0;0;0;0;1;0;0;0;0
"11/04/2015";"05:16:00";"63";"sem vítima";"20.4";"BR-392/RS";"Norte";"Saída de Pista";1;0;0;0;0;0;0;0;0;0;2;0;0;0;0
"12/04/2015";"08:55:00";"38";"com vítima";"73.2";"BR-392/RS";"Sul";"Abalr.Sentido Oposto";1;0;0;0;0;0;0;0;0;0;0;1;1;0;0
"12/04/2015";"05:52:00";"73";"com vítima";"405.1";"BR-116/RS";"Sul";"Colisão Traseira";1;0;0;1;0;0;0;0;0;0;1;0;1;0;0
"12/04/2015";"07:05:00";"82";"com vítima";"534";"BR-116/RS";"Norte";"Atropelamento de Animal";0;0;1;0;1;0;0;0;0;0;20;0;0;3;0
"13/04/2015";"06:15:00";"19";"com vítima";"136.1";"BR-392/RS";"Sul";"Colisão Frontal";0;0;2;0;0;0;0;0;0;0;0;1;1;0;0
"13/04/2015";"07:28:00";"23";"sem vítima";"523.5";"BR-116/RS";"Sul";"Abalr.Mesmo Sentido";2;0;0;0;0;0;0;0;0;0;4;0;0;0;0
"13/04/2015";"05:52:00";"105";"com vítima";"13";"BR-392/RS";"Norte";"Colisão Traseira";0;0;1;1;0;0;0;0;0;0;1;1;0;0;0
"13/04/2015";"07:16:00";"109";"sem vítima";"23";"BR-392/RS";"Sul";"Colisão Traseira";1;0;1;0;0;0;0;0;0;0;3;0;0;0;0
"14/04/2015";"12:21:00";"67";"com vítima";"415.9";"BR-116/RS";"Sul";"Outros tipos de acidente";0;0;1;0;0;0;0;0;0;0;0;1;0;0;0
"15/04/2015";"12:30:00";"68";"sem vítima";"85.8";"BR-392/RS";"Sul";"Saída de Pista";0;0;2;0;0;0;0;0;0;0;2;0;0;0;0
"16/04/2015";"02:08:00";"12";"com vítima";"12.1";"BR-392/RS";"Norte";"Colisão Traseira";1;0;0;0;1;0;0;0;0;0;1;2;0;0;0
"16/04/2015";"06:14:00";"16";"com vítima";"522";"BR-116/RS";"Sul";"Tombamento";0;0;0;1;0;0;0;0;0;0;0;2;0;0;0
"16/04/2015";"09:49:00";"51";"com vítima";"96";"BR-392/RS";"Norte";"Saída de Pista";2;0;0;0;0;0;0;0;0;0;5;1;0;0;0
"16/04/2015";"09:15:00";"99";"com vítima";"529.2";"BR-116/RS";"Sul";"Abalr.Mesmo Sentido";1;0;0;1;0;0;0;0;0;0;2;0;1;0;0
"17/04/2015";"05:12:00";"18";"com vítima";"34.4";"BR-392/RS";"Norte";"Atropelamento de Animal";1;0;1;0;0;0;0;0;0;0;1;3;0;0;0
"17/04/2015";"08:12:00";"31";"com vítima";"10.5";"BR-392/RS";"Sul";"Abalr.Mesmo Sentido";1;0;0;0;0;0;1;0;0;0;2;0;0;0;1
"17/04/2015";"08:57:00";"40";"com vítima";"514.6";"BR-116/RS";"Norte";"Abalr.Transversal";0;0;2;0;0;0;0;0;0;0;1;1;0;0;0
"17/04/2015";"03:00:00";"73";"com vítima";"481.6";"BR-116/RS";"Sul";"Abalr.Transversal";1;0;0;0;0;0;0;0;0;0;0;0;1;1;0
"17/04/2015";"04:52:00";"88";"sem vítima";"178.3";"BR-392/RS";"Sul";"Colisão Frontal";0;0;1;0;0;0;0;0;0;0;1;0;0;0;0
"17/04/2015";"08:08:00";"102";"com vítima";"71";"BR-392/RS";"Sul";"Saída de Pista";1;0;0;0;0;0;0;0;0;0;0;1;1;2;0
"17/04/2015";"09:34:00";"109";"sem vítima";"19.9";"BR-392/RS";"Norte";"Colisão Traseira";0;0;1;0;0;0;0;0;0;0;1;0;0;0;0
"18/04/2015";"02:49:00";"13";"com vítima";"28.4";"BR-392/RS";"Sul";"Atropelamento de Animal";0;0;0;1;0;0;0;0;0;0;0;0;1;0;0
"18/04/2015";"12:24:00";"67";"sem vítima";"140.4";"BR-392/RS";"Norte";"Abalr.Mesmo Sentido";1;0;0;0;0;0;0;0;0;0;2;0;0;0;0
"19/04/2015";"05:50:00";"27";"sem vítima";"464.8";"BR-116/RS";"Sul";"Saída de Pista";1;0;1;0;0;0;0;0;0;0;5;0;0;0;0
"19/04/2015";"06:11:00";"28";"sem vítima";"74.4";"BR-392/RS";"Sul";"Abalr.Transversal";0;0;2;0;0;0;0;0;0;0;2;0;0;0;0
"19/04/2015";"03:05:00";"75";"sem vítima";"71.6";"BR-392/RS";"Norte";"Abalr.Mesmo Sentido";1;0;0;0;0;0;0;0;0;0;1;0;0;0;0
"19/04/2015";"07:20:00";"102";"com vítima";"427.4";"BR-116/RS";"Sul";"Abalr.Transversal";1;0;0;1;0;0;0;0;0;0;1;0;1;0;0
"20/04/2015";"04:30:00";"18";"com vítima";"113.4";"BR-392/RS";"Norte";"Atropelamento";0;0;1;1;0;0;0;0;0;0;2;2;0;0;0
"20/04/2015";"05:32:00";"91";"com vítima";"563.4";"BR-116/RS";"Sul";"Abalr.Transversal";0;0;1;1;0;0;0;0;0;0;1;1;0;0;0
"20/04/2015";"06:59:00";"101";"com vítima";"67.9";"BR-392/RS";"Norte";"Colisão Traseira";2;0;0;0;0;0;0;0;0;0;0;2;0;0;0
"21/04/2015";"01:28:00";"56";"sem vítima";"634";"BR-116/RS";"Norte";"Saída de Pista";0;0;2;0;0;0;0;0;0;0;2;0;0;0;0
"22/04/2015";"07:52:00";"22";"com vítima";"10";"BR-392/RS";"Sul";"Colisão Traseira";2;0;2;0;0;0;0;0;0;0;0;4;2;0;0
"22/04/2015";"03:28:00";"74";"sem vítima";"7.5";"BR-392/RS";"Sul";"Abalr.Transversal";0;0;2;0;0;0;0;0;0;0;2;0;0;0;0
"23/04/2015";"12:08:00";"48";"com vítima";"527.3";"BR-116/RS";"Sul";"Colisão Traseira";0;0;1;1;0;0;0;0;0;0;1;1;0;0;0
"24/04/2015";"04:22:00";"16";"sem vítima";"454.1";"BR-116/RS";"Norte";"Abalr.Sentido Oposto";1;0;0;0;1;0;0;0;0;0;3;0;0;0;0
"24/04/2015";"09:55:00";"93";"com vítima";"2.9";"BR-392/RS";"Sul";"Atropelamento de Animal";1;0;0;0;0;0;0;0;0;0;0;1;0;0;0
"25/04/2015";"07:10:00";"15";"com vítima";"469.5";"BR-116/RS";"Norte";"Colisão com Objeto Fixo";1;0;0;1;0;0;0;0;0;0;1;2;0;0;0
"25/04/2015";"09:57:00";"36";"com vítima";"83.1";"BR-392/RS";"Sul";"Colisão Traseira";1;0;1;0;0;0;0;0;0;0;1;1;0;0;0
"25/04/2015";"11:58:00";"48";"sem vítima";"118.5";"BR-392/RS";"Sul";"Tombamento";1;0;0;0;0;0;0;0;0;0;1;0;0;0;0
"26/04/2015";"05:44:00";"70";"com vítima";"436.4";"BR-116/RS";"Norte";"Tombamento";0;0;1;1;0;0;0;0;0;0;1;0;1;0;0
"27/04/2015";"05:23:00";"74";"com vítima";"186.5";"BR-392/RS";"Sul";"Abalr.Transversal";1;0;0;1;0;0;0;0;0;0;3;0;0;0;1
"28/04/2015";"04:29:00";"78";"com vítima";"469";"BR-116/RS";"Sul";"Saída de Pista";1;0;0;0;0;1;0;0;0;0;3;2;0;0;0
"28/04/2015";"05:24:00";"86";"com vítima";"453.2";"BR-116/RS";"Sul";"Saída de Pista";1;0;0;0;0;0;0;0;0;0;2;2;0;0;0
"28/04/2015";"06:42:00";"90";"sem vítima";"482";"BR-116/RS";"Sul";"Colisão Traseira";1;0;0;0;0;0;0;0;0;0;2;0;0;0;0
"28/04/2015";"11:54:00";"110";"com vítima";"436.2";"BR-116/RS";"Sul";"Atropelamento de Animal";0;0;1;0;0;0;0;0;0;0;0;0;0;1;0
"29/04/2015";"06:08:00";"96";"com vítima";"90.5";"BR-392/RS";"Norte";"Tombamento";1;0;0;1;0;0;0;0;0;0;1;1;0;0;0
"30/04/2015";"02:52:00";"62";"com vítima";"641.4";"BR-116/RS";"Sul";"Saída de Pista";1;0;0;0;0;0;0;0;0;0;1;0;0;0;1
"30/04/2015";"06:14:00";"84";"sem vítima";"464.8";"BR-116/RS";"Sul";"Abalr. Transversal";1;0;0;0;0;0;0;0;0;0;1;0;0;0;0
"30/04/2015";"07:12:00";"87";"com vítima";"510.8";"BR-116/RS";"Sul";"Colisão Traseira";1;0;0;0;0;0;0;0;0;0;0;1;0;0;0
"30/04/2015";"09:55:00";"107";"com vítima";"529.8";"BR-116/RS";"Sul";"Saída de Pista";1;0;0;0;0;0;0;0;0;0;1;3;0;0;0
"01/05/2015";"07:49:00";"81";"com vítima";"531.8";"BR-116/RS";"Norte";"Tombamento";1;0;1;0;0;0;0;0;0;0;1;1;0;0;0
"01/05/2015";"08:59:00";"87";"sem vítima";"514.3";"BR-116/RS";"Norte";"Tombamento";1;0;0;0;0;0;0;0;0;0;3;0;0;0;0
"02/05/2015";"01:25:00";"69";"com vítima";"600.4";"BR-116/RS";"Sul";"Saída de Pista";0;0;1;0;0;0;0;0;0;0;0;1;0;0;0
"02/05/2015";"07:30:00";"91";"com vítima";"22";"BR-392/RS";"Sul";"Tombamento";0;0;1;0;0;0;0;0;0;0;0;1;0;0;0
"03/05/2015";"11:12:00";"54";"com vítima";"52.5";"BR-392/RS";"Norte";"Colisão Traseira";0;0;0;1;0;0;0;0;0;0;0;1;0;0;0
"05/05/2015";"07:19:00";"20";"com vítima";"521";"BR-116/RS";"Norte";"Abalr. Transversal";0;0;2;0;0;0;0;0;0;0;0;2;0;0;0
"05/05/2015";"08:38:00";"27";"sem vítima";"77.4";"BR-392/RS";"Sul";"Abalr. Sentido Oposto";1;0;1;0;0;0;0;0;0;0;3;0;0;0;0
"07/05/2015";"09:09:00";"38";"com vítima";"140.4";"BR-392/RS";"Norte";"Abalr. Transversal";1;0;0;0;0;0;0;0;0;0;1;1;0;0;1
"07/05/2015";"06:55:00";"85";"com vítima";"131.5";"BR-392/RS";"Sul";"Colisão Frontal";0;0;0;1;0;0;0;0;0;0;0;1;0;0;0
"08/05/2015";"08:21:00";"26";"com vítima";"27.5";"BR-392/RS";"Norte";"Atropelamento";1;0;0;0;0;0;0;0;0;0;1;1;0;0;0
"09/05/2015";"09:57:00";"45";"com vítima";"464.8";"BR-116/RS";"Sul";"Abalr. Transversal";1;0;0;0;0;0;0;0;0;0;0;0;2;0;0
"09/05/2015";"11:05:00";"99";"com vítima";"51.8";"BR-392/RS";"Norte";"Saída de Pista";0;0;1;0;1;0;0;0;0;0;7;2;0;0;0
"10/05/2015";"01:53:00";"13";"com vítima";"8.9";"BR-392/RS";"Norte";"Capotamento";0;0;0;1;0;0;0;0;0;0;0;1;0;0;0
"10/05/2015";"10:07:00";"53";"com vítima";"448.6";"BR-116/RS";"Norte";"Saída de Pista";1;0;0;0;0;0;0;0;0;0;0;0;1;0;0
"10/05/2015";"12:10:00";"62";"com vítima";"26.6";"BR-392/RS";"Norte";"Atropelamento";0;0;1;0;0;0;1;0;0;0;1;1;1;0;0
"10/05/2015";"05:03:00";"74";"com vítima";"7.8";"BR-392/RS";"Norte";"Colisão com Objeto Fixo";0;0;0;2;0;0;0;0;0;0;0;0;2;1;0
"10/05/2015";"06:32:00";"82";"com vítima";"523.5";"BR-116/RS";"Norte";"Abalr. Transversal";1;0;0;0;0;0;0;0;0;0;0;0;3;0;0
"10/05/2015";"10:47:00";"107";"com vítima";"526";"BR-116/RS";"Sul";"Abalr. Mesmo Sentido";1;0;0;1;0;0;0;0;0;0;1;0;0;1;1
"11/05/2015";"08:15:00";"32";"sem vítima";"521.9";"BR-116/RS";"Sul";"Tombamento";1;0;0;0;0;0;0;0;0;0;1;0;0;0;0
"11/05/2015";"08:18:00";"33";"com vítima";"521.9";"BR-116/RS";"Sul";"Colisão com Objeto Fixo";1;0;0;0;0;0;0;0;0;0;0;1;0;0;0
"11/05/2015";"08:26:00";"35";"com vítima";"511.8";"BR-116/RS";"Sul";"Saída de Pista";1;0;0;1;0;0;0;0;0;0;1;0;1;0;0
"11/05/2015";"07:07:00";"102";"sem vítima";"479.7";"BR-116/RS";"Norte";"Saída de Pista";1;0;0;0;0;0;0;0;0;0;2;0;0;0;0
"11/05/2015";"10:11:00";"120";"com vítima";"64";"BR-392/RS";"Norte";"Abalr. Sentido Oposto";0;0;0;1;0;0;0;0;0;0;0;0;1;0;0
"12/05/2015";"04:54:00";"58";"com vítima";"50.7";"BR-392/RS";"Sul";"Saída de Pista";0;0;0;1;0;0;0;0;0;0;0;1;0;0;0
"13/05/2015";"06:51:00";"13";"com vítima";"426.9";"BR-116/RS";"Sul";"Colisão Traseira";1;0;1;0;0;0;0;0;0;0;3;1;1;0;0
"13/05/2015";"07:32:00";"14";"com vítima";"418.9";"BR-116/RS";"Sul";"Saída de Pista";2;0;0;1;0;0;0;0;0;0;2;0;0;0;1
"13/05/2015";"09:43:00";"27";"sem vítima";"526.5";"BR-116/RS";"Sul";"Abalr. Transversal";0;0;2;0;0;0;0;0;0;0;2;0;0;0;0
"13/05/2015";"06:47:00";"68";"com vítima";"190.7";"BR-392/RS";"Norte";"Saída de Pista";1;0;1;0;0;0;0;0;0;0;1;2;0;0;0
"14/05/2015";"07:56:00";"25";"com vítima";"11.5";"BR-392/RS";"Sul";"Atropelamento de Animal";1;0;0;0;0;0;0;0;0;0;0;0;1;0;0
"14/05/2015";"11:01:00";"55";"com vítima";"20.3";"BR-392/RS";"Sul";"Colisão Traseira";1;0;0;1;0;0;0;0;0;0;3;1;0;0;0
"14/05/2015";"12:31:00";"65";"com vítima";"24.3";"BR-392/RS";"Norte";"Atropelamento";1;0;1;0;0;0;0;0;0;0;1;0;2;0;0
"14/05/2015";"01:18:00";"70";"com vítima";"66.9";"BR-392/RS";"Sul";"Abalr. Transversal";1;0;0;0;0;0;0;0;0;0;0;2;0;0;0
"14/05/2015";"05:45:00";"90";"com vítima";"67";"BR-392/RS";"Norte";"Tombamento";1;0;0;0;0;0;0;0;0;0;0;1;0;0;0
"14/05/2015";"06:44:00";"99";"com vítima";"96";"BR-392/RS";"Sul";"Atropelamento de Animal";0;0;3;0;0;0;0;0;0;0;3;0;2;0;0
"14/05/2015";"06:53:00";"100";"com vítima";"612";"BR-116/RS";"Norte";"Abalr. Transversal";0;0;1;0;0;1;0;0;0;0;0;2;0;0;0
"14/05/2015";"07:31:00";"108";"sem vítima";"8.7";"BR-392/RS";"Sul";"Colisão Frontal";2;0;0;0;0;0;0;0;0;0;5;0;0;0;0
"15/05/2015";"11:49:00";"57";"sem vítima";"22.9";"BR-392/RS";"Norte";"Tombamento";0;0;0;0;0;1;0;0;0;0;3;0;0;0;0
"15/05/2015";"03:16:00";"73";"sem vítima";"1.4";"BR-392/RS";"Norte";"Abalr. Transversal";2;0;0;0;0;0;0;0;0;0;3;0;0;0;0
"15/05/2015";"05:41:00";"91";"com vítima";"160.4";"BR-392/RS";"Norte";"Colisão com Objeto Fixo";0;0;1;0;0;0;0;0;0;0;0;4;1;0;0
"15/05/2015";"06:01:00";"97";"sem vítima";"517";"BR-116/RS";"Norte";"Colisão Traseira";1;0;0;0;0;0;0;0;0;0;3;0;0;0;0
"15/05/2015";"09:09:00";"114";"sem vítima";"94.2";"BR-392/RS";"Norte";"Tombamento";1;0;0;0;0;0;0;0;0;0;1;0;0;0;0
"16/05/2015";"01:08:00";"7";"sem vítima";"423.6";"BR-116/RS";"Norte";"Abalr. Sentido Oposto";1;0;0;0;0;0;0;0;0;0;1;0;0;0;0
"16/05/2015";"09:55:00";"46";"com vítima";"193.3";"BR-392/RS";"Sul";"Saída de Pista";1;0;0;0;0;0;0;0;0;0;0;0;2;0;0
"16/05/2015";"01:18:00";"61";"sem vítima";"112.9";"BR-392/RS";"Norte";"Abalr. Transversal";0;0;2;0;0;0;0;0;0;0;2;0;0;0;0
"17/05/2015";"07:21:00";"83";"sem vítima";"400.6";"BR-116/RS";"Norte";"Capotamento";1;0;1;0;0;0;0;0;0;0;4;0;0;0;0
"18/05/2015";"11:34:00";"54";"sem vítima";"29";"BR-392/RS";"Norte";"Abalr. Transversal";1;0;0;0;0;0;0;0;0;0;3;0;0;0;0
"18/05/2015";"12:39:00";"59";"sem vítima";"529.2";"BR-116/RS";"Sul";"Tombamento";0;0;1;0;0;0;0;0;0;0;1;0;0;0;0
"18/05/2015";"08:38:00";"88";"com vítima";"522";"BR-116/RS";"Norte";"Tombamento";1;0;0;0;0;0;0;0;0;0;0;1;0;0;0
"19/05/2015";"10:52:00";"47";"com vítima";"525.5";"BR-116/RS";"Sul";"Colisão Traseira";0;0;0;1;0;0;0;0;0;0;0;0;0;0;1
"19/05/2015";"12:02:00";"53";"com vítima";"42.8";"BR-392/RS";"Sul";"Abalr. Transversal";1;0;0;1;0;0;0;0;0;0;1;1;0;0;0
"20/05/2015";"08:47:00";"22";"sem vítima";"4.8";"BR-392/RS";"Sul";"Abalr. Transversal";1;0;1;0;0;0;0;0;0;0;2;0;0;0;0
"21/05/2015";"07:45:00";"27";"sem vítima";"525.5";"BR-116/RS";"Sul";"Colisão Traseira";1;0;0;0;0;0;0;0;0;0;2;0;0;0;0
"21/05/2015";"09:59:00";"38";"com vítima";"524";"BR-116/RS";"Sul";"Abalr. Mesmo Sentido";0;0;0;1;1;0;0;0;0;0;1;0;1;0;0
"22/05/2015";"06:30:00";"100";"sem vítima";"93.3";"BR-392/RS";"Sul";"Atropelamento";1;0;0;0;0;0;0;0;0;0;1;0;0;0;0
"23/05/2015";"12:10:00";"1";"com vítima";"1.7";"BR-392/RS";"Sul";"Abalr. Transversal";1;0;0;1;0;0;0;0;0;0;2;1;0;0;0
"23/05/2015";"07:22:00";"15";"sem vítima";"1.6";"BR-392/RS";"Sul";"Colisão Frontal";1;0;0;0;0;0;0;0;0;0;3;0;0;0;0
"23/05/2015";"08:21:00";"19";"sem vítima";"8.9";"BR-392/RS";"Norte";"Colisão Traseira";3;0;0;0;0;0;0;0;0;0;3;0;0;0;0
"23/05/2015";"12:03:00";"50";"com vítima";"526.4";"BR-116/RS";"Norte";"Colisão Traseira";1;0;0;0;0;0;0;0;0;0;0;1;0;0;0
"23/05/2015";"01:06:00";"54";"com vítima";"523.3";"BR-116/RS";"Sul";"Colisão Traseira";0;0;1;0;0;0;0;0;0;0;0;1;0;0;0
"23/05/2015";"04:07:00";"70";"sem vítima";"198.5";"BR-392/RS";"Sul";"Saída de Pista";1;0;0;0;0;0;0;0;0;0;5;0;0;0;0
"24/05/2015";"08:26:00";"69";"com vítima";"49";"BR-392/RS";"Sul";"Colisão Traseira";1;0;0;0;0;0;0;0;0;0;0;1;0;0;0
"25/05/2015";"12:03:00";"44";"com vítima";"58.1";"BR-392/RS";"Sul";"Colisão Traseira";0;0;1;0;0;0;0;0;0;0;0;2;0;0;0
"26/05/2015";"07:22:00";"95";"sem vítima";"118.2";"BR-392/RS";"Sul";"Abalr. Transversal";2;0;0;0;0;0;0;0;0;0;2;0;0;0;0
"27/05/2015";"08:30:00";"33";"sem vítima";"461.1";"BR-116/RS";"Norte";"Colisão Frontal";1;0;1;0;0;0;0;0;0;0;3;0;0;0;0
"27/05/2015";"02:41:00";"60";"com vítima";"427.3";"BR-116/RS";"Norte";"Abalr. Transversal";2;0;0;0;0;0;0;0;0;0;1;1;0;0;0
"27/05/2015";"02:59:00";"61";"sem vítima";"9.8";"BR-392/RS";"Sul";"Colisão Traseira";1;0;1;0;0;0;0;0;0;0;3;0;0;0;0
"27/05/2015";"06:57:00";"79";"com vítima";"123";"BR-392/RS";"Norte";"Abalr. Mesmo Sentido";2;0;0;0;0;0;0;0;0;0;4;0;0;1;0
"28/05/2015";"05:12:00";"12";"com vítima";"525.4";"BR-116/RS";"Norte";"Saída de Pista";1;0;1;0;0;0;0;0;0;0;1;0;1;1;0
"30/05/2015";"02:13:00";"67";"sem vítima";"539.6";"BR-116/RS";"Sul";"Abalr. Transversal";2;0;0;0;0;0;0;0;0;0;5;0;0;0;0
"31/05/2015";"02:36:00";"60";"com vítima";"91.1";"BR-392/RS";"Sul";"Abalr. Mesmo Sentido";2;0;0;0;0;0;0;0;0;0;3;1;2;0;0
"31/05/2015";"07:41:00";"87";"com vítima";"401.2";"BR-116/RS";"Sul";"Abalr. Transversal";0;0;0;1;0;0;0;0;0;0;0;0;2;0;0
"01/06/2015";"06:53:00";"90";"com vítima";"560";"BR-116/RS";"Norte";"Atropelamento de Animal";0;0;0;1;0;0;0;0;0;0;0;0;1;0;0
"02/06/2015";"03:03:00";"82";"sem vítima";"99.5";"BR-392/RS";"Sul";"Tombamento";2;0;0;0;0;0;0;0;0;0;6;0;0;0;0
"03/06/2015";"12:13:00";"2";"com vítima";"530.7";"BR-116/RS";"Norte";"Atropelamento de Animal";1;0;0;1;0;0;0;0;0;0;2;1;0;0;0
"03/06/2015";"08:37:00";"34";"com vítima";"10.5";"BR-392/RS";"Sul";"Colisão Traseira";0;0;0;1;0;0;0;0;0;0;0;0;1;0;0
"04/06/2015";"03:49:00";"14";"sem vítima";"5.5";"BR-392/RS";"Sul";"Saída de Pista";2;0;0;0;0;0;0;0;0;0;2;0;0;0;0
"04/06/2015";"08:52:00";"49";"sem vítima";"529.2";"BR-116/RS";"Norte";"Abalr. Transversal";2;0;0;0;0;0;0;0;0;0;5;0;0;0;0
"04/06/2015";"10:27:00";"60";"sem vítima";"417.1";"BR-116/RS";"Sul";"Colisão Traseira";2;0;0;0;0;0;0;0;0;0;7;0;0;0;0
"04/06/2015";"10:47:00";"62";"sem vítima";"417";"BR-116/RS";"Sul";"Colisão Traseira";0;0;2;0;0;0;0;0;0;0;2;0;0;0;0
"04/06/2015";"10:48:00";"63";"com vítima";"416";"BR-116/RS";"Sul";"Colisão Traseira";1;0;0;0;0;0;0;0;0;0;1;1;0;0;0
"04/06/2015";"11:32:00";"71";"com vítima";"522.8";"BR-116/RS";"Norte";"Abalr. Transversal";1;0;0;0;0;0;0;0;0;0;1;0;0;1;0
"04/06/2015";"06:36:00";"96";"sem vítima";"99.5";"BR-392/RS";"Sul";"Tombamento";1;0;0;0;0;0;0;0;0;0;1;0;0;0;0
"04/06/2015";"06:56:00";"100";"sem vítima";"118";"BR-392/RS";"Norte";"Abalr. Transversal";1;0;0;0;0;0;0;0;0;0;1;0;0;0;0
"04/06/2015";"08:12:00";"104";"com vítima";"4.2";"BR-392/RS";"Norte";"Atropelamento de Animal";1;0;0;0;0;0;0;0;0;0;2;2;0;0;0
"05/06/2015";"06:20:00";"10";"com vítima";"32.2";"BR-392/RS";"Sul";"Saída de Pista";0;0;1;0;0;0;0;0;0;0;0;1;0;0;0
"05/06/2015";"11:04:00";"36";"sem vítima";"576.9";"BR-116/RS";"Norte";"Saída de Pista";1;0;2;0;0;0;0;0;0;0;3;0;0;0;0
"05/06/2015";"04:10:00";"58";"sem vítima";"406.1";"BR-116/RS";"Sul";"Colisão Traseira";0;0;2;0;0;0;0;0;0;0;2;0;0;0;0
"05/06/2015";"06:33:00";"74";"sem vítima";"91.1";"BR-392/RS";"Sul";"Colisão Frontal";1;0;0;0;0;0;0;0;0;0;1;0;0;0;0
"05/06/2015";"09:21:00";"83";"sem vítima";"22.3";"BR-392/RS";"Sul";"Abalr. Mesmo Sentido";0;0;2;0;0;0;0;0;0;0;4;0;0;0;0
"05/06/2015";"10:10:00";"88";"sem vítima";"418.4";"BR-116/RS";"Sul";"Colisão Frontal";0;0;2;0;0;0;0;0;0;0;2;0;0;0;0
"06/06/2015";"10:11:00";"49";"sem vítima";"516.8";"BR-116/RS";"Sul";"Colisão Frontal";1;0;1;0;0;0;0;0;0;0;2;0;0;0;0