data;horario;n_da_ocorrencia;tipo_de_ocorrencia;km;trecho;sentido;tipo_de_acidente;automovel;bicicleta;caminhao;moto;onibus;outros;tracao_animal;transporte_de_cargas_especiais;trator_maquinas;utilitarios;ilesos;levemente_feridos;moderadamente_feridos;gravemente_feridos;mortos
"05/01/2016";"03:03:00";"99";"sem vítima";"619.3";"BR-116/RS";"Norte";"Saída de Pista";1;0;0;0;0;0;0;0;0;0;1;0;0;0;0
"05/01/2016";"08:07:00";"129";"com vítima";"26.4";"BR-392/RS";"Norte";"Atropelamento";0;0;0;2;0;0;0;0;0;0;0;0;2;0;0
"08/01/2016";"03:01:00";"88";"com vítima";"39.8";"BR-392/RS";"Norte";"Saída de Pista";2;0;0;0;0;0;0;0;0;0;9;0;0;1;0
"09/01/2016";"01:52:00";"92";"com vítima";"1.2";"BR-392/RS";"Norte";"Abalroamento - Transversal";0;0;1;0;0;0;0;0;0;0;0;1;0;0;0
"10/01/2016";"09:37:00";"73";"sem vítima";"541";"BR-116/RS";"Norte";"Colisão com Objeto Fixo";0;0;1;0;0;0;0;0;0;0;1;0;0;0;0
"10/01/2016";"08:47:00";"131";"com vítima";"514.3";"BR-116/RS";"Norte";"Colisão Traseira";0;0;1;0;0;0;0;0;0;0;0;0;1;0;0
"11/01/2016";"11:10:00";"90";"sem vítima";"529.3";"BR-116/RS";"Norte";"Abalroamento - Transversal";1;0;0;0;0;0;0;0;0;0;2;0;0;0;0
"11/01/2016";"11:43:00";"96";"com vítima";"582.8";"BR-116/RS";"Norte";"Saída de Pista";2;0;0;0;0;0;0;0;0;0;3;0;3;1;0
"11/01/2016";"06:04:00";"140";"com vítima";"66.9";"BR-392/RS";"Norte";"Abalroamento - Transversal";2;0;0;0;0;0;0;0;0;0;1;1;0;0;0
"12/01/2016";"04:18:00";"12";"sem vítima";"566.4";"BR-116/RS";"Norte";"Atropelamento - Animal";2;0;1;0;0;0;0;0;0;0;3;0;0;0;0
"12/01/2016";"11:14:00";"66";"com vítima";"512.9";"BR-116/RS";"Norte";"Colisão Traseira";0;0;1;0;0;0;0;0;0;0;0;0;1;0;0
"14/01/2016";"07:16:00";"23";"sem vítima";"470.8";"BR-116/RS";"Norte";"Saída de Pista";1;0;1;0;0;0;0;0;0;0;3;0;0;0;0
"14/01/2016";"12:24:00";"76";"com vítima";"19.9";"BR-392/RS";"Sul";"Colisão Traseira";1;0;0;1;0;0;0;0;0;0;0;1;1;0;0
"14/01/2016";"07:32:00";"122";"sem vítima";"552.1";"BR-116/RS";"Sul";"Saída de Pista";1;0;0;0;0;0;0;0;0;0;1;0;0;0;0
"15/01/2016";"05:01:00";"13";"sem vítima";"611.2";"BR-116/RS";"Norte";"Atropelamento - Animal";2;0;0;0;0;0;0;0;0;0;7;0;0;0;0
"15/01/2016";"08:25:00";"46";"com vítima";"193.7";"BR-392/RS";"Norte";"Tombamento";1;0;1;0;0;0;0;0;0;0;1;0;0;1;0
"16/01/2016";"12:42:00";"75";"sem vítima";"530.2";"BR-116/RS";"Sul";"Abalroamento - Transversal";0;0;2;0;0;0;0;0;0;0;2;0;0;0;0
"16/01/2016";"10:53:00";"154";"com vítima";"565.2";"BR-116/RS";"Sul";"Colisão Frontal";1;0;0;1;0;0;0;0;0;0;1;0;1;0;0
"17/01/2016";"06:28:00";"132";"com vítima";"625.2";"BR-116/RS";"Norte";"Saída de Pista";1;0;0;0;0;0;0;0;0;0;0;0;0;0;1
"17/01/2016";"06:51:00";"134";"sem vítima";"540.9";"BR-116/RS";"Norte";"Colisão Traseira";1;0;1;0;0;0;0;0;0;0;6;0;0;0;0
"18/01/2016";"07:24:00";"31";"com vítima";"1.2";"BR-392/RS";"Norte";"Abalroamento - Transversal";1;1;0;0;0;0;0;0;0;0;1;0;1;0;0
"18/01/2016";"02:08:00";"95";"com vítima";"439.7";"BR-116/RS";"Norte";"Outros tipos de acidente";1;0;0;1;0;0;0;0;0;0;1;0;2;0;0
"18/01/2016";"10:41:00";"161";"com vítima";"612.5";"BR-116/RS";"Sul";"Colisão Traseira";2;0;0;0;0;0;0;0;0;0;2;1;0;0;0
"20/01/2016";"09:36:00";"50";"com vítima";"460.2";"BR-116/RS";"Norte";"Saída de Pista";1;0;1;0;0;0;0;0;0;0;2;1;3;0;0
"21/01/2016";"06:47:00";"137";"com vítima";"524.3";"BR-116/RS";"Sul";"Abalroamento - Transversal";1;0;0;1;0;0;0;0;0;0;2;0;1;0;0
"22/01/2016";"10:06:00";"152";"sem vítima";"518.1";"BR-116/RS";"Norte";"Colisão com Objeto Fixo";3;0;0;0;0;0;0;0;0;0;6;0;0;0;0
"23/01/2016";"04:01:00";"112";"sem vítima";"481.7";"BR-116/RS";"Sul";"Abalroamento - Transversal";1;0;0;0;0;0;0;0;0;0;4;0;0;0;0
"23/01/2016";"05:52:00";"136";"sem vítima";"107.2";"BR-392/RS";"Norte";"Saída de Pista";0;0;0;1;0;0;0;0;0;0;2;0;0;0;0
"23/01/2016";"09:43:00";"169";"com vítima";"132.5";"BR-392/RS";"Norte";"Abalroamento - Sentido Oposto";1;0;2;0;0;0;0;0;0;0;2;1;0;0;0
"24/01/2016";"01:44:00";"17";"sem vítima";"42.2";"BR-392/RS";"Sul";"Tombamento";1;0;0;0;0;1;0;0;0;0;2;0;0;0;0
"25/01/2016";"04:12:00";"24";"sem vítima";"452.3";"BR-116/RS";"Sul";"Saída de Pista";1;0;0;0;0;0;0;0;0;0;1;0;0;0;0
"25/01/2016";"07:00:00";"46";"sem vítima";"476.5";"BR-116/RS";"Norte";"Colisão Frontal";1;0;1;0;0;0;0;0;0;0;5;0;0;0;0
"25/01/2016";"06:21:00";"139";"com vítima";"525";"BR-116/RS";"Norte";"Colisão Traseira";1;0;0;0;0;0;0;0;0;0;0;1;0;0;0
"27/01/2016";"10:37:00";"66";"com vítima";"41.2";"BR-392/RS";"Norte";"Saída de Pista";1;0;0;1;0;0;0;0;0;0;0;1;2;0;0
"28/01/2016";"06:10:00";"119";"com vítima";"516.8";"BR-116/RS";"Sul";"Abalroamento - Transversal";0;0;3;0;0;0;0;0;0;0;2;0;1;0;0
"29/01/2016";"08:16:00";"37";"sem vítima";"483.5";"BR-116/RS";"Norte";"Saída de Pista";2;0;0;0;0;0;0;0;0;0;4;0;0;0;0
"29/01/2016";"03:03:00";"93";"sem vítima";"529.3";"BR-116/RS";"Norte";"Colisão Traseira";2;0;0;0;0;0;0;0;0;0;3;0;0;0;0
"29/01/2016";"05:38:00";"114";"sem vítima";"96.4";"BR-392/RS";"Sul";"Saída de Pista";0;0;1;0;0;0;0;0;0;0;1;0;0;0;0
"29/01/2016";"07:32:00";"127";"com vítima";"48.9";"BR-392/RS";"Norte";"Saída de Pista";2;0;0;0;0;0;0;0;0;0;2;0;2;0;0
"30/01/2016";"02:32:00";"15";"sem vítima";"482.2";"BR-116/RS";"Sul";"Tombamento";2;0;0;0;0;0;0;0;0;0;6;0;0;0;0
"30/01/2016";"04:59:00";"23";"com vítima";"54.6";"BR-392/RS";"Norte";"Colisão Traseira";1;0;1;1;0;0;0;0;0;0;2;1;0;0;0
"31/01/2016";"08:05:00";"115";"com vítima";"40.8";"BR-392/RS";"Norte";"Atropelamento - Animal";2;0;0;0;0;0;0;0;0;0;0;2;0;0;0
"01/02/2016";"02:02:00";"15";"com vítima";"482.2";"BR-116/RS";"Sul";"Outros tipos de acidente";1;0;0;0;0;0;0;0;0;0;1;2;1;0;0
"01/02/2016";"05:48:00";"116";"sem vítima";"67";"BR-392/RS";"Sul";"Tombamento";1;0;0;0;0;0;0;0;0;0;3;0;0;0;0
"01/02/2016";"07:07:00";"122";"sem vítima";"611.8";"BR-116/RS";"Sul";"Abalroamento - Transversal";1;0;0;0;0;0;0;0;0;0;2;0;0;0;0
"02/02/2016";"04:18:00";"100";"sem vítima";"536.1";"BR-116/RS";"Sul";"Tombamento";1;0;0;0;0;0;0;0;0;0;1;0;0;0;0
"03/02/2016";"02:19:00";"108";"sem vítima";"506.9";"BR-116/RS";"Sul";"Tombamento";1;0;0;1;0;0;0;0;0;0;2;0;0;0;0
"04/02/2016";"03:20:00";"112";"sem vítima";"7.8";"BR-392/RS";"Norte";"Abalroamento - Mesmo Sentido";1;0;0;0;0;0;0;0;0;0;1;0;0;0;0
"04/02/2016";"09:59:00";"157";"sem vítima";"2.8";"BR-392/RS";"Sul";"Atropelamento - Animal";1;0;0;0;0;0;0;0;0;0;1;0;0;0;0
"05/02/2016";"01:09:00";"78";"com vítima";"6.3";"BR-392/RS";"Sul";"Abalroamento - Mesmo Sentido";1;0;1;0;0;0;0;0;0;0;4;0;1;0;0
"05/02/2016";"06:43:00";"115";"sem vítima";"414.5";"BR-116/RS";"Sul";"Saída de Pista";0;0;2;0;0;0;0;0;0;0;2;0;0;0;0
"06/02/2016";"01:22:00";"10";"sem vítima";"116";"BR-392/RS";"Norte";"Colisão Frontal";0;0;1;0;0;0;0;0;0;0;1;0;0;0;0
"06/02/2016";"07:08:00";"160";"sem vítima";"558.6";"BR-116/RS";"Sul";"Abalroamento - Mesmo Sentido";1;0;1;0;0;0;0;0;0;0;3;0;0;0;0
"07/02/2016";"02:04:00";"18";"sem vítima";"25";"BR-392/RS";"Norte";"Abalroamento - Transversal";3;0;0;0;0;0;0;0;0;0;3;0;0;0;0
"07/02/2016";"05:58:00";"40";"sem vítima";"112.4";"BR-392/RS";"Norte";"Tombamento";1;0;1;0;0;0;0;0;0;0;2;0;0;0;0
"07/02/2016";"10:11:00";"80";"sem vítima";"448";"BR-116/RS";"Sul";"Saída de Pista";2;0;0;0;0;0;0;0;0;0;5;0;0;0;0
"08/02/2016";"09:54:00";"50";"sem vítima";"77.8";"BR-392/RS";"Sul";"Saída de Pista";1;0;0;0;0;0;0;0;0;0;1;0;0;0;0
"09/02/2016";"08:37:00";"142";"com vítima";"481.8";"BR-116/RS";"Norte";"Abalroamento - Transversal";1;0;1;0;0;0;0;0;0;0;1;1;0;1;0
"10/02/2016";"06:00:00";"43";"sem vítima";"521.7";"BR-116/RS";"Norte";"Colisão Traseira";1;0;0;0;0;1;0;0;0;0;3;0;0;0;0
"10/02/2016";"09:04:00";"83";"com vítima";"615.9";"BR-116/RS";"Norte";"Saída de Pista";1;0;0;0;0;0;0;0;0;0;0;0;1;0;1
"11/02/2016";"07:32:00";"26";"sem vítima";"2.8";"BR-392/RS";"Norte";"Abalroamento - Mesmo Sentido";0;0;2;0;0;0;0;0;0;0;5;0;0;0;0
"11/02/2016";"02:59:00";"99";"sem vítima";"483";"BR-116/RS";"Sul";"Abalroamento - Transversal";1;0;0;0;0;1;0;0;0;0;5;0;0;0;0
"12/02/2016";"12:40:00";"6";"com vítima";"71";"BR-392/RS";"Sul";"Tombamento";1;1;0;0;0;0;0;0;0;0;1;0;0;0;1
"13/02/2016";"06:48:00";"23";"sem vítima";"68.2";"BR-392/RS";"Sul";"Outros tipos de acidente";0;0;3;0;0;0;0;0;0;0;3;0;0;0;0
"13/02/2016";"02:43:00";"92";"com vítima";"2";"BR-392/RS";"Norte";"Colisão Frontal";1;0;0;1;0;0;0;0;0;0;1;1;0;0;0
"14/02/2016";"10:44:00";"138";"sem vítima";"533.7";"BR-116/RS";"Sul";"Tombamento";1;0;1;0;0;0;0;0;0;0;4;0;0;0;0
"15/02/2016";"03:53:00";"18";"sem vítima";"41.8";"BR-392/RS";"Sul";"Tombamento";1;0;1;0;0;0;0;0;0;0;2;0;0;0;0
"15/02/2016";"06:47:00";"27";"sem vítima";"478.1";"BR-116/RS";"Sul";"Colisão Frontal";2;0;0;0;0;0;0;0;0;0;6;0;0;0;0
"17/02/2016";"08:49:00";"39";"com vítima";"116.7";"BR-392/RS";"Sul";"Colisão Traseira";0;0;1;1;0;0;0;0;0;0;1;1;0;0;0
"17/02/2016";"02:06:00";"84";"sem vítima";"606.4";"BR-116/RS";"Norte";"Saída de Pista";1;0;0;0;0;0;0;0;0;0;4;0;0;0;0
"17/02/2016";"02:11:00";"86";"sem vítima";"39.5";"BR-392/RS";"Norte";"Saída de Pista";0;0;1;0;0;0;0;0;0;0;1;0;0;0;0
"17/02/2016";"03:29:00";"94";"sem vítima";"16.4";"BR-392/RS";"Norte";"Colisão Traseira";3;0;0;0;0;1;0;0;0;0;6;0;0;0;0
"17/02/2016";"05:30:00";"105";"com vítima";"455.2";"BR-116/RS";"Norte";"Abalroamento - Transversal";0;0;0;1;0;0;0;0;0;0;0;0;1;0;0
"18/02/2016";"07:06:00";"34";"com vítima";"530.1";"BR-116/RS";"Norte";"Abalroamento - Transversal";0;0;0;1;0;0;0;0;0;0;0;1;0;0;0
"19/02/2016";"09:34:00";"65";"com vítima";"520.9";"BR-116/RS";"Sul";"Abalroamento - Transversal";0;0;0;1;0;0;0;0;0;0;0;1;1;0;0
"19/02/2016";"08:46:00";"157";"sem vítima";"26.5";"BR-392/RS";"Norte";"Atropelamento";0;0;1;2;0;0;0;0;0;0;4;0;0;0;0
"20/02/2016";"10:55:00";"129";"sem vítima";"31.8";"BR-392/RS";"Sul";"Colisão com Objeto Fixo";1;0;1;0;0;0;0;0;0;0;2;0;0;0;0
"21/02/2016";"06:22:00";"15";"sem vítima";"57.7";"BR-392/RS";"Sul";"Saída de Pista";0;0;2;0;0;0;0;0;0;0;2;0;0;0;0
"21/02/2016";"07:16:00";"18";"com vítima";"33.7";"BR-392/RS";"Sul";"Colisão com Objeto Fixo";1;0;0;0;0;0;0;0;0;0;1;0;1;1;0
"21/02/2016";"03:28:00";"62";"sem vítima";"511.9";"BR-116/RS";"Sul";"Tombamento";2;0;0;0;0;1;0;0;0;0;3;0;0;0;0
"22/02/2016";"02:11:00";"13";"com vítima";"73.9";"BR-392/RS";"Sul";"Atropelamento - Animal";1;1;0;0;0;0;0;0;0;0;1;1;0;0;0
"22/02/2016";"01:44:00";"94";"sem vítima";"491.7";"BR-116/RS";"Sul";"Colisão Frontal";1;0;0;1;0;0;0;0;0;0;2;0;0;0;0
"22/02/2016";"07:36:00";"135";"sem vítima";"28.5";"BR-392/RS";"Sul";"Atropelamento";1;0;0;0;0;0;0;0;0;0;1;0;0;0;0
"23/02/2016";"08:21:00";"134";"com vítima";"24.6";"BR-392/RS";"Norte";"Atropelamento - Animal";1;0;0;0;0;0;0;0;0;0;0;1;1;0;0
"24/02/2016";"05:39:00";"14";"com vítima";"599.3";"BR-116/RS";"Norte";"Saída de Pista";2;0;0;0;0;0;0;0;0;0;2;2;1;0;0
"24/02/2016";"09:47:00";"45";"com vítima";"530.1";"BR-116/RS";"Norte";"Abalroamento - Transversal";1;0;0;0;0;0;0;0;0;0;0;1;0;0;0
"25/02/2016";"12:06:00";"1";"com vítima";"117";"BR-392/RS";"Sul";"Tombamento";1;0;0;0;0;0;0;0;0;0;0;3;0;0;0
"28/02/2016";"09:01:00";"106";"sem vítima";"2.7";"BR-392/RS";"Norte";"Colisão Traseira";1;0;0;0;1;0;0;0;0;0;4;0;0;0;0
"29/02/2016";"05:53:00";"13";"sem vítima";"3.5";"BR-392/RS";"Sul";"Atropelamento - Animal";0;0;1;0;0;0;0;0;0;0;1;0;0;0;0
"02/03/2016";"05:19:00";"19";"com vítima";"23.1";"BR-392/RS";"Sul";"Atropelamento - Animal";1;0;0;0;0;0;0;0;0;0;2;0;1;0;0
"02/03/2016";"07:35:00";"115";"sem vítima";"555.7";"BR-116/RS";"Norte";"Saída de Pista";0;0;1;0;0;0;0;0;0;0;1;0;0;0;0
"02/03/2016";"08:11:00";"120";"sem vítima";"525.9";"BR-116/RS";"Norte";"Saída de Pista";2;0;0;0;0;0;0;0;0;0;4;0;0;0;0
"03/03/2016";"02:36:00";"11";"com vítima";"611.7";"BR-116/RS";"Norte";"Saída de Pista";1;0;0;1;0;0;0;0;0;0;1;1;0;0;0
"03/03/2016";"04:57:00";"15";"sem vítima";"37.8";"BR-392/RS";"Sul";"Saída de Pista";0;0;1;0;0;0;0;0;0;0;2;0;0;0;0
"03/03/2016";"11:11:00";"67";"sem vítima";"530.8";"BR-116/RS";"Sul";"Abalroamento - Transversal";2;0;0;0;0;0;0;0;0;0;3;0;0;0;0
"03/03/2016";"11:29:00";"70";"com vítima";"450.4";"BR-116/RS";"Norte";"Colisão Frontal";1;0;0;0;0;0;0;0;0;0;0;1;1;0;0
"06/03/2016";"05:53:00";"19";"sem vítima";"20.1";"BR-392/RS";"Sul";"Saída de Pista";2;0;0;0;0;0;0;0;0;0;5;0;0;0;0
"06/03/2016";"07:53:00";"118";"com vítima";"525.9";"BR-116/RS";"Sul";"Abalroamento - Transversal";1;0;1;0;0;0;0;0;0;0;1;0;1;0;0
"07/03/2016";"03:48:00";"16";"sem vítima";"59.8";"BR-392/RS";"Sul";"Colisão com Objeto Fixo";1;0;1;0;0;0;0;0;0;0;2;0;0;0;0
"08/03/2016";"06:06:00";"114";"sem vítima";"198.4";"BR-392/RS";"Sul";"Tombamento";1;0;1;0;0;0;0;0;0;0;4;0;0;0;0
"09/03/2016";"07:38:00";"131";"com vítima";"530.3";"BR-116/RS";"Norte";"Atropelamento - Animal";1;0;1;0;0;0;0;0;0;0;0;1;0;1;0
"09/03/2016";"11:15:00";"151";"sem vítima";"40";"BR-392/RS";"Sul";"Saída de Pista";0;0;1;0;0;0;0;0;0;0;1;0;0;0;0
"10/03/2016";"06:11:00";"26";"com vítima";"39.1";"BR-392/RS";"Sul";"Saída de Pista";0;0;1;0;0;0;0;0;0;0;0;1;0;0;0
"10/03/2016";"02:31:00";"113";"sem vítima";"99.5";"BR-392/RS";"Sul";"Tombamento";1;0;0;0;0;0;0;0;0;0;2;0;0;0;0
"11/03/2016";"09:34:00";"55";"com vítima";"100.8";"BR-392/RS";"Sul";"Saída de Pista";1;0;0;1;0;0;0;0;0;0;1;0;1;0;0
"11/03/2016";"10:48:00";"65";"sem vítima";"90.2";"BR-392/RS";"Sul";"Abalroamento - Sentido Oposto";2;0;0;0;0;0;0;0;0;0;2;0;0;0;0
"11/03/2016";"06:45:00";"123";"sem vítima";"49.8";"BR-392/RS";"Norte";"Tombamento";0;0;2;1;0;0;0;0;0;0;3;0;0;0;0
"12/03/2016";"04:12:00";"93";"com vítima";"110.3";"BR-392/RS";"Norte";"Saída de Pista";0;0;1;1;0;0;0;0;0;0;1;1;0;1;0
"13/03/2016";"05:47:00";"20";"com vítima";"488.6";"BR-116/RS";"Norte";"Colisão Frontal";0;0;0;1;0;0;0;0;0;0;0;0;1;0;0
"13/03/2016";"06:30:00";"22";"sem vítima";"411.1";"BR-116/RS";"Sul";"Saída de Pista";0;0;1;0;0;0;0;0;0;0;1;0;0;0;0
"13/03/2016";"07:12:00";"102";"com vítima";"19.2";"BR-392/RS";"Sul";"Tombamento";1;0;1;0;0;0;0;0;0;0;1;0;1;0;0
"13/03/2016";"09:34:00";"115";"sem vítima";"90.1";"BR-392/RS";"Sul";"Tombamento";1;0;2;0;0;0;0;0;0;0;3;0;0;0;0
"14/03/2016";"06:17:00";"28";"com vítima";"98.9";"BR-392/RS";"Norte";"Abalroamento - Sentido Oposto";0;0;1;0;0;1;0;0;0;0;1;1;0;0;0
"14/03/2016";"07:44:00";"138";"com vítima";"561.4";"BR-116/RS";"Norte";"Tombamento";0;0;0;1;0;0;0;0;0;0;0;2;0;0;0
"16/03/2016";"07:13:00";"23";"sem vítima";"12.2";"BR-392/RS";"Sul";"Atropelamento - Animal";1;0;1;0;0;0;0;0;0;0;2;0;0;0;0
"16/03/2016";"08:16:00";"29";"sem vítima";"3.3";"BR-392/RS";"Norte";"Atropelamento";1;0;1;0;0;0;0;0;0;0;3;0;0;0;0
"16/03/2016";"09:35:00";"50";"com vítima";"117.6";"BR-392/RS";"Sul";"Colisão Traseira";0;0;0;1;0;0;0;0;0;0;0;0;0;1;0
"17/03/2016";"11:05:00";"137";"sem vítima";"66.5";"BR-392/RS";"Sul";"Outros tipos de acidente";1;0;0;0;0;0;0;0;0;0;2;0;0;0;0
"18/03/2016";"06:57:00";"27";"com vítima";"516.5";"BR-116/RS";"Sul";"Tombamento";1;0;0;0;0;0;0;0;0;0;0;2;0;0;0
"19/03/2016";"04:43:00";"94";"sem vítima";"10";"BR-392/RS";"Sul";"Tombamento";1;0;0;0;0;0;0;0;0;0;1;0;0;0;0
"19/03/2016";"07:20:00";"108";"sem vítima";"516.8";"BR-116/RS";"Norte";"Abalroamento - Transversal";1;0;1;0;0;0;0;0;0;0;4;0;0;0;0
"19/03/2016";"11:02:00";"128";"sem vítima";"44";"BR-392/RS";"Norte";"Tombamento";1;0;1;0;0;0;0;0;0;0;4;0;0;0;0
"20/03/2016";"12:01:00";"1";"sem vítima";"14.6";"BR-392/RS";"Sul";"Colisão com Objeto Fixo";2;0;0;0;0;0;0;0;0;0;3;0;0;0;0
"20/03/2016";"07:20:00";"23";"sem vítima";"612";"BR-116/RS";"Norte";"Saída de Pista";1;0;0;0;0;0;0;0;0;0;3;0;0;0;0
"20/03/2016";"09:03:00";"38";"sem vítima";"530.9";"BR-116/RS";"Norte";"Abalroamento - Transversal";0;0;1;0;0;0;0;0;0;0;1;0;0;0;0
"20/03/2016";"02:19:00";"68";"sem vítima";"450.5";"BR-116/RS";"Norte";"Saída de Pista";2;0;0;0;0;0;0;0;0;0;5;0;0;0;0
"20/03/2016";"04:52:00";"81";"sem vítima";"192.3";"BR-392/RS";"Norte";"Saída de Pista";2;0;0;0;0;0;0;0;0;0;2;0;0;0;0
"21/03/2016";"10:57:00";"62";"com vítima";"25.2";"BR-392/RS";"Sul";"Tombamento";1;0;0;1;0;0;0;0;0;0;1;0;1;0;0
"22/03/2016";"04:42:00";"97";"com vítima";"4";"BR-392/RS";"Norte";"Abalroamento - Transversal";1;0;0;1;0;0;0;0;0;0;1;0;0;1;0
"24/03/2016";"01:41:00";"77";"com vítima";"611.5";"BR-116/RS";"Norte";"Abalroamento - Transversal";2;0;0;0;0;0;0;0;0;0;2;0;1;0;0
"25/03/2016";"12:07:00";"1";"sem vítima";"521.8";"BR-116/RS";"Sul";"Tombamento";2;0;0;0;0;0;0;0;0;0;7;0;0;0;0
"25/03/2016";"04:35:00";"90";"com vítima";"160";"BR-392/RS";"Norte";"Saída de Pista";1;0;0;0;0;0;0;0;0;0;0;0;1;0;0
"26/03/2016";"03:25:00";"15";"com vítima";"50.1";"BR-392/RS";"Sul";"Saída de Pista";1;0;0;1;0;0;0;0;0;0;2;0;0;1;0
"26/03/2016";"09:45:00";"49";"sem vítima";"402.7";"BR-116/RS";"Sul";"Capotamento";1;0;1;0;0;0;0;0;0;0;2;0;0;0;0
"26/03/2016";"12:44:00";"77";"sem vítima";"107.2";"BR-392/RS";"Sul";"Saída de Pista";1;0;0;0;0;0;0;0;0;0;1;0;0;0;0
"26/03/2016";"01:08:00";"81";"com vítima";"454.5";"BR-116/RS";"Sul";"Colisão Traseira";0;0;0;1;0;0;0;0;0;0;0;1;0;0;0
"26/03/2016";"03:55:00";"108";"sem vítima";"444.6";"BR-116/RS";"Sul";"Colisão Traseira";1;0;0;0;0;0;0;0;0;0;2;0;0;0;0
"26/03/2016";"06:24:00";"131";"com vítima";"564.2";"BR-116/RS";"Sul";"Saída de Pista";0;0;1;0;0;0;0;0;0;0;1;0;0;0;1
"27/03/2016";"11:13:00";"59";"sem vítima";"84.4";"BR-392/RS";"Sul";"Abalroamento - Mesmo Sentido";0;0;0;0;1;0;0;0;0;0;29;0;0;0;0
"28/03/2016";"11:39:00";"59";"sem vítima";"526.5";"BR-116/RS";"Sul";"Abalroamento - Transversal";1;0;1;0;0;0;0;0;0;0;3;0;0;0;0
"28/03/2016";"06:03:00";"108";"com vítima";"525.9";"BR-116/RS";"Norte";"Colisão Traseira";1;0;1;0;0;0;0;0;0;0;2;0;1;2;2
"28/03/2016";"07:18:00";"115";"com vítima";"62.1";"BR-392/RS";"Sul";"Abalroamento - Transversal";0;0;1;1;0;0;0;0;0;0;1;0;1;0;0
"29/03/2016";"10:57:00";"76";"sem vítima";"34.6";"BR-392/RS";"Sul";"Saída de Pista";1;0;0;0;0;0;0;0;0;0;2;0;0;0;0
"30/03/2016";"05:34:00";"30";"com vítima";"99.5";"BR-392/RS";"Sul";"Tombamento";0;0;0;1;0;0;0;0;0;0;0;2;0;0;0
"30/03/2016";"06:55:00";"32";"sem vítima";"28.3";"BR-392/RS";"Sul";"Colisão Traseira";1;0;1;0;0;0;0;0;0;0;3;0;0;0;0
"30/03/2016";"03:17:00";"104";"com vítima";"512";"BR-116/RS";"Sul";"Tombamento";2;0;0;0;0;0;0;0;0;0;1;1;0;0;0
"31/03/2016";"06:29:00";"22";"sem vítima";"411.7";"BR-116/RS";"Sul";"Saída de Pista";2;0;0;0;0;0;0;0;0;0;5;0;0;0;0
"31/03/2016";"09:43:00";"50";"com vítima";"72";"BR-392/RS";"Norte";"Abalroamento - Transversal";1;0;1;0;0;0;0;0;0;0;1;0;2;0;2
"31/03/2016";"10:28:00";"53";"sem vítima";"494";"BR-116/RS";"Sul";"Saída de Pista";1;0;0;0;0;0;0;0;0;0;1;0;0;0;0
"31/03/2016";"06:48:00";"110";"sem vítima";"10";"BR-392/RS";"Norte";"Tombamento";2;0;0;0;0;0;0;0;0;0;4;0;0;0;0
"01/04/2016";"01:36:00";"80";"com vítima";"470.4";"BR-116/RS";"Norte";"Colisão Traseira";1;0;0;0;0;0;0;0;0;0;2;0;0;1;0
"01/04/2016";"05:14:00";"96";"com vítima";"439.2";"BR-116/RS";"Norte";"Tombamento";2;0;0;0;0;0;0;0;0;0;0;3;0;0;0
"01/04/2016";"05:36:00";"100";"com vítima";"522.9";"BR-116/RS";"Norte";"Abalroamento - Transversal";0;0;1;1;0;0;0;0;0;0;1;1;0;0;0
"02/04/2016";"02:41:00";"85";"com vítima";"483";"BR-116/RS";"Sul";"Tombamento";0;0;0;1;0;0;0;0;0;0;0;1;1;0;0
"02/04/2016";"05:13:00";"111";"sem vítima";"42";"BR-392/RS";"Norte";"Tombamento";2;0;0;0;0;0;0;0;0;0;4;0;0;0;0
"05/04/2016";"12:05:00";"2";"sem vítima";"419.5";"BR-116/RS";"Norte";"Abalroamento - Sentido Oposto";1;0;2;0;0;0;0;0;0;0;8;0;0;0;0
"05/04/2016";"08:56:00";"37";"com vítima";"33.6";"BR-392/RS";"Sul";"Saída de Pista";1;0;0;0;0;0;0;0;0;0;1;1;0;0;0
"05/04/2016";"12:02:00";"70";"com vítima";"1.3";"BR-392/RS";"Norte";"Atropelamento";0;0;0;1;0;0;0;0;0;0;0;1;1;0;0
"05/04/2016";"04:54:00";"109";"com vítima";"28";"BR-392/RS";"Norte";"Tombamento";1;1;0;0;0;0;0;0;0;0;4;1;0;0;0
"06/04/2016";"08:28:00";"36";"com vítima";"460.2";"BR-116/RS";"Sul";"Saída de Pista";0;0;0;1;0;0;0;0;0;0;0;1;0;0;0
"07/04/2016";"03:43:00";"114";"sem vítima";"148.4";"BR-392/RS";"Norte";"Colisão Traseira";2;0;0;0;0;0;0;0;0;0;4;0;0;0;0
"08/04/2016";"02:53:00";"107";"com vítima";"119.9";"BR-392/RS";"Sul";"Colisão Traseira";0;0;1;0;0;1;0;0;0;0;2;0;1;0;0
"10/04/2016";"07:59:00";"30";"sem vítima";"512";"BR-116/RS";"Sul";"Tombamento";1;0;0;0;0;0;0;0;0;0;1;0;0;0;0
"10/04/2016";"12:33:00";"59";"com vítima";"510.8";"BR-116/RS";"Norte";"Saída de Pista";1;0;0;0;1;0;0;0;0;0;3;1;0;0;0