data;horario;n_da_ocorrencia;tipo_de_ocorrencia;km;trecho;sentido;tipo_de_acidente;automovel;bicicleta;caminhao;moto;onibus;outros;tracao_animal;transporte_de_cargas_especiais;trator_maquinas;utilitarios;ilesos;levemente_feridos;moderadamente_feridos;gravemente_feridos;mortos
"30/10/2016";"02:00:00";"64";"sem vítima";"78.3";"BR-392/RS";"Norte";"Tombamento";3;0;0;0;0;0;0;0;0;0;3;0;0;0;0
"01/11/2016";"10:56:00";"104";"sem vítima";"93.3";"BR-392/RS";"Sul";"Tombamento";1;0;0;0;0;0;0;0;0;0;1;0;0;0;0
"01/11/2016";"04:15:00";"123";"com vítima";"99.7";"BR-392/RS";"Sul";"Saída de Pista";1;0;1;0;0;0;0;0;0;0;1;1;0;0;0
"01/11/2016";"06:34:00";"141";"com vítima";"473.2";"BR-116/RS";"Sul";"Colisão Traseira";1;0;1;0;0;0;0;0;0;0;1;1;0;0;0
"03/11/2016";"07:22:00";"143";"com vítima";"480.8";"BR-116/RS";"Sul";"Abalr. Transversal";1;0;0;0;0;0;0;0;0;0;0;0;1;0;0
"04/11/2016";"10:41:00";"106";"com vítima";"510.3";"BR-116/RS";"Norte";"Colisão com Objeto Fixo";0;0;1;1;0;0;0;0;0;0;8;0;1;0;0
"04/11/2016";"07:59:00";"165";"sem vítima";"560.3";"BR-116/RS";"Norte";"Tombamento";1;0;0;0;0;0;0;0;0;0;1;0;0;0;0
"04/11/2016";"11:11:00";"180";"com vítima";"529.5";"BR-116/RS";"Sul";"Capotamento";1;0;1;0;0;0;0;0;0;0;1;0;1;0;0
"05/11/2016";"05:24:00";"129";"com vítima";"511.9";"BR-116/RS";"Sul";"Tombamento";0;0;2;0;0;0;0;0;0;0;1;0;1;0;0
"06/11/2016";"07:11:00";"26";"com vítima";"492";"BR-116/RS";"Norte";"Saída de Pista";1;0;1;0;0;0;0;0;0;0;5;1;0;0;0
"06/11/2016";"03:43:00";"80";"sem vítima";"588.3";"BR-116/RS";"Sul";"Saída de Pista";0;0;0;0;1;0;0;0;0;0;1;0;0;0;0
"06/11/2016";"09:59:00";"133";"sem vítima";"50";"BR-392/RS";"Sul";"Atropelamento de Animal";1;0;0;0;0;0;0;0;0;0;2;0;0;0;0
"10/11/2016";"06:28:00";"20";"com vítima";"5.2";"BR-392/RS";"Sul";"Abalr. Transversal";1;0;0;0;0;0;0;0;0;0;3;0;0;0;1
"10/11/2016";"12:08:00";"86";"com vítima";"527.2";"BR-116/RS";"Norte";"Colisão Traseira";0;0;1;1;0;0;0;0;0;0;1;0;1;0;0
"11/11/2016";"09:07:00";"37";"sem vítima";"12.5";"BR-392/RS";"Norte";"Saída de Pista";0;0;1;0;0;0;0;0;0;0;1;0;0;0;0
"13/11/2016";"07:20:00";"156";"sem vítima";"536.7";"BR-116/RS";"Norte";"Saída de Pista";1;0;0;0;0;0;0;0;0;0;1;0;0;0;0
"14/11/2016";"12:27:00";"1";"com vítima";"520.8";"BR-116/RS";"Norte";"Saída de Pista";2;0;0;0;0;0;0;0;0;0;2;0;1;1;0
"14/11/2016";"07:12:00";"149";"sem vítima";"9";"BR-392/RS";"Sul";"Outros tipos de acidente";1;0;1;0;1;0;0;0;0;0;5;0;0;0;0
"14/11/2016";"08:28:00";"157";"sem vítima";"521.3";"BR-116/RS";"Sul";"Tombamento";0;0;1;0;0;0;0;0;0;0;1;0;0;0;0
"15/11/2016";"05:13:00";"112";"com vítima";"541.8";"BR-116/RS";"Sul";"Saída de Pista";1;0;0;1;0;0;0;0;0;0;1;0;1;0;0
"15/11/2016";"06:06:00";"117";"sem vítima";"36.9";"BR-392/RS";"Sul";"Colisão Traseira";2;0;0;0;0;0;0;0;0;0;2;0;0;0;0
"15/11/2016";"07:19:00";"122";"sem vítima";"138.7";"BR-392/RS";"Norte";"Saída de Pista";1;0;0;0;0;0;0;0;0;0;1;0;0;0;0
"16/11/2016";"08:03:00";"43";"com vítima";"1.8";"BR-392/RS";"Norte";"Saída de Pista";0;0;1;0;0;0;0;0;0;0;0;1;0;0;0
"16/11/2016";"07:09:00";"143";"com vítima";"409.2";"BR-116/RS";"Sul";"Saída de Pista";1;1;0;0;0;0;0;0;0;0;1;0;0;0;1
"16/11/2016";"07:25:00";"146";"com vítima";"522";"BR-116/RS";"Sul";"Colisão Traseira";1;0;0;0;0;0;0;0;0;0;0;1;0;0;0
"16/11/2016";"07:42:00";"149";"com vítima";"523";"BR-116/RS";"Sul";"Colisão Traseira";1;0;0;0;0;0;0;0;0;0;0;0;1;0;0
"17/11/2016";"01:10:00";"86";"com vítima";"525.9";"BR-116/RS";"Norte";"Colisão Traseira";1;0;0;0;0;0;0;0;0;0;0;1;2;0;0
"18/11/2016";"01:13:00";"102";"sem vítima";"24.2";"BR-392/RS";"Sul";"Abalr. Mesmo Sentido";1;0;0;0;0;0;0;0;0;0;1;0;0;0;0
"19/11/2016";"10:31:00";"76";"com vítima";"401";"BR-116/RS";"Norte";"Abalr. Transversal";1;0;0;0;0;0;0;0;0;0;0;1;0;0;0
"21/11/2016";"11:47:00";"98";"com vítima";"519.9";"BR-116/RS";"Sul";"Atropelamento";0;0;1;0;0;0;0;0;0;0;0;0;1;0;0
"22/11/2016";"02:34:00";"71";"com vítima";"572.3";"BR-116/RS";"Sul";"Saída de Pista";0;0;2;0;0;0;0;0;0;0;1;1;0;0;0
"22/11/2016";"02:46:00";"72";"com vítima";"67.8";"BR-392/RS";"Norte";"Colisão Traseira";2;0;0;0;0;0;0;0;0;0;3;1;0;0;0
"23/11/2016";"06:45:00";"17";"sem vítima";"1.6";"BR-392/RS";"Norte";"Colisão Frontal";1;0;0;0;0;0;0;0;0;0;2;0;0;0;0
"24/11/2016";"09:08:00";"107";"com vítima";"58";"BR-392/RS";"Norte";"Tombamento";2;0;0;0;0;0;0;0;0;0;0;3;1;1;0
"25/11/2016";"07:19:00";"37";"com vítima";"52.3";"BR-392/RS";"Sul";"Colisão com Objeto Fixo";1;0;0;0;0;0;0;0;0;0;0;1;0;0;0
"25/11/2016";"09:49:00";"70";"sem vítima";"37.4";"BR-392/RS";"Sul";"Saída de Pista";2;0;0;0;0;0;0;0;0;0;6;0;0;0;0
"26/11/2016";"12:25:00";"2";"sem vítima";"523.9";"BR-116/RS";"Sul";"Tombamento";0;0;2;0;0;0;0;0;0;0;2;0;0;0;0
"27/11/2016";"12:15:00";"48";"com vítima";"414.5";"BR-116/RS";"Norte";"Saída de Pista";1;0;1;0;0;0;0;0;0;0;1;4;1;0;0
"28/11/2016";"08:15:00";"40";"com vítima";"510.3";"BR-116/RS";"Sul";"Colisão Traseira";1;0;0;0;0;0;0;0;0;0;0;0;1;0;0
"28/11/2016";"04:41:00";"140";"sem vítima";"65.4";"BR-392/RS";"Sul";"Tombamento";1;0;0;0;0;0;0;0;0;0;1;0;0;0;0
"02/12/2016";"10:49:00";"163";"sem vítima";"513.7";"BR-116/RS";"Sul";"Abalr. Transversal";1;0;0;0;0;0;0;0;0;0;2;0;0;0;0
"03/12/2016";"04:15:00";"15";"com vítima";"4.4";"BR-392/RS";"Norte";"Colisão Traseira";0;0;0;1;0;0;0;0;0;0;0;2;0;0;0
"03/12/2016";"11:19:00";"72";"com vítima";"63.9";"BR-392/RS";"Sul";"Abalr. Sentido Oposto";0;0;0;1;0;0;0;0;0;0;0;0;0;0;1
"03/12/2016";"07:21:00";"112";"sem vítima";"96.3";"BR-392/RS";"Sul";"Saída de Pista";1;0;0;0;0;0;0;0;0;0;1;0;0;0;0
"03/12/2016";"08:37:00";"120";"com vítima";"530.1";"BR-116/RS";"Norte";"Abalr. Transversal";1;0;0;0;0;0;0;0;0;0;1;1;0;0;0
"04/12/2016";"02:10:00";"11";"sem vítima";"643.2";"BR-116/RS";"Sul";"Colisão Frontal";0;0;1;0;0;0;0;0;0;0;1;0;0;0;0
"06/12/2016";"02:07:00";"129";"com vítima";"8";"BR-392/RS";"Norte";"Colisão Frontal";2;0;0;0;0;0;0;0;0;0;2;4;0;0;0
"07/12/2016";"05:39:00";"130";"sem vítima";"110";"BR-392/RS";"Norte";"Abalr. Transversal";1;0;0;0;0;0;0;0;0;0;3;0;0;0;0
"08/12/2016";"07:30:00";"20";"com vítima";"521.7";"BR-116/RS";"Sul";"Colisão Traseira";0;0;1;0;1;0;0;0;0;0;2;1;0;0;0
"09/12/2016";"07:14:00";"151";"sem vítima";"58.6";"BR-392/RS";"Norte";"Tombamento";1;0;0;1;0;0;0;0;0;0;3;0;0;0;0
"10/12/2016";"04:10:00";"19";"com vítima";"636.9";"BR-116/RS";"Norte";"Saída de Pista";1;0;0;0;0;0;0;0;0;0;1;0;1;0;0
"10/12/2016";"05:50:00";"134";"com vítima";"432.3";"BR-116/RS";"Sul";"Abalr. Mesmo Sentido";1;0;0;1;0;0;0;0;0;0;1;1;0;0;0
"10/12/2016";"06:34:00";"139";"sem vítima";"115.3";"BR-392/RS";"Sul";"Abalr. Transversal";1;0;0;0;0;0;0;0;0;0;0;0;0;0;0
"10/12/2016";"09:00:00";"157";"com vítima";"493.6";"BR-116/RS";"Norte";"Abalr. Sentido Oposto";0;0;2;0;0;0;0;0;0;0;1;0;1;0;0
"11/12/2016";"09:14:00";"57";"com vítima";"405.7";"BR-116/RS";"Sul";"Saída de Pista";1;0;0;0;0;0;0;0;0;0;1;0;1;0;0
"12/12/2016";"08:38:00";"38";"com vítima";"6.2";"BR-392/RS";"Norte";"Colisão Traseira";1;1;0;0;0;0;0;0;0;0;1;0;1;0;0
"13/12/2016";"02:37:00";"96";"com vítima";"90.2";"BR-392/RS";"Norte";"Saída de Pista";0;0;1;0;0;0;0;0;0;0;0;0;1;0;0
"14/12/2016";"09:39:00";"74";"sem vítima";"16";"BR-392/RS";"Sul";"Abalr. Mesmo Sentido";0;0;1;0;0;0;0;0;0;0;1;0;0;0;0
"15/12/2016";"09:35:00";"53";"com vítima";"118";"BR-392/RS";"Norte";"Tombamento";0;0;1;0;0;0;0;0;0;0;0;1;0;0;0
"15/12/2016";"09:59:00";"157";"com vítima";"48.3";"BR-392/RS";"Sul";"Atropelamento de Animal";2;0;0;0;0;0;0;0;0;0;1;2;0;0;0
"16/12/2016";"10:37:00";"98";"sem vítima";"62";"BR-392/RS";"Norte";"Abalr. Transversal";2;0;0;0;0;0;0;0;0;0;3;0;0;0;0
"16/12/2016";"11:57:00";"105";"sem vítima";"67";"BR-392/RS";"Sul";"Abalr. Transversal";1;0;0;0;0;0;0;0;0;0;5;0;0;0;0
"17/12/2016";"06:08:00";"16";"sem vítima";"619";"BR-116/RS";"Sul";"Saída de Pista";2;0;0;0;0;0;0;0;0;0;4;0;0;0;0
"18/12/2016";"08:06:00";"33";"com vítima";"20.5";"BR-392/RS";"Sul";"Saída de Pista";1;0;0;1;0;0;0;0;0;0;1;1;0;0;0
"18/12/2016";"12:40:00";"84";"com vítima";"582";"BR-116/RS";"Sul";"Colisão com Objeto Fixo";0;0;1;1;0;0;0;0;0;0;1;1;0;0;0
"18/12/2016";"03:07:00";"95";"com vítima";"510.6";"BR-116/RS";"Sul";"Abalr. Transversal";1;0;0;1;0;0;0;0;0;0;4;1;0;0;0
"19/12/2016";"07:15:00";"33";"sem vítima";"99.7";"BR-392/RS";"Sul";"Abalr. Transversal";1;0;0;0;0;0;0;0;0;0;2;0;0;0;0
"20/12/2016";"11:30:00";"91";"com vítima";"653.2";"BR-116/RS";"Sul";"Saída de Pista";1;0;0;1;0;0;0;0;0;0;2;0;1;0;0
"20/12/2016";"08:30:00";"172";"com vítima";"90.4";"BR-392/RS";"Sul";"Colisão Frontal";1;0;0;0;0;0;0;0;0;0;0;1;0;0;0
"21/12/2016";"05:37:00";"142";"sem vítima";"401.4";"BR-116/RS";"Sul";"Colisão Traseira";2;0;0;0;0;0;0;0;0;0;3;0;0;0;0
"21/12/2016";"06:05:00";"149";"com vítima";"494.3";"BR-116/RS";"Sul";"Abalr. Mesmo Sentido";1;0;0;0;0;0;0;0;0;0;1;1;0;0;0
"21/12/2016";"11:28:00";"189";"com vítima";"41.1";"BR-392/RS";"Sul";"Saída de Pista";2;0;0;0;0;0;0;0;0;0;1;0;1;1;0
"22/12/2016";"04:19:00";"16";"com vítima";"516";"BR-116/RS";"Norte";"Tombamento";0;0;0;1;0;0;0;0;0;0;0;0;0;1;0
"22/12/2016";"03:34:00";"137";"sem vítima";"20.5";"BR-392/RS";"Sul";"Tombamento";1;0;0;0;0;0;0;0;0;0;1;0;0;0;0
"23/12/2016";"10:00:00";"59";"com vítima";"461.1";"BR-116/RS";"Norte";"Abalr. Mesmo Sentido";1;0;0;1;0;0;0;0;0;0;2;0;1;0;0
"23/12/2016";"01:00:00";"82";"sem vítima";"145.5";"BR-392/RS";"Sul";"Saída de Pista";0;0;2;0;0;0;0;0;0;0;3;0;0;0;0
"24/12/2016";"06:49:00";"122";"com vítima";"72.9";"BR-392/RS";"Sul";"Tombamento";0;0;1;0;0;0;0;0;0;0;0;2;0;0;0
"26/12/2016";"03:35:00";"20";"com vítima";"615";"BR-116/RS";"Norte";"Saída de Pista";1;0;0;1;0;0;0;0;0;0;4;1;0;0;0
"26/12/2016";"03:35:00";"131";"sem vítima";"454.3";"BR-116/RS";"Sul";"Colisão Frontal";1;0;0;0;0;0;0;0;0;0;3;0;0;0;0
"26/12/2016";"04:25:00";"136";"com vítima";"510.3";"BR-116/RS";"Norte";"Colisão Traseira";1;0;0;1;0;0;0;0;0;0;1;2;0;0;0
"26/12/2016";"05:27:00";"139";"sem vítima";"4.9";"BR-392/RS";"Sul";"Colisão Frontal";1;0;0;0;0;0;0;0;0;0;1;0;0;0;0
"26/12/2016";"05:54:00";"142";"sem vítima";"99.6";"BR-392/RS";"Sul";"Colisão Traseira";1;0;0;0;0;0;0;0;0;0;1;0;0;0;0
"27/12/2016";"02:30:00";"15";"com vítima";"606";"BR-116/RS";"Norte";"Atropelamento de Animal";0;0;1;0;0;0;0;0;0;0;1;1;0;0;0
"30/12/2016";"08:10:00";"145";"com vítima";"442";"BR-116/RS";"Sul";"Abalr. Transversal";2;0;0;0;0;0;0;0;0;0;2;1;1;0;0
"31/12/2016";"04:11:00";"23";"com vítima";"117.6";"BR-392/RS";"Sul";"Saída de Pista";0;0;0;1;0;0;0;0;0;0;1;0;1;0;0
"01/01/2017";"08:27:00";"127";"com vítima";"411.1";"BR-116/RS";"Norte";"Abalr. Mesmo Sentido";2;0;0;0;0;0;0;0;0;0;4;4;0;0;0
"01/01/2017";"08:51:00";"131";"sem vítima";"477";"BR-116/RS";"Sul";"Colisão Traseira";5;0;0;0;0;0;0;0;0;0;14;0;0;0;0
"02/01/2017";"07:59:00";"30";"com vítima";"611.7";"BR-116/RS";"Norte";"Colisão Traseira";1;0;0;0;1;0;0;0;0;0;3;1;0;0;0
"03/01/2017";"07:20:00";"34";"com vítima";"49.7";"BR-392/RS";"Sul";"Tombamento";0;0;0;1;0;0;0;0;0;0;0;2;0;0;0
"03/01/2017";"10:53:00";"85";"com vítima";"197.3";"BR-392/RS";"Sul";"Abalr. Mesmo Sentido";1;0;3;0;0;0;0;0;0;0;3;2;0;0;0
"03/01/2017";"05:40:00";"141";"com vítima";"49.8";"BR-392/RS";"Sul";"Saída de Pista";1;0;0;0;0;0;0;0;0;0;3;0;1;0;0
"04/01/2017";"03:54:00";"96";"com vítima";"435";"BR-116/RS";"Norte";"Colisão Frontal";2;0;0;0;0;0;0;0;0;0;5;3;0;0;0
"06/01/2017";"08:30:00";"138";"sem vítima";"559.3";"BR-116/RS";"Norte";"Saída de Pista";1;0;0;0;0;0;0;0;0;0;2;0;0;0;0
"07/01/2017";"07:22:00";"134";"com vítima";"41.8";"BR-392/RS";"Norte";"Saída de Pista";1;0;0;0;0;0;0;0;0;0;3;1;0;0;0
"08/01/2017";"04:10:00";"97";"com vítima";"582.3";"BR-116/RS";"Norte";"Saída de Pista";1;0;0;0;0;0;0;0;0;0;3;0;1;0;0
"09/01/2017";"08:54:00";"37";"com vítima";"86.9";"BR-392/RS";"Sul";"Atropelamento";1;0;0;0;0;0;0;0;0;0;1;0;0;1;0
"09/01/2017";"10:33:00";"73";"com vítima";"84.3";"BR-392/RS";"Sul";"Saída de Pista";2;0;0;0;0;0;0;0;0;0;1;3;0;0;0
"10/01/2017";"12:11:00";"2";"sem vítima";"598";"BR-116/RS";"Sul";"Saída de Pista";1;0;0;0;0;0;0;0;0;0;1;0;0;0;0
"10/01/2017";"03:37:00";"12";"com vítima";"93.8";"BR-392/RS";"Sul";"Saída de Pista";1;0;0;0;0;0;0;0;0;0;0;2;0;0;0
"10/01/2017";"05:36:00";"16";"com vítima";"493.9";"BR-116/RS";"Norte";"Saída de Pista";1;0;0;0;0;0;0;0;0;0;1;1;0;0;0
"12/01/2017";"10:52:00";"81";"com vítima";"117.1";"BR-392/RS";"Norte";"Abalr. Transversal";1;0;1;0;0;0;0;0;0;0;2;1;1;0;0
"12/01/2017";"02:02:00";"90";"com vítima";"528.5";"BR-116/RS";"Sul";"Abalr. Transversal";1;0;0;1;0;0;0;0;0;0;1;1;0;0;0
"13/01/2017";"05:10:00";"114";"sem vítima";"60.5";"BR-392/RS";"Sul";"Colisão Traseira";3;0;0;0;0;0;0;0;0;0;4;0;0;0;0
"13/01/2017";"05:21:00";"116";"sem vítima";"415.7";"BR-116/RS";"Norte";"Tombamento";0;0;1;0;0;0;0;0;0;0;1;0;0;0;0
"14/01/2017";"12:18:00";"61";"com vítima";"469.7";"BR-116/RS";"Sul";"Saída de Pista";1;0;0;0;0;0;0;0;0;0;1;0;3;0;0
"15/01/2017";"07:29:00";"27";"com vítima";"431.1";"BR-116/RS";"Norte";"Saída de Pista";0;0;0;1;0;0;0;0;0;0;0;0;1;0;0
"17/01/2017";"08:29:00";"28";"com vítima";"625.2";"BR-116/RS";"Sul";"Tombamento";0;0;0;1;0;0;0;0;0;0;0;1;0;0;0
"17/01/2017";"01:03:00";"82";"com vítima";"21.5";"BR-392/RS";"Sul";"Saída de Pista";1;0;0;0;0;0;0;0;0;0;0;0;1;0;0
"18/01/2017";"06:16:00";"15";"sem vítima";"6.8";"BR-392/RS";"Sul";"Colisão com Objeto Fixo";0;0;1;0;0;0;0;0;0;0;1;0;0;0;0
"18/01/2017";"06:50:00";"134";"com vítima";"17.3";"BR-392/RS";"Sul";"Colisão Traseira";1;0;1;0;0;0;0;0;0;0;0;3;1;0;0
"19/01/2017";"04:16:00";"131";"com vítima";"521.5";"BR-116/RS";"Norte";"Tombamento";0;0;0;1;0;0;0;0;0;0;0;2;0;0;0
"19/01/2017";"07:50:00";"155";"com vítima";"31.3";"BR-392/RS";"Sul";"Colisão Traseira";1;0;0;1;0;0;0;0;0;0;1;0;0;1;0
"21/01/2017";"05:33:00";"13";"com vítima";"4";"BR-392/RS";"Sul";"Saída de Pista";1;0;0;0;0;0;0;0;0;0;0;1;0;0;0
"23/01/2017";"07:56:00";"169";"com vítima";"517.9";"BR-116/RS";"Sul";"Abalr. Transversal";0;1;0;1;0;0;0;0;0;0;2;1;0;0;0
"24/01/2017";"04:21:00";"140";"sem vítima";"404.1";"BR-116/RS";"Norte";"Saída de Pista";1;0;0;0;0;0;0;0;0;0;5;0;0;0;0
"24/01/2017";"08:05:00";"166";"com vítima";"25.5";"BR-392/RS";"Sul";"Saída de Pista";0;0;1;0;0;0;0;0;0;0;0;1;0;0;0
"24/01/2017";"08:07:00";"167";"sem vítima";"452.6";"BR-116/RS";"Sul";"Saída de Pista";1;0;0;0;0;0;0;0;0;0;1;0;0;0;0
"26/01/2017";"10:24:00";"81";"com vítima";"1.4";"BR-392/RS";"Norte";"Colisão Frontal";0;0;2;0;0;0;0;0;0;0;1;1;0;0;0
"26/01/2017";"12:08:00";"91";"sem vítima";"515.3";"BR-116/RS";"Norte";"Abalr. Mesmo Sentido";1;0;1;0;0;0;0;0;0;0;4;0;0;0;0
"26/01/2017";"01:58:00";"99";"com vítima";"20.2";"BR-392/RS";"Sul";"Abalr. Mesmo Sentido";0;0;0;1;1;0;0;0;0;0;1;0;1;0;0
"27/01/2017";"07:40:00";"37";"com vítima";"530.1";"BR-116/RS";"Norte";"Abalr. Transversal";1;0;0;1;0;0;0;0;0;0;1;1;0;0;0
"27/01/2017";"12:19:00";"123";"com vítima";"530.6";"BR-116/RS";"Norte";"Abalr. Transversal";2;0;0;0;0;0;0;0;0;0;2;2;2;0;0
"30/01/2017";"10:22:00";"84";"com vítima";"529.5";"BR-116/RS";"Sul";"Abalr. Mesmo Sentido";1;0;0;1;0;0;0;0;0;0;2;0;1;0;0
"01/02/2017";"07:24:00";"32";"com vítima";"513.9";"BR-116/RS";"Norte";"Abalr. Transversal";0;1;0;1;0;0;0;0;0;0;1;1;0;0;0
"02/02/2017";"05:35:00";"90";"com vítima";"523.8";"BR-116/RS";"Norte";"Abalr. Transversal";2;0;1;0;0;0;0;0;0;0;4;1;0;0;0
"03/02/2017";"07:31:00";"144";"com vítima";"441";"BR-116/RS";"Sul";"Saída de Pista";1;0;0;0;0;0;0;0;0;0;0;1;0;0;0
"06/02/2017";"09:06:00";"158";"com vítima";"56";"BR-392/RS";"Sul";"Atropelamento de Animal";0;0;0;1;0;0;0;0;0;0;0;0;1;0;0
"07/02/2017";"06:13:00";"100";"com vítima";"530";"BR-116/RS";"Sul";"Abalr. Transversal";1;0;0;1;0;0;0;0;0;0;2;1;0;0;0
"08/02/2017";"06:47:00";"127";"com vítima";"520.9";"BR-116/RS";"Sul";"Abalr. Transversal";0;0;1;1;0;0;0;0;0;0;1;2;0;0;0
"08/02/2017";"11:04:00";"155";"com vítima";"34.2";"BR-392/RS";"Sul";"Tombamento";0;0;1;0;0;0;0;0;0;0;0;1;0;0;0
"09/02/2017";"01:59:00";"15";"com vítima";"487.6";"BR-116/RS";"Sul";"Saída de Pista";1;0;0;0;0;0;0;0;0;0;0;4;0;0;0
"09/02/2017";"06:33:00";"24";"com vítima";"555.7";"BR-116/RS";"Norte";"Atropelamento de Animal";0;0;0;1;0;0;0;0;0;0;0;0;1;0;0
"10/02/2017";"04:48:00";"135";"com vítima";"104.3";"BR-392/RS";"Norte";"Saída de Pista";1;0;0;0;0;0;0;0;0;0;0;1;0;0;0
"11/02/2017";"08:51:00";"36";"com vítima";"494.2";"BR-116/RS";"Norte";"Colisão Frontal";1;0;6;0;0;0;0;0;0;0;5;0;1;2;4
"12/02/2017";"03:24:00";"23";"sem vítima";"570.6";"BR-116/RS";"Sul";"Saída de Pista";1;0;0;0;0;0;0;0;0;0;2;0;0;0;0
"12/02/2017";"04:56:00";"25";"sem vítima";"648.4";"BR-116/RS";"Norte";"Saída de Pista";1;0;0;0;0;0;0;0;0;0;1;0;0;0;0
"12/02/2017";"11:40:00";"74";"com vítima";"417.9";"BR-116/RS";"Norte";"Saída de Pista";0;0;0;1;0;0;0;0;0;0;0;1;0;0;0
"12/02/2017";"12:16:00";"78";"sem vítima";"621.2";"BR-116/RS";"Norte";"Saída de Pista";1;0;0;0;0;0;0;0;0;0;2;0;0;0;0
"12/02/2017";"07:50:00";"122";"com vítima";"90.5";"BR-392/RS";"Sul";"Saída de Pista";0;0;0;1;0;0;0;0;0;0;0;0;1;0;0
"13/02/2017";"12:00:00";"1";"com vítima";"461";"BR-116/RS";"Norte";"Abalr. Sentido Oposto";1;0;1;0;0;0;0;0;0;0;2;0;1;0;0
"13/02/2017";"04:37:00";"20";"com vítima";"432.5";"BR-116/RS";"Norte";"Atropelamento de Animal";1;0;0;0;0;0;0;0;0;0;0;2;0;0;0
"13/02/2017";"08:14:00";"39";"com vítima";"118.5";"BR-392/RS";"Norte";"Tombamento";0;0;0;1;0;0;0;0;0;0;0;1;0;0;0
"14/02/2017";"03:32:00";"119";"sem vítima";"53.3";"BR-392/RS";"Sul";"Saída de Pista";1;0;0;0;0;0;0;0;0;0;1;0;0;0;0
"15/02/2017";"08:14:00";"26";"com vítima";"18";"BR-392/RS";"Sul";"Colisão Traseira";1;0;0;1;0;0;0;0;0;0;1;1;0;0;0
"15/02/2017";"08:39:00";"104";"com vítima";"67";"BR-392/RS";"Sul";"Abalr. Transversal";0;0;1;1;0;0;0;0;0;0;1;1;0;0;0
"16/02/2017";"02:05:00";"15";"com vítima";"441.6";"BR-116/RS";"Sul";"Saída de Pista";1;0;0;0;0;0;0;0;0;0;0;3;0;0;0
"16/02/2017";"07:33:00";"27";"com vítima";"4.9";"BR-392/RS";"Norte";"Abalr. Sentido Oposto";2;0;0;0;0;0;0;0;0;0;1;1;0;0;0
"16/02/2017";"06:37:00";"156";"com vítima";"15.9";"BR-392/RS";"Norte";"Colisão Traseira";0;0;1;1;0;0;0;0;0;0;1;1;0;0;0
"17/02/2017";"12:16:00";"113";"sem vítima";"18.9";"BR-392/RS";"Sul";"Tombamento";0;0;1;0;0;0;0;0;0;0;1;0;0;0;0
"18/02/2017";"06:54:00";"27";"com vítima";"6.9";"BR-392/RS";"Sul";"Colisão com Objeto Fixo";0;0;1;0;0;0;0;0;0;0;0;1;0;0;0
"20/02/2017";"02:22:00";"124";"sem vítima";"70.9";"BR-392/RS";"Norte";"Abalr. Transversal";2;0;0;0;0;0;0;0;0;0;3;0;0;0;0
"20/02/2017";"04:17:00";"138";"com vítima";"471.3";"BR-116/RS";"Sul";"Atropelamento de Animal";0;0;0;1;0;0;0;0;0;0;0;2;0;0;0
"20/02/2017";"05:46:00";"153";"com vítima";"51.9";"BR-392/RS";"Norte";"Saída de Pista";1;0;0;0;0;0;0;0;0;0;0;1;0;0;0
"20/02/2017";"05:52:00";"154";"com vítima";"150.5";"BR-392/RS";"Sul";"Tombamento";0;0;1;0;0;0;0;0;0;0;0;0;0;0;1
"22/02/2017";"05:48:00";"14";"com vítima";"11.9";"BR-392/RS";"Sul";"Tombamento";0;0;0;1;0;0;0;0;0;0;0;1;0;0;0
"22/02/2017";"06:17:00";"141";"sem vítima";"66.9";"BR-392/RS";"Sul";"Abalr. Transversal";3;0;0;0;0;0;0;0;0;0;6;0;0;0;0
"24/02/2017";"03:04:00";"105";"com vítima";"2.9";"BR-392/RS";"Sul";"Abalr. Transversal";0;1;0;1;0;0;0;0;0;0;1;0;1;0;0
"24/02/2017";"07:57:00";"144";"com vítima";"516.1";"BR-116/RS";"Norte";"Saída de Pista";1;0;0;0;0;0;0;0;0;0;2;2;0;0;0
"25/02/2017";"06:09:00";"39";"com vítima";"555.1";"BR-116/RS";"Sul";"Colisão Frontal";2;0;0;0;0;0;0;0;0;0;2;0;2;0;1
"27/02/2017";"03:11:00";"14";"sem vítima";"409.5";"BR-116/RS";"Sul";"Saída de Pista";1;0;0;0;0;0;0;0;0;0;2;0;0;0;0
"27/02/2017";"07:17:00";"24";"sem vítima";"11.7";"BR-392/RS";"Sul";"Atropelamento de Animal";1;0;0;0;0;0;0;0;0;0;1;0;0;0;0
"27/02/2017";"04:40:00";"91";"com vítima";"525.9";"BR-116/RS";"Sul";"Abalr. Transversal";1;0;0;1;0;0;0;0;0;0;2;1;0;0;0
"01/03/2017";"03:51:00";"96";"sem vítima";"454";"BR-116/RS";"Norte";"Colisão Traseira";1;0;1;0;0;0;0;0;0;0;2;0;0;0;0
"03/03/2017";"03:42:00";"113";"com vítima";"569.1";"BR-116/RS";"Norte";"Saída de Pista";0;0;1;0;0;0;0;0;0;0;1;1;0;0;0
"04/03/2017";"08:24:00";"44";"com vítima";"118.6";"BR-392/RS";"Sul";"Tombamento";0;0;1;0;0;0;0;0;0;0;0;1;0;0;0
"05/03/2017";"11:19:00";"76";"sem vítima";"449.7";"BR-116/RS";"Norte";"Saída de Pista";1;0;0;0;0;0;0;0;0;0;1;0;0;0;0
"05/03/2017";"08:26:00";"131";"com vítima";"19.5";"BR-392/RS";"Sul";"Colisão Traseira";1;0;0;1;0;0;0;0;0;0;1;0;0;1;0