data;horario;n_da_ocorrencia;tipo_de_ocorrencia;km;trecho;sentido;tipo_de_acidente;automovel;bicicleta;caminhao;moto;onibus;outros;tracao_animal;transporte_de_cargas_especiais;trator_maquinas;utilitarios;ilesos;levemente_feridos;moderadamente_feridos;gravemente_feridos;mortos
"06/03/2017";"08:20:00";"36";"sem vítima";"61";"BR-392/RS";"Sul";"Abalr. Sentido Oposto";0;0;1;1;0;0;0;0;0;0;2;0;0;0;0
"06/03/2017";"01:51:00";"83";"com vítima";"31.2";"BR-392/RS";"Sul";"Tombamento";0;0;0;1;0;0;0;0;0;0;0;2;0;0;0
"07/03/2017";"07:03:00";"19";"sem vítima";"1";"BR-392/RS";"Norte";"Saída de Pista";0;0;1;0;0;0;0;0;0;0;1;0;0;0;0
"07/03/2017";"10:11:00";"80";"sem vítima";"552.2";"BR-116/RS";"Sul";"Saída de Pista";0;0;1;0;0;0;0;0;0;0;1;0;0;0;0
"09/03/2017";"08:46:00";"162";"sem vítima";"402.3";"BR-116/RS";"Sul";"Saída de Pista";1;0;0;0;0;0;0;0;0;0;1;0;0;0;0
"11/03/2017";"09:20:00";"48";"sem vítima";"624.5";"BR-116/RS";"Sul";"Atropelamento de Animal";1;0;0;0;0;0;0;0;0;0;1;0;0;0;0
"11/03/2017";"09:54:00";"52";"sem vítima";"13.1";"BR-392/RS";"Norte";"Saída de Pista";1;0;0;0;0;0;0;0;0;0;1;0;0;0;0
"11/03/2017";"10:51:00";"59";"sem vítima";"529.8";"BR-116/RS";"Norte";"Abalr. Transversal";2;0;0;0;0;0;0;0;0;0;5;0;0;0;0
"11/03/2017";"06:07:00";"112";"com vítima";"19.2";"BR-392/RS";"Norte";"Abalr. Transversal";0;0;0;2;0;0;0;0;0;0;1;0;1;0;0
"13/03/2017";"09:30:00";"66";"com vítima";"17";"BR-392/RS";"Sul";"Saída de Pista";1;0;1;0;0;0;0;0;0;0;1;2;0;0;0
"13/03/2017";"01:21:00";"129";"com vítima";"21.1";"BR-392/RS";"Sul";"Saída de Pista";1;0;0;0;0;0;0;0;0;0;0;1;0;0;0
"14/03/2017";"10:27:00";"76";"com vítima";"530.8";"BR-116/RS";"Sul";"Atropelamento";1;1;0;0;0;0;0;0;0;0;1;0;1;0;0
"14/03/2017";"11:21:00";"98";"sem vítima";"27.3";"BR-392/RS";"Sul";"Saída de Pista";1;0;0;0;0;0;0;0;0;0;4;0;0;0;0
"14/03/2017";"05:18:00";"150";"sem vítima";"26.5";"BR-392/RS";"Norte";"Colisão Traseira";0;0;3;0;0;0;0;0;0;0;3;0;0;0;0
"14/03/2017";"09:07:00";"171";"com vítima";"456.1";"BR-116/RS";"Norte";"Saída de Pista";1;0;0;0;0;0;0;0;0;0;1;0;2;0;0
"16/03/2017";"11:23:00";"91";"com vítima";"122.7";"BR-392/RS";"Norte";"Colisão Frontal";1;0;1;0;0;0;0;0;0;0;1;0;0;1;0
"17/03/2017";"02:31:00";"14";"sem vítima";"418";"BR-116/RS";"Sul";"Saída de Pista";1;0;0;0;0;0;0;0;0;0;1;0;0;0;0
"17/03/2017";"10:19:00";"93";"sem vítima";"522.4";"BR-116/RS";"Sul";"Colisão com Objeto Fixo";0;0;1;0;0;0;0;0;0;0;1;0;0;0;0
"19/03/2017";"07:16:00";"95";"com vítima";"19";"BR-392/RS";"Sul";"Abalr. Transversal";0;1;0;1;0;0;0;0;0;0;0;1;0;1;1
"21/03/2017";"08:01:00";"50";"com vítima";"66.4";"BR-392/RS";"Norte";"Abalr. Transversal";0;0;1;1;0;0;0;0;0;0;1;1;0;0;0
"21/03/2017";"09:26:00";"59";"sem vítima";"66.9";"BR-392/RS";"Sul";"Abalr. Transversal";2;0;0;0;0;0;0;0;0;0;2;0;0;0;0
"21/03/2017";"10:00:00";"67";"com vítima";"26";"BR-392/RS";"Norte";"Colisão com Objeto Fixo";1;0;0;0;0;0;0;0;0;0;0;0;1;0;0
"21/03/2017";"05:53:00";"156";"com vítima";"516.6";"BR-116/RS";"Norte";"Abalr. Transversal";1;0;0;1;0;0;0;0;0;0;1;0;1;0;0
"22/03/2017";"12:29:00";"2";"sem vítima";"27.5";"BR-392/RS";"Sul";"Colisão Traseira";0;0;2;0;0;0;0;0;0;0;2;0;0;0;0
"22/03/2017";"07:42:00";"131";"com vítima";"491";"BR-116/RS";"Norte";"Abalr. Transversal";1;1;0;0;0;0;0;0;0;0;1;0;1;0;0
"24/03/2017";"12:06:00";"1";"com vítima";"1.2";"BR-392/RS";"Sul";"Abalr. Transversal";1;0;0;1;0;0;0;0;0;0;1;1;0;0;0
"24/03/2017";"10:45:00";"68";"com vítima";"120.7";"BR-392/RS";"Norte";"Saída de Pista";0;0;1;0;0;0;0;0;0;0;0;0;1;0;0
"24/03/2017";"07:27:00";"140";"com vítima";"123.3";"BR-392/RS";"Sul";"Abalr. Transversal";1;0;0;1;0;0;0;0;0;0;2;3;2;0;0
"24/03/2017";"10:25:00";"156";"sem vítima";"21.1";"BR-392/RS";"Norte";"Outros tipos de acidente";1;0;1;0;0;0;0;0;0;0;2;0;0;0;0
"25/03/2017";"08:30:00";"41";"sem vítima";"1";"BR-392/RS";"Norte";"Abalr. Mesmo Sentido";2;0;0;0;0;0;0;0;0;0;4;0;0;0;0
"25/03/2017";"01:00:00";"76";"com vítima";"184.9";"BR-392/RS";"Norte";"Saída de Pista";0;0;1;0;0;0;0;0;0;0;0;0;1;0;0
"26/03/2017";"01:31:00";"12";"com vítima";"84.1";"BR-392/RS";"Sul";"Saída de Pista";1;0;0;0;0;0;0;0;0;0;0;1;1;0;0
"27/03/2017";"05:51:00";"112";"com vítima";"52.3";"BR-392/RS";"Sul";"Abalr. Transversal";0;0;1;1;0;0;0;0;0;0;1;1;0;0;0
"28/03/2017";"11:39:00";"77";"sem vítima";"530.2";"BR-116/RS";"Sul";"Abalr. Transversal";1;0;1;0;0;0;0;0;0;0;5;0;0;0;0
"28/03/2017";"06:32:00";"115";"sem vítima";"519.4";"BR-116/RS";"Sul";"Saída de Pista";1;0;0;0;0;0;0;0;0;0;2;0;0;0;0
"28/03/2017";"07:46:00";"122";"sem vítima";"526.3";"BR-116/RS";"Sul";"Abalr. Transversal";1;0;1;0;0;0;0;0;0;0;3;0;0;0;0
"29/03/2017";"03:40:00";"140";"com vítima";"520.8";"BR-116/RS";"Norte";"Abalr. Transversal";2;0;0;0;0;0;0;0;0;0;3;0;1;0;0
"30/03/2017";"09:00:00";"47";"com vítima";"17.9";"BR-392/RS";"Sul";"Atropelamento de Animal";0;0;0;1;0;0;0;0;0;0;0;0;1;0;0
"30/03/2017";"06:18:00";"148";"sem vítima";"59.6";"BR-392/RS";"Norte";"Colisão Traseira";0;0;2;0;0;0;0;0;0;0;2;0;0;0;0
"01/04/2017";"08:56:00";"55";"com vítima";"400.8";"BR-116/RS";"Norte";"Tombamento";0;0;0;1;0;0;0;0;0;0;1;0;1;0;0
"01/04/2017";"10:28:00";"145";"com vítima";"522.4";"BR-116/RS";"Norte";"Tombamento";0;0;0;1;0;0;0;0;0;0;0;1;0;0;0
"02/04/2017";"05:49:00";"132";"com vítima";"193.7";"BR-392/RS";"Norte";"Colisão Frontal";2;0;0;0;0;0;0;0;0;0;4;0;1;2;1
"03/04/2017";"07:32:00";"27";"com vítima";"66.9";"BR-392/RS";"Sul";"Abalr. Transversal";1;0;0;1;0;0;0;0;0;0;1;0;1;0;0
"04/04/2017";"12:08:00";"113";"com vítima";"25";"BR-392/RS";"Norte";"Outros tipos de acidente";0;1;1;0;0;0;0;0;0;0;1;0;1;0;0
"04/04/2017";"11:46:00";"188";"sem vítima";"25.4";"BR-392/RS";"Sul";"Tombamento";0;0;1;0;0;0;0;0;0;0;1;0;0;0;0
"06/04/2017";"08:49:00";"50";"sem vítima";"37.3";"BR-392/RS";"Norte";"Abalr. Transversal";1;0;1;0;0;0;0;0;0;0;2;0;0;0;0
"06/04/2017";"09:54:00";"59";"com vítima";"74.4";"BR-392/RS";"Sul";"Abalr. Transversal";1;0;0;1;0;0;0;0;0;0;1;1;1;0;0
"06/04/2017";"04:56:00";"110";"com vítima";"488.6";"BR-116/RS";"Sul";"Abalr. Transversal";1;0;1;0;0;0;0;0;0;0;2;0;1;0;0
"07/04/2017";"06:35:00";"163";"sem vítima";"42.5";"BR-392/RS";"Sul";"Saída de Pista";0;0;1;0;0;0;0;0;0;0;1;0;0;0;0
"07/04/2017";"07:36:00";"172";"com vítima";"4.8";"BR-392/RS";"Sul";"Abalr. Transversal";1;0;0;1;0;0;0;0;0;0;1;1;0;0;0
"09/04/2017";"03:52:00";"126";"sem vítima";"406";"BR-116/RS";"Norte";"Saída de Pista";1;0;0;0;0;0;0;0;0;0;4;0;0;0;0
"09/04/2017";"04:08:00";"127";"sem vítima";"2.3";"BR-392/RS";"Norte";"Saída de Pista";1;0;0;0;0;0;0;0;0;0;1;0;0;0;0
"09/04/2017";"06:03:00";"140";"com vítima";"46.6";"BR-392/RS";"Norte";"Tombamento";0;0;0;1;0;0;0;0;0;0;0;0;0;1;0
"10/04/2017";"06:45:00";"27";"sem vítima";"10.1";"BR-392/RS";"Sul";"Abalr. Mesmo Sentido";1;0;1;0;0;0;0;0;0;0;2;0;0;0;0
"10/04/2017";"06:50:00";"28";"sem vítima";"41.7";"BR-392/RS";"Norte";"Colisão com Objeto Fixo";0;0;1;0;0;0;0;0;0;0;1;0;0;0;0
"10/04/2017";"11:30:00";"59";"com vítima";"21.6";"BR-392/RS";"Norte";"Colisão Frontal";1;0;1;0;0;0;0;0;0;0;1;0;0;2;0
"10/04/2017";"05:24:00";"94";"com vítima";"624.7";"BR-116/RS";"Norte";"Saída de Pista";1;0;0;0;0;0;0;0;0;0;0;1;1;0;0
"10/04/2017";"10:39:00";"159";"com vítima";"199";"BR-392/RS";"Sul";"Colisão Frontal";1;0;1;0;0;0;0;0;0;0;3;2;0;0;0
"11/04/2017";"06:48:00";"169";"com vítima";"537.4";"BR-116/RS";"Norte";"Abalr. Transversal";0;0;0;2;0;0;0;0;0;0;1;0;1;0;0
"11/04/2017";"07:19:00";"174";"com vítima";"407";"BR-116/RS";"Norte";"Abalr. Mesmo Sentido";0;0;2;0;0;0;0;0;0;0;1;0;1;0;0
"12/04/2017";"10:51:00";"57";"com vítima";"572.9";"BR-116/RS";"Sul";"Colisão Traseira";0;0;0;2;0;0;0;0;0;0;0;1;0;1;0
"12/04/2017";"09:27:00";"145";"sem vítima";"407.9";"BR-116/RS";"Sul";"Abalr. Sentido Oposto";1;0;1;0;0;0;0;0;0;0;2;0;0;0;0
"13/04/2017";"05:05:00";"17";"com vítima";"82.8";"BR-392/RS";"Norte";"Atropelamento";0;0;1;0;0;0;0;0;0;0;0;1;0;0;0
"13/04/2017";"05:55:00";"18";"com vítima";"470.1";"BR-116/RS";"Norte";"Colisão Frontal";1;0;1;0;0;0;0;0;0;0;2;0;1;0;0
"13/04/2017";"04:34:00";"135";"sem vítima";"78.5";"BR-392/RS";"Norte";"Colisão Traseira";2;0;0;0;0;0;0;0;0;0;3;0;0;0;0
"15/04/2017";"02:44:00";"100";"sem vítima";"72.3";"BR-392/RS";"Sul";"Colisão Traseira";2;0;0;0;0;0;0;0;0;0;5;0;0;0;0
"16/04/2017";"06:05:00";"98";"com vítima";"449.7";"BR-116/RS";"Norte";"Abalr. Mesmo Sentido";1;0;0;1;0;0;0;0;0;0;4;0;1;1;0
"17/04/2017";"12:58:00";"71";"sem vítima";"74.3";"BR-392/RS";"Sul";"Colisão Traseira";2;0;0;0;0;0;0;0;0;0;4;0;0;0;0
"17/04/2017";"06:37:00";"95";"sem vítima";"498.2";"BR-116/RS";"Sul";"Colisão Traseira";0;0;2;0;0;0;0;0;0;0;2;0;0;0;0
"18/04/2017";"05:49:00";"15";"com vítima";"150";"BR-392/RS";"Norte";"Tombamento";0;0;1;0;0;0;0;0;0;0;0;1;0;0;0
"19/04/2017";"03:28:00";"13";"sem vítima";"425.1";"BR-116/RS";"Norte";"Atropelamento de Animal";0;0;1;0;0;0;0;0;0;0;3;0;0;0;0
"19/04/2017";"09:40:00";"168";"com vítima";"78";"BR-392/RS";"Norte";"Tombamento";0;0;1;0;0;0;0;0;0;0;0;1;0;0;0
"20/04/2017";"11:26:00";"61";"sem vítima";"48.9";"BR-392/RS";"Norte";"Saída de Pista";0;0;1;0;0;0;0;0;0;0;1;0;0;0;0
"21/04/2017";"11:25:00";"48";"com vítima";"567.9";"BR-116/RS";"Sul";"Saída de Pista";1;0;0;0;0;0;0;0;0;0;0;0;1;1;0
"21/04/2017";"12:56:00";"56";"sem vítima";"36.4";"BR-392/RS";"Sul";"Saída de Pista";1;0;0;0;0;0;0;0;0;0;1;0;0;0;0
"21/04/2017";"06:34:00";"99";"com vítima";"426.9";"BR-116/RS";"Norte";"Abalr. Transversal";1;0;0;1;0;0;0;0;0;0;1;0;0;1;0
"23/04/2017";"04:37:00";"20";"sem vítima";"544.5";"BR-116/RS";"Sul";"Atropelamento de Animal";1;0;0;0;0;0;0;0;0;0;1;0;0;0;0
"23/04/2017";"02:22:00";"116";"com vítima";"145.3";"BR-392/RS";"Sul";"Saída de Pista";1;0;0;0;0;0;0;0;0;0;0;1;0;0;0
"24/04/2017";"06:13:00";"17";"com vítima";"6.8";"BR-392/RS";"Sul";"Colisão com Objeto Fixo";0;0;1;0;0;0;0;0;0;0;0;0;1;0;0
"24/04/2017";"05:19:00";"125";"com vítima";"456";"BR-116/RS";"Norte";"Tombamento";0;0;0;1;0;0;0;0;0;0;0;1;0;0;0
"25/04/2017";"12:48:00";"8";"com vítima";"6.9";"BR-392/RS";"Sul";"Colisão com Objeto Fixo";0;0;1;0;0;0;0;0;0;0;0;1;0;0;0
"25/04/2017";"08:54:00";"161";"com vítima";"530.4";"BR-116/RS";"Norte";"Saída de Pista";0;0;1;0;0;0;0;0;0;0;0;1;0;0;0
"26/04/2017";"12:55:00";"11";"sem vítima";"617.9";"BR-116/RS";"Sul";"Outros tipos de acidente";0;0;1;0;0;0;0;0;0;0;1;0;0;0;0
"26/04/2017";"07:44:00";"37";"com vítima";"520.9";"BR-116/RS";"Norte";"Abalr. Transversal";1;0;0;1;0;0;0;0;0;0;1;1;0;0;0
"26/04/2017";"02:17:00";"126";"com vítima";"620.7";"BR-116/RS";"Norte";"Saída de Pista";0;0;1;0;0;0;0;0;0;0;0;0;1;1;1
"26/04/2017";"05:35:00";"147";"com vítima";"605";"BR-116/RS";"Norte";"Abalr. Transversal";1;0;1;0;0;0;0;0;0;0;2;0;1;0;0
"29/04/2017";"04:40:00";"104";"com vítima";"116.4";"BR-392/RS";"Norte";"Saída de Pista";0;0;0;1;0;0;0;0;0;0;0;0;1;0;0
"29/04/2017";"06:33:00";"117";"com vítima";"480";"BR-116/RS";"Sul";"Colisão Frontal";1;0;0;1;0;0;0;0;0;0;2;0;0;1;0
"29/04/2017";"06:45:00";"118";"com vítima";"480";"BR-116/RS";"Sul";"Colisão Traseira";2;0;0;0;0;0;0;0;0;0;4;1;0;0;0
"01/05/2017";"06:55:00";"26";"com vítima";"0.1";"BR-392/RS";"Sul";"Saída de Pista";1;0;0;0;0;0;0;0;0;0;0;0;1;0;0
"01/05/2017";"11:00:00";"130";"com vítima";"61.5";"BR-392/RS";"Norte";"Tombamento";0;0;0;1;0;0;0;0;0;0;0;0;0;1;0
"02/05/2017";"04:28:00";"116";"com vítima";"94.8";"BR-392/RS";"Sul";"Abalr. Transversal";2;0;0;0;0;0;0;0;0;0;2;1;0;0;0
"03/05/2017";"02:23:00";"114";"com vítima";"152";"BR-392/RS";"Norte";"Saída de Pista";0;0;2;0;0;0;0;0;0;0;1;1;0;0;0
"03/05/2017";"08:37:00";"135";"com vítima";"530";"BR-116/RS";"Norte";"Atropelamento de Animal";0;0;0;1;0;0;0;0;0;0;0;1;0;0;0
"03/05/2017";"11:24:00";"141";"sem vítima";"71.8";"BR-392/RS";"Sul";"Saída de Pista";0;0;1;0;0;0;0;0;0;0;2;0;0;0;0
"04/05/2017";"10:39:00";"170";"com vítima";"523.5";"BR-116/RS";"Norte";"Tombamento";0;0;1;0;0;0;0;0;0;0;0;0;0;1;0
"05/05/2017";"09:03:00";"201";"com vítima";"193.9";"BR-392/RS";"Norte";"Colisão Frontal";0;0;2;0;0;0;0;0;0;0;0;0;1;0;1
"06/05/2017";"07:41:00";"112";"com vítima";"4.8";"BR-392/RS";"Sul";"Saída de Pista";1;0;0;0;0;0;0;0;0;0;0;0;1;0;0
"07/05/2017";"01:59:00";"12";"com vítima";"105.4";"BR-392/RS";"Sul";"Saída de Pista";0;0;1;0;0;0;0;0;0;0;0;0;0;1;0
"07/05/2017";"07:47:00";"26";"com vítima";"118.6";"BR-392/RS";"Norte";"Tombamento";0;0;0;1;0;0;0;0;0;0;0;0;1;0;0
"07/05/2017";"05:55:00";"82";"com vítima";"403.7";"BR-116/RS";"Norte";"Saída de Pista";1;0;0;0;0;0;0;0;0;0;0;1;1;0;0
"08/05/2017";"10:24:00";"94";"com vítima";"9.6";"BR-392/RS";"Sul";"Colisão Traseira";2;0;1;0;0;0;0;0;0;0;2;0;1;0;0
"10/05/2017";"04:59:00";"142";"com vítima";"523.8";"BR-116/RS";"Norte";"Colisão Traseira";2;0;0;1;0;0;0;0;0;0;3;0;1;0;0
"11/05/2017";"07:07:00";"23";"com vítima";"23.5";"BR-392/RS";"Sul";"Abalr. Transversal";1;0;0;1;0;0;0;0;0;0;3;0;0;2;0
"13/05/2017";"04:06:00";"132";"com vítima";"6.4";"BR-392/RS";"Sul";"Abalr. Transversal";2;0;0;0;0;0;0;0;0;0;0;2;0;0;0
"14/05/2017";"09:38:00";"42";"sem vítima";"12.6";"BR-392/RS";"Norte";"Saída de Pista";2;0;0;0;0;0;0;0;0;0;2;0;0;0;0
"14/05/2017";"10:07:00";"46";"sem vítima";"42";"BR-392/RS";"Sul";"Saída de Pista";0;0;1;0;0;0;0;0;0;0;1;0;0;0;0
"14/05/2017";"01:39:00";"89";"com vítima";"76.4";"BR-392/RS";"Norte";"Abalr. Transversal";1;0;0;1;0;0;0;0;0;0;2;2;0;0;0
"14/05/2017";"06:38:00";"120";"com vítima";"636";"BR-116/RS";"Sul";"Colisão Traseira";1;0;0;0;0;0;1;0;0;0;2;0;1;1;0
"15/05/2017";"07:55:00";"163";"sem vítima";"66.9";"BR-392/RS";"Sul";"Abalr. Transversal";2;0;0;0;0;0;0;0;0;0;4;0;0;0;0
"16/05/2017";"02:51:00";"136";"sem vítima";"120.8";"BR-392/RS";"Norte";"Abalr. Transversal";1;0;1;0;0;0;0;0;0;0;4;0;0;0;0
"17/05/2017";"08:34:00";"155";"com vítima";"26.6";"BR-392/RS";"Norte";"Abalr. Transversal";0;1;0;1;0;0;0;0;0;0;0;0;1;1;0
"19/05/2017";"10:59:00";"141";"sem vítima";"99.6";"BR-392/RS";"Norte";"Colisão com Objeto Fixo";1;0;0;0;0;0;0;0;0;0;5;0;0;0;0
"20/05/2017";"01:09:00";"10";"sem vítima";"108.6";"BR-392/RS";"Norte";"Saída de Pista";1;0;0;0;0;0;0;0;0;0;3;0;0;0;0
"20/05/2017";"06:04:00";"18";"sem vítima";"526.5";"BR-116/RS";"Sul";"Saída de Pista";1;0;0;0;0;0;0;0;0;0;1;0;0;0;0
"20/05/2017";"04:43:00";"103";"com vítima";"22.8";"BR-392/RS";"Norte";"Atropelamento";0;0;1;0;0;0;0;0;0;0;1;0;0;0;1
"20/05/2017";"05:17:00";"106";"sem vítima";"555.8";"BR-116/RS";"Norte";"Saída de Pista";1;0;0;0;0;0;0;0;0;0;2;0;0;0;0
"20/05/2017";"09:24:00";"130";"sem vítima";"452.9";"BR-116/RS";"Norte";"Saída de Pista";1;0;0;0;0;0;0;0;0;0;1;0;0;0;0
"20/05/2017";"09:34:00";"141";"com vítima";"510.7";"BR-116/RS";"Norte";"Tombamento";0;0;0;1;0;0;0;0;0;0;0;1;0;0;0
"21/05/2017";"07:22:00";"127";"com vítima";"563.4";"BR-116/RS";"Sul";"Abalr. Transversal";2;0;1;0;0;0;0;0;0;0;4;1;1;0;1
"23/05/2017";"01:33:00";"104";"sem vítima";"17.9";"BR-392/RS";"Sul";"Abalr. Mesmo Sentido";1;0;1;0;0;0;0;0;0;0;3;0;0;0;0
"23/05/2017";"11:28:00";"161";"com vítima";"83.1";"BR-392/RS";"Sul";"Outros tipos de acidente";0;0;0;1;0;0;0;0;0;0;0;0;2;0;0
"25/05/2017";"10:26:00";"77";"sem vítima";"624.9";"BR-116/RS";"Norte";"Saída de Pista";1;0;0;0;0;0;0;0;0;0;2;0;0;0;0
"26/05/2017";"03:54:00";"106";"com vítima";"461.3";"BR-116/RS";"Sul";"Saída de Pista";1;0;0;0;0;0;0;0;0;0;0;1;0;0;0
"26/05/2017";"11:16:00";"149";"sem vítima";"196.3";"BR-392/RS";"Norte";"Abalr. Sentido Oposto";1;0;1;0;0;0;0;0;0;0;2;0;0;0;0
"27/05/2017";"07:33:00";"95";"sem vítima";"419.9";"BR-116/RS";"Sul";"Saída de Pista";1;0;0;0;0;0;0;0;0;0;2;0;0;0;0
"27/05/2017";"08:19:00";"99";"com vítima";"523";"BR-116/RS";"Norte";"Colisão Traseira";1;0;1;0;0;0;0;0;0;0;2;1;0;0;0
"28/05/2017";"12:10:00";"87";"sem vítima";"521";"BR-116/RS";"Sul";"Abalr. Transversal";2;0;0;0;0;0;0;0;0;0;6;0;0;0;0
"29/05/2017";"03:57:00";"142";"sem vítima";"66.9";"BR-392/RS";"Sul";"Abalr. Transversal";2;0;0;0;0;0;0;0;0;0;4;0;0;0;0
"29/05/2017";"06:26:00";"159";"sem vítima";"557.5";"BR-116/RS";"Norte";"Saída de Pista";1;0;0;0;0;0;0;0;0;0;1;0;0;0;0
"30/05/2017";"06:06:00";"118";"com vítima";"52.2";"BR-392/RS";"Norte";"Colisão Traseira";0;0;2;0;0;0;0;0;0;0;1;0;1;0;0
"30/05/2017";"06:27:00";"119";"com vítima";"526.6";"BR-116/RS";"Norte";"Colisão Traseira";0;1;0;1;0;0;0;0;0;0;0;0;1;1;0
"02/06/2017";"02:41:00";"125";"com vítima";"33.4";"BR-392/RS";"Norte";"Colisão Traseira";2;0;0;0;0;0;0;0;0;0;2;4;0;0;0
"02/06/2017";"09:03:00";"154";"com vítima";"54.2";"BR-392/RS";"Norte";"Saída de Pista";1;0;0;0;0;0;0;0;0;0;0;1;0;0;0
"05/06/2017";"01:04:00";"106";"com vítima";"73.6";"BR-392/RS";"Sul";"Colisão Traseira";2;0;2;0;0;0;0;0;0;0;6;1;0;0;0
"05/06/2017";"04:10:00";"125";"com vítima";"62";"BR-392/RS";"Norte";"Abalr. Transversal";0;0;1;1;0;0;0;0;0;0;1;0;0;1;0
"06/06/2017";"09:45:00";"52";"com vítima";"66.9";"BR-392/RS";"Sul";"Abalr. Transversal";1;0;1;0;0;0;0;0;0;0;1;1;0;1;0
"06/06/2017";"08:37:00";"157";"com vítima";"7.3";"BR-392/RS";"Norte";"Colisão Frontal";1;0;1;0;0;0;0;0;0;0;0;1;0;0;1
"07/06/2017";"05:38:00";"150";"com vítima";"510.8";"BR-116/RS";"Sul";"Abalr. Transversal";2;0;0;0;0;0;0;0;0;0;3;1;0;0;0
"07/06/2017";"06:22:00";"156";"com vítima";"72.7";"BR-392/RS";"Sul";"Colisão Traseira";2;0;0;0;0;0;0;0;0;0;2;3;1;0;0
"08/06/2017";"12:09:00";"110";"sem vítima";"60";"BR-392/RS";"Sul";"Colisão Traseira";0;0;2;0;0;0;0;0;0;0;2;0;0;0;0
"08/06/2017";"12:52:00";"114";"sem vítima";"59";"BR-392/RS";"Norte";"Colisão Traseira";0;0;2;0;0;0;0;0;0;0;2;0;0;0;0
"08/06/2017";"01:17:00";"115";"sem vítima";"57.9";"BR-392/RS";"Norte";"Colisão Traseira";1;0;2;0;0;0;0;0;0;0;3;0;0;0;0
"10/06/2017";"07:08:00";"151";"com vítima";"656.8";"BR-116/RS";"Sul";"Colisão Traseira";1;0;0;1;0;0;0;0;0;0;1;0;0;1;0
"11/06/2017";"06:25:00";"141";"com vítima";"53.6";"BR-392/RS";"Norte";"Colisão Traseira";2;0;0;0;0;0;1;0;0;0;5;0;0;0;2
"11/06/2017";"06:46:00";"143";"sem vítima";"622.5";"BR-116/RS";"Norte";"Atropelamento de Animal";1;0;0;0;0;0;0;0;0;0;3;0;0;0;0
"11/06/2017";"11:24:00";"163";"sem vítima";"570.5";"BR-116/RS";"Norte";"Atropelamento de Animal";1;0;0;0;0;0;0;0;0;0;3;0;0;0;0
"12/06/2017";"07:02:00";"35";"com vítima";"517";"BR-116/RS";"Norte";"Abalr. Transversal";1;0;0;1;0;0;0;0;0;0;1;1;0;0;0
"12/06/2017";"08:16:00";"167";"com vítima";"528.5";"BR-116/RS";"Sul";"Atropelamento";1;1;0;0;0;0;0;0;0;0;1;0;1;0;0
"13/06/2017";"04:48:00";"18";"com vítima";"4.9";"BR-392/RS";"Norte";"Colisão Frontal";0;0;2;0;0;0;0;0;0;0;0;1;1;0;0
"13/06/2017";"07:35:00";"158";"com vítima";"566.7";"BR-116/RS";"Norte";"Atropelamento de Animal";1;0;0;0;0;0;0;0;0;0;3;0;1;0;0
"14/06/2017";"11:39:00";"123";"sem vítima";"510";"BR-116/RS";"Norte";"Colisão com Objeto Fixo";0;0;1;0;0;0;0;0;0;0;2;0;0;0;0
"15/06/2017";"01:46:00";"11";"sem vítima";"1.7";"BR-392/RS";"Sul";"Abalr. Sentido Oposto";0;0;1;0;1;0;0;0;0;0;2;0;0;0;0
"15/06/2017";"10:37:00";"55";"com vítima";"77";"BR-392/RS";"Sul";"Colisão Frontal";1;0;1;0;0;0;0;0;0;0;0;3;1;0;0
"15/06/2017";"01:40:00";"74";"com vítima";"520.4";"BR-116/RS";"Sul";"Colisão Traseira";1;0;0;1;0;0;0;0;0;0;1;0;1;0;0
"15/06/2017";"08:02:00";"117";"com vítima";"5.3";"BR-392/RS";"Norte";"Saída de Pista";1;0;0;0;0;0;0;0;0;0;0;1;0;0;0
"16/06/2017";"12:31:00";"80";"com vítima";"72.5";"BR-392/RS";"Norte";"Abalr. Transversal";1;0;0;1;0;0;0;0;0;0;2;0;1;0;0
"16/06/2017";"02:34:00";"94";"com vítima";"529.5";"BR-116/RS";"Norte";"Abalr. Mesmo Sentido";0;0;1;1;0;0;0;0;0;0;1;0;0;0;1
"17/06/2017";"03:06:00";"116";"sem vítima";"25.4";"BR-392/RS";"Norte";"Saída de Pista";0;0;1;0;0;0;0;0;0;0;1;0;0;0;0
"18/06/2017";"07:15:00";"24";"com vítima";"606.3";"BR-116/RS";"Sul";"Abalr. Transversal";1;0;1;0;0;0;0;0;0;0;2;0;1;0;0
"18/06/2017";"09:14:00";"45";"com vítima";"30.8";"BR-392/RS";"Norte";"Saída de Pista";1;0;0;0;0;0;0;0;0;0;0;0;1;0;0
"20/06/2017";"01:10:00";"115";"com vítima";"526.2";"BR-116/RS";"Sul";"Colisão Traseira";0;0;2;0;0;0;0;0;0;0;1;1;0;0;0
"20/06/2017";"07:16:00";"150";"com vítima";"140.5";"BR-392/RS";"Norte";"Colisão Traseira";0;0;2;0;0;0;0;0;0;0;1;0;1;0;0
"20/06/2017";"07:27:00";"151";"com vítima";"530.1";"BR-116/RS";"Norte";"Abalr. Transversal";2;0;0;0;0;0;0;0;0;0;1;1;0;0;0
"23/06/2017";"12:13:00";"88";"com vítima";"521";"BR-116/RS";"Norte";"Abalr. Transversal";1;0;0;1;0;0;0;0;0;0;1;1;0;0;0