data;horario;n_da_ocorrencia;tipo_de_ocorrencia;km;trecho;sentido;tipo_de_acidente;automovel;bicicleta;caminhao;moto;onibus;outros;tracao_animal;transporte_de_cargas_especiais;trator_maquinas;utilitarios;ilesos;levemente_feridos;moderadamente_feridos;gravemente_feridos;mortos
"23/06/2017";"05:20:00";"125";"sem vítima";"60";"BR-392/RS";"Sul";"Colisão Traseira";2;0;0;0;0;0;0;0;0;0;2;0;0;0;0
"23/06/2017";"08:16:00";"141";"com vítima";"32.5";"BR-392/RS";"Sul";"Tombamento";0;0;0;1;0;0;0;0;0;0;0;1;0;0;0
"27/06/2017";"02:46:00";"112";"sem vítima";"52.1";"BR-392/RS";"Norte";"Colisão Traseira";0;0;2;0;0;0;0;0;0;0;2;0;0;0;0
"27/06/2017";"02:57:00";"114";"sem vítima";"194.1";"BR-392/RS";"Norte";"Tombamento";0;0;1;0;0;0;0;0;0;0;1;0;0;0;0
"28/06/2017";"06:01:00";"19";"com vítima";"521.7";"BR-116/RS";"Sul";"Colisão com Objeto Fixo";0;0;0;1;0;0;0;0;0;0;0;0;0;1;0
"28/06/2017";"08:02:00";"38";"sem vítima";"6.5";"BR-392/RS";"Norte";"Saída de Pista";1;0;0;0;0;0;0;0;0;0;3;0;0;0;0
"28/06/2017";"01:02:00";"82";"com vítima";"8.5";"BR-392/RS";"Norte";"Atropelamento";2;0;0;0;0;0;0;0;0;0;3;0;0;1;0
"28/06/2017";"06:48:00";"116";"com vítima";"120.9";"BR-392/RS";"Norte";"Abalr. Transversal";1;0;1;0;0;0;0;0;0;0;2;2;0;0;1
"28/06/2017";"10:33:00";"133";"com vítima";"6.5";"BR-392/RS";"Norte";"Atropelamento";1;0;0;0;0;0;0;0;0;0;1;0;0;1;0
"29/06/2017";"08:07:00";"45";"com vítima";"520.9";"BR-116/RS";"Sul";"Abalr. Transversal";1;0;0;1;0;0;0;0;0;0;1;0;1;0;0
"30/06/2017";"07:22:00";"154";"com vítima";"525.8";"BR-116/RS";"Norte";"Colisão com Objeto Fixo";0;0;0;1;0;0;0;0;0;0;0;0;1;0;0
"01/07/2017";"04:37:00";"118";"com vítima";"29.9";"BR-392/RS";"Norte";"Saída de Pista";0;0;0;1;0;0;0;0;0;0;0;1;0;0;0
"01/07/2017";"04:43:00";"119";"com vítima";"66.9";"BR-392/RS";"Norte";"Abalr. Transversal";0;1;1;0;0;0;0;0;0;0;1;0;1;0;0
"01/07/2017";"06:51:00";"134";"com vítima";"52.2";"BR-392/RS";"Sul";"Abalr. Mesmo Sentido";0;0;1;1;0;0;0;0;0;0;1;0;1;0;0
"02/07/2017";"06:37:00";"90";"com vítima";"533.9";"BR-116/RS";"Norte";"Colisão Traseira";1;0;0;0;0;0;1;0;0;0;3;1;0;0;0
"02/07/2017";"09:16:00";"105";"sem vítima";"456";"BR-116/RS";"Norte";"Saída de Pista";1;0;0;0;0;0;0;0;0;0;0;0;0;0;0
"06/07/2017";"08:22:00";"34";"sem vítima";"99.5";"BR-392/RS";"Sul";"Tombamento";0;0;1;0;0;0;0;0;0;0;1;0;0;0;0
"06/07/2017";"06:02:00";"115";"com vítima";"0.6";"BR-392/RS";"Norte";"Abalr. Transversal";0;0;0;1;1;0;0;0;0;0;1;0;1;0;0
"07/07/2017";"09:35:00";"62";"com vítima";"523.5";"BR-116/RS";"Sul";"Abalr. Mesmo Sentido";1;0;1;0;0;0;0;0;0;0;1;1;1;1;0
"07/07/2017";"02:09:00";"93";"com vítima";"653";"BR-116/RS";"Sul";"Abalr. Transversal";2;0;0;0;0;0;0;0;0;0;1;1;0;0;0
"07/07/2017";"04:07:00";"134";"sem vítima";"13";"BR-392/RS";"Sul";"Outros tipos de acidente";1;0;1;0;0;0;0;0;0;0;2;0;0;0;0
"09/07/2017";"05:20:00";"13";"com vítima";"66.9";"BR-392/RS";"Norte";"Colisão Frontal";1;0;1;0;0;0;0;0;0;0;1;0;6;0;0
"10/07/2017";"07:01:00";"23";"com vítima";"519.3";"BR-116/RS";"Sul";"Colisão Traseira";1;0;0;1;0;0;0;0;0;0;1;1;0;0;0
"13/07/2017";"07:20:00";"122";"com vítima";"66.4";"BR-392/RS";"Norte";"Abalr. Transversal";1;0;0;1;0;0;0;0;0;0;1;1;0;0;0
"14/07/2017";"09:24:00";"48";"com vítima";"18.3";"BR-392/RS";"Sul";"Tombamento";0;0;0;1;0;0;0;0;0;0;0;0;1;0;0
"16/07/2017";"08:38:00";"29";"sem vítima";"6";"BR-392/RS";"Sul";"Capotamento";1;0;0;0;0;0;0;0;0;0;1;0;0;0;0
"16/07/2017";"11:34:00";"142";"com vítima";"29.6";"BR-392/RS";"Sul";"Atropelamento de Animal";2;0;0;0;0;0;0;0;0;0;0;0;3;2;0
"17/07/2017";"07:54:00";"29";"com vítima";"610.6";"BR-116/RS";"Sul";"Colisão Traseira";1;0;1;0;0;0;0;0;0;0;2;2;0;0;0
"17/07/2017";"04:03:00";"133";"sem vítima";"7.9";"BR-392/RS";"Norte";"Tombamento";0;0;2;0;0;0;0;0;0;0;2;0;0;0;0
"18/07/2017";"07:55:00";"31";"com vítima";"92.4";"BR-392/RS";"Norte";"Abalr. Sentido Oposto";0;0;2;0;0;0;0;0;0;0;3;1;0;0;0
"20/07/2017";"05:14:00";"101";"sem vítima";"574.9";"BR-116/RS";"Norte";"Colisão Frontal";2;0;0;0;0;0;0;0;0;0;3;0;0;0;0
"23/07/2017";"07:18:00";"116";"com vítima";"498.5";"BR-116/RS";"Sul";"Saída de Pista";1;0;0;0;0;0;0;0;0;0;0;1;0;1;0
"25/07/2017";"06:38:00";"14";"com vítima";"99.5";"BR-392/RS";"Sul";"Tombamento";0;0;1;0;0;0;0;0;0;0;1;1;0;0;0
"26/07/2017";"09:28:00";"59";"com vítima";"76.4";"BR-392/RS";"Sul";"Abalr. Transversal";1;0;1;0;0;0;0;0;0;0;0;1;0;0;1
"28/07/2017";"11:16:00";"67";"com vítima";"17.8";"BR-392/RS";"Norte";"Tombamento";0;0;0;1;0;0;0;0;0;0;0;0;1;0;0
"28/07/2017";"09:32:00";"175";"com vítima";"519.4";"BR-116/RS";"Sul";"Abalr. Transversal";1;0;0;1;0;0;0;0;0;0;1;2;0;0;0
"30/07/2017";"01:56:00";"73";"sem vítima";"118.5";"BR-392/RS";"Sul";"Colisão com Objeto Fixo";0;0;1;0;0;0;0;0;0;0;1;0;0;0;0
"31/07/2017";"11:32:00";"178";"com vítima";"75.5";"BR-392/RS";"Norte";"Capotamento";1;0;0;0;0;0;0;0;0;0;0;0;0;1;0
"02/08/2017";"07:04:00";"15";"com vítima";"42.5";"BR-392/RS";"Sul";"Colisão com Objeto Fixo";1;0;0;0;0;0;0;0;0;0;0;1;0;0;0
"04/08/2017";"03:20:00";"103";"com vítima";"44.7";"BR-392/RS";"Norte";"Saída de Pista";1;0;0;0;0;0;0;0;0;0;0;2;0;0;0
"04/08/2017";"05:53:00";"119";"com vítima";"468.2";"BR-116/RS";"Sul";"Saída de Pista";1;0;0;0;0;0;0;0;0;0;0;2;0;0;0
"06/08/2017";"05:24:00";"11";"com vítima";"43.9";"BR-392/RS";"Sul";"Colisão com Objeto Fixo";1;0;0;0;0;0;0;0;0;0;1;1;0;0;0
"07/08/2017";"06:47:00";"118";"sem vítima";"2.5";"BR-392/RS";"Norte";"Colisão Traseira";2;0;0;0;1;0;0;0;0;0;3;0;0;0;0
"08/08/2017";"07:40:00";"28";"com vítima";"66";"BR-392/RS";"Sul";"Abalr. Transversal";1;0;0;1;0;0;0;0;0;0;1;1;0;0;0
"09/08/2017";"02:30:00";"107";"sem vítima";"13";"BR-392/RS";"Norte";"Saída de Pista";1;0;0;0;0;0;0;0;0;0;1;0;0;0;0
"10/08/2017";"09:36:00";"161";"sem vítima";"58.3";"BR-392/RS";"Sul";"Colisão Traseira";1;0;1;0;0;0;0;0;0;0;3;0;0;0;0
"11/08/2017";"07:03:00";"31";"com vítima";"520.5";"BR-116/RS";"Sul";"Atropelamento de Animal";0;0;0;1;0;0;0;0;0;0;0;0;1;0;0
"11/08/2017";"10:47:00";"150";"sem vítima";"148.1";"BR-392/RS";"Sul";"Saída de Pista";0;0;1;0;0;0;0;0;0;0;1;0;0;0;0
"12/08/2017";"04:26:00";"27";"com vítima";"109.4";"BR-392/RS";"Norte";"Saída de Pista";1;0;0;0;0;0;0;0;0;0;1;1;0;0;0
"12/08/2017";"10:37:00";"74";"com vítima";"172.7";"BR-392/RS";"Norte";"Colisão Frontal";1;0;1;0;0;0;0;0;0;0;0;0;1;4;3
"12/08/2017";"12:10:00";"84";"sem vítima";"170";"BR-392/RS";"Norte";"Saída de Pista";1;0;0;0;0;0;0;0;0;0;1;0;0;0;0
"12/08/2017";"05:28:00";"115";"sem vítima";"411.7";"BR-116/RS";"Norte";"Colisão com Objeto Fixo";1;0;0;0;0;0;0;0;0;0;4;0;0;0;0
"12/08/2017";"06:11:00";"122";"sem vítima";"595.3";"BR-116/RS";"Sul";"Saída de Pista";1;0;0;0;0;0;0;0;0;0;1;0;0;0;0
"14/08/2017";"07:38:00";"32";"com vítima";"529.2";"BR-116/RS";"Norte";"Abalr. Transversal";1;0;0;1;0;0;0;0;0;0;1;1;0;0;0
"14/08/2017";"09:40:00";"178";"sem vítima";"85.5";"BR-392/RS";"Sul";"Saída de Pista";0;0;1;0;0;0;0;0;0;0;1;0;0;0;0
"15/08/2017";"08:16:00";"159";"sem vítima";"552";"BR-116/RS";"Norte";"Saída de Pista";2;0;0;0;0;0;0;0;0;0;3;0;0;0;0
"16/08/2017";"06:28:00";"149";"sem vítima";"123";"BR-392/RS";"Norte";"Saída de Pista";1;0;0;0;0;0;0;0;0;0;1;0;0;0;0
"17/08/2017";"05:24:00";"12";"com vítima";"38.3";"BR-392/RS";"Sul";"Tombamento";0;0;0;1;0;0;0;0;0;0;0;0;1;0;0
"17/08/2017";"08:42:00";"42";"sem vítima";"60.4";"BR-392/RS";"Sul";"Colisão Traseira";1;0;2;0;0;0;0;0;0;0;4;0;0;0;0
"17/08/2017";"07:32:00";"152";"sem vítima";"5.1";"BR-392/RS";"Norte";"Abalr. Transversal";2;0;0;0;0;0;0;0;0;0;2;0;0;0;0
"18/08/2017";"07:34:00";"144";"sem vítima";"521.4";"BR-116/RS";"Sul";"Tombamento";0;0;0;1;0;0;0;0;0;0;2;0;0;0;0
"19/08/2017";"12:50:00";"8";"com vítima";"656.1";"BR-116/RS";"Sul";"Colisão Traseira";1;0;0;1;0;0;0;0;0;0;1;0;0;0;1
"19/08/2017";"02:26:00";"15";"sem vítima";"1.5";"BR-392/RS";"Norte";"Colisão com Objeto Fixo";1;0;0;0;0;0;0;0;0;0;1;0;0;0;0
"19/08/2017";"02:52:00";"100";"sem vítima";"473";"BR-116/RS";"Norte";"Saída de Pista";1;0;0;0;0;0;0;0;0;0;2;0;0;0;0
"21/08/2017";"04:04:00";"131";"com vítima";"46";"BR-392/RS";"Sul";"Saída de Pista";1;0;0;0;0;0;0;0;0;0;0;2;1;0;0
"22/08/2017";"03:46:00";"14";"sem vítima";"152.9";"BR-392/RS";"Norte";"Saída de Pista";0;0;1;0;0;0;0;0;0;0;1;0;0;0;0
"23/08/2017";"01:38:00";"109";"com vítima";"517";"BR-116/RS";"Sul";"Abalr. Transversal";1;0;0;1;0;0;0;0;0;0;3;1;0;0;0
"23/08/2017";"04:47:00";"132";"com vítima";"36.2";"BR-392/RS";"Sul";"Colisão Traseira";1;0;1;0;0;0;0;0;0;0;1;0;2;0;0
"23/08/2017";"08:48:00";"153";"sem vítima";"108.8";"BR-392/RS";"Norte";"Abalr. Transversal";1;0;1;0;0;0;0;0;0;0;3;0;0;0;0
"24/08/2017";"01:28:00";"15";"com vítima";"525.6";"BR-116/RS";"Norte";"Capotamento";1;0;0;0;0;0;0;0;0;0;1;1;0;0;0
"24/08/2017";"07:59:00";"37";"com vítima";"520";"BR-116/RS";"Sul";"Abalr. Transversal";0;0;1;1;0;0;0;0;0;0;1;0;1;0;0
"24/08/2017";"03:59:00";"134";"com vítima";"455.7";"BR-116/RS";"Sul";"Colisão Frontal";3;0;0;0;0;0;0;0;0;0;2;3;0;0;1
"25/08/2017";"12:54:00";"105";"sem vítima";"9.9";"BR-392/RS";"Sul";"Colisão Traseira";1;0;1;0;0;0;0;0;0;0;2;0;0;0;0
"25/08/2017";"11:37:00";"196";"com vítima";"52.9";"BR-392/RS";"Norte";"Colisão Traseira";0;0;2;0;0;0;0;0;0;0;1;0;0;1;0
"26/08/2017";"02:30:00";"72";"com vítima";"523";"BR-116/RS";"Norte";"Tombamento";0;0;0;1;0;0;0;0;0;0;0;0;1;0;0
"27/08/2017";"07:24:00";"20";"com vítima";"35.6";"BR-392/RS";"Norte";"Saída de Pista";1;0;0;0;0;0;0;0;0;0;0;1;0;0;0
"29/08/2017";"07:42:00";"26";"com vítima";"530.1";"BR-116/RS";"Sul";"Abalr. Transversal";2;0;0;0;0;0;0;0;0;0;0;1;1;0;0
"29/08/2017";"05:51:00";"134";"sem vítima";"17.8";"BR-392/RS";"Sul";"Abalr. Transversal";1;0;1;0;0;0;0;0;0;0;2;0;0;0;0
"31/08/2017";"04:58:00";"102";"sem vítima";"474.9";"BR-116/RS";"Sul";"Colisão Traseira";2;0;0;0;0;0;0;0;0;0;2;0;0;0;0
"31/08/2017";"07:47:00";"118";"sem vítima";"520.1";"BR-116/RS";"Norte";"Atropelamento de Animal";0;0;1;0;0;0;0;0;0;0;1;0;0;0;0
"01/09/2017";"10:12:00";"79";"sem vítima";"96.3";"BR-392/RS";"Sul";"Saída de Pista";1;0;0;0;0;0;0;0;0;0;1;0;0;0;0
"02/09/2017";"03:14:00";"91";"sem vítima";"85.5";"BR-392/RS";"Sul";"Saída de Pista";0;0;1;0;0;0;0;0;0;0;1;0;0;0;0
"02/09/2017";"05:03:00";"104";"com vítima";"471";"BR-116/RS";"Sul";"Tombamento";0;0;0;1;0;0;0;0;0;0;0;0;1;0;0
"03/09/2017";"05:47:00";"13";"com vítima";"443.7";"BR-116/RS";"Sul";"Colisão Frontal";1;0;0;0;1;0;0;0;0;0;30;6;4;1;1
"03/09/2017";"09:56:00";"117";"com vítima";"621.1";"BR-116/RS";"Sul";"Saída de Pista";1;0;0;0;0;0;0;0;0;0;0;1;0;0;0
"05/09/2017";"10:24:00";"62";"com vítima";"526.8";"BR-116/RS";"Norte";"Abalr. Transversal";0;0;2;0;0;0;0;0;0;0;1;0;1;0;0
"05/09/2017";"12:38:00";"91";"com vítima";"26.5";"BR-392/RS";"Sul";"Colisão Traseira";2;0;0;0;0;0;0;0;0;0;0;4;0;0;0
"05/09/2017";"06:09:00";"121";"com vítima";"24.5";"BR-392/RS";"Sul";"Atropelamento";1;1;0;0;0;0;0;0;0;0;1;1;0;0;0
"06/09/2017";"07:41:00";"25";"com vítima";"521";"BR-116/RS";"Norte";"Abalr. Transversal";1;0;0;1;0;0;0;0;0;0;2;1;1;0;0
"06/09/2017";"05:22:00";"109";"com vítima";"494.1";"BR-116/RS";"Sul";"Saída de Pista";1;0;0;0;0;0;0;0;0;0;0;1;0;0;0
"07/09/2017";"01:07:00";"67";"com vítima";"504.8";"BR-116/RS";"Sul";"Abalr. Sentido Oposto";2;0;0;1;0;0;0;0;0;0;4;0;1;0;0
"07/09/2017";"04:05:00";"82";"com vítima";"25.9";"BR-392/RS";"Sul";"Abalr. Mesmo Sentido";1;0;0;1;0;0;0;0;0;0;1;0;0;1;0
"08/09/2017";"05:20:00";"14";"sem vítima";"522.2";"BR-116/RS";"Sul";"Colisão com Objeto Fixo";0;0;1;0;0;0;0;0;0;0;1;0;0;0;0
"08/09/2017";"09:59:00";"115";"com vítima";"5";"BR-392/RS";"Norte";"Abalr. Transversal";1;0;0;1;0;0;0;0;0;0;2;0;1;0;0
"09/09/2017";"05:35:00";"115";"sem vítima";"406.7";"BR-116/RS";"Norte";"Saída de Pista";1;0;0;0;0;0;0;0;0;0;1;0;0;0;0
"12/09/2017";"08:05:00";"139";"sem vítima";"623";"BR-116/RS";"Norte";"Atropelamento de Animal";1;0;0;0;0;0;0;0;0;0;1;0;0;0;0
"13/09/2017";"05:56:00";"17";"sem vítima";"449";"BR-116/RS";"Sul";"Saída de Pista";0;0;1;0;0;0;0;0;0;0;1;0;0;0;0
"14/09/2017";"09:12:00";"54";"com vítima";"510.4";"BR-116/RS";"Sul";"Abalr. Transversal";0;0;1;1;0;0;0;0;0;0;2;0;1;0;0
"15/09/2017";"11:21:00";"74";"sem vítima";"60.8";"BR-392/RS";"Sul";"Colisão Traseira";1;0;1;0;0;0;0;0;0;0;4;0;0;0;0
"16/09/2017";"06:20:00";"28";"com vítima";"82.3";"BR-392/RS";"Sul";"Colisão Frontal";2;0;0;0;0;0;0;0;0;0;0;0;1;0;1
"16/09/2017";"07:46:00";"33";"com vítima";"523.1";"BR-116/RS";"Sul";"Colisão com Objeto Fixo";1;0;0;0;0;0;0;0;0;0;0;1;0;0;0
"16/09/2017";"01:43:00";"82";"com vítima";"555.5";"BR-116/RS";"Norte";"Saída de Pista";1;0;0;0;0;0;0;0;0;0;0;1;0;0;0
"16/09/2017";"06:15:00";"113";"com vítima";"428";"BR-116/RS";"Norte";"Abalr. Transversal";2;0;0;0;0;0;0;0;0;0;1;1;1;0;0
"17/09/2017";"03:27:00";"86";"sem vítima";"600.5";"BR-116/RS";"Norte";"Saída de Pista";1;0;0;0;0;0;0;0;0;0;1;0;0;0;0
"17/09/2017";"07:15:00";"111";"com vítima";"107.7";"BR-392/RS";"Sul";"Saída de Pista";1;0;0;0;0;0;0;0;0;0;1;1;0;0;0
"18/09/2017";"08:54:00";"47";"com vítima";"523";"BR-116/RS";"Norte";"Abalr. Transversal";1;0;0;1;0;0;0;0;0;0;2;0;1;0;0
"18/09/2017";"08:59:00";"165";"com vítima";"8.9";"BR-392/RS";"Sul";"Abalr. Mesmo Sentido";1;0;1;0;0;0;0;0;0;0;1;0;1;0;0
"20/09/2017";"08:21:00";"130";"com vítima";"530.1";"BR-116/RS";"Sul";"Abalr. Transversal";1;0;0;1;0;0;0;0;0;0;1;1;0;0;0
"21/09/2017";"10:01:00";"62";"com vítima";"98.6";"BR-392/RS";"Norte";"Saída de Pista";1;0;0;0;0;0;0;0;0;0;0;2;0;0;0
"21/09/2017";"12:48:00";"105";"sem vítima";"516.7";"BR-116/RS";"Sul";"Abalr. Transversal";2;0;0;0;0;0;0;0;0;0;3;0;0;0;0
"23/09/2017";"07:03:00";"98";"com vítima";"112";"BR-392/RS";"Sul";"Atropelamento de Animal";0;0;0;1;0;0;0;0;0;0;0;0;1;0;0
"25/09/2017";"12:31:00";"82";"com vítima";"468";"BR-116/RS";"Norte";"Saída de Pista";1;0;0;0;0;0;0;0;0;0;0;1;0;0;0
"26/09/2017";"01:43:00";"9";"sem vítima";"66.4";"BR-392/RS";"Sul";"Tombamento";0;0;1;0;0;0;0;0;0;0;1;0;0;0;0
"26/09/2017";"07:25:00";"147";"com vítima";"577.2";"BR-116/RS";"Norte";"Colisão Traseira";1;0;1;0;0;0;0;0;0;0;1;0;1;0;0
"27/09/2017";"08:32:00";"37";"com vítima";"5.1";"BR-392/RS";"Norte";"Colisão Traseira";0;0;1;1;0;0;0;0;0;0;1;0;0;1;0
"28/09/2017";"12:16:00";"65";"com vítima";"528.5";"BR-116/RS";"Sul";"Colisão Traseira";1;0;0;1;0;0;0;0;0;0;1;2;0;0;0
"29/09/2017";"04:51:00";"173";"sem vítima";"412";"BR-116/RS";"Sul";"Saída de Pista";1;0;0;0;0;0;0;0;0;0;1;0;0;0;0
"29/09/2017";"06:46:00";"189";"sem vítima";"19.2";"BR-392/RS";"Norte";"Colisão Traseira";2;0;0;0;0;0;0;0;0;0;3;0;0;0;0
"01/10/2017";"06:47:00";"23";"sem vítima";"97.3";"BR-392/RS";"Sul";"Saída de Pista";1;0;0;0;0;0;0;0;0;0;1;0;0;0;0
"01/10/2017";"05:04:00";"86";"sem vítima";"107.7";"BR-392/RS";"Sul";"Saída de Pista";1;0;0;0;0;0;0;0;0;0;2;0;0;0;0
"02/10/2017";"08:51:00";"64";"com vítima";"52.3";"BR-392/RS";"Norte";"Colisão Traseira";2;0;0;0;0;0;0;0;0;0;2;1;0;0;0
"04/10/2017";"03:55:00";"152";"sem vítima";"35.2";"BR-392/RS";"Sul";"Saída de Pista";0;0;1;0;0;0;0;0;0;0;1;0;0;0;0
"05/10/2017";"05:21:00";"15";"com vítima";"144.2";"BR-392/RS";"Norte";"Saída de Pista";1;0;0;0;0;0;0;0;0;0;0;0;1;0;0
"05/10/2017";"11:17:00";"69";"com vítima";"654.9";"BR-116/RS";"Norte";"Abalr. Transversal";0;0;0;2;0;0;0;0;0;0;0;0;0;0;2
"05/10/2017";"01:11:00";"73";"com vítima";"112.7";"BR-392/RS";"Norte";"Tombamento";0;0;1;1;0;0;0;0;0;0;1;0;1;0;0
"07/10/2017";"01:30:00";"12";"com vítima";"113.5";"BR-392/RS";"Norte";"Abalr. Transversal";1;0;0;1;0;0;0;0;0;0;1;0;0;1;0
"07/10/2017";"07:54:00";"111";"com vítima";"581.2";"BR-116/RS";"Norte";"Colisão Traseira";2;0;0;0;0;0;0;0;0;0;1;1;0;0;0
"09/10/2017";"05:33:00";"143";"sem vítima";"118.8";"BR-392/RS";"Sul";"Saída de Pista";0;0;0;0;1;0;0;0;0;0;4;0;0;0;0
"09/10/2017";"11:23:00";"174";"sem vítima";"510.2";"BR-116/RS";"Sul";"Colisão com Objeto Fixo";0;0;1;0;0;0;0;0;0;0;2;0;0;0;0
"10/10/2017";"01:15:00";"7";"com vítima";"133.7";"BR-392/RS";"Sul";"Saída de Pista";0;0;1;0;0;0;0;0;0;0;0;1;0;0;0
"11/10/2017";"04:22:00";"127";"sem vítima";"116";"BR-392/RS";"Norte";"Saída de Pista";1;0;0;0;0;0;0;0;0;0;1;0;0;0;0
"12/10/2017";"01:40:00";"80";"com vítima";"123.3";"BR-392/RS";"Norte";"Abalr. Transversal";2;0;0;0;0;0;0;0;0;0;4;1;1;0;0
"12/10/2017";"04:45:00";"102";"com vítima";"32";"BR-392/RS";"Sul";"Colisão com Objeto Fixo";2;0;0;0;0;0;0;0;0;0;0;3;1;1;0
"12/10/2017";"05:57:00";"111";"com vítima";"404";"BR-116/RS";"Sul";"Saída de Pista";1;0;0;0;0;0;0;0;0;0;2;0;1;0;0
"13/10/2017";"02:21:00";"11";"sem vítima";"6.9";"BR-392/RS";"Sul";"Capotamento";1;0;0;0;0;0;0;0;0;0;1;0;0;0;0
"13/10/2017";"07:13:00";"132";"sem vítima";"42.4";"BR-392/RS";"Norte";"Saída de Pista";0;0;1;0;0;0;0;0;0;0;1;0;0;0;0
"14/10/2017";"04:40:00";"88";"com vítima";"419.7";"BR-116/RS";"Norte";"Colisão Traseira";2;0;0;0;0;0;0;0;0;0;1;0;0;1;0
"14/10/2017";"07:57:00";"110";"com vítima";"525.9";"BR-116/RS";"Sul";"Abalr. Transversal";1;0;0;1;0;0;0;0;0;0;4;2;0;0;0
"15/10/2017";"03:08:00";"127";"sem vítima";"59.1";"BR-392/RS";"Sul";"Colisão com Objeto Fixo";1;0;0;0;0;0;0;0;0;0;2;0;0;0;0
"15/10/2017";"03:43:00";"128";"com vítima";"410.1";"BR-116/RS";"Sul";"Saída de Pista";1;0;0;0;0;0;0;0;0;0;3;0;1;0;0
"15/10/2017";"04:55:00";"139";"com vítima";"32.6";"BR-392/RS";"Sul";"Colisão Traseira";1;0;0;1;0;0;0;0;0;0;1;0;1;0;0
"17/10/2017";"06:16:00";"112";"com vítima";"530.8";"BR-116/RS";"Norte";"Abalr. Transversal";1;0;0;1;0;0;0;0;0;0;1;0;2;0;0
"18/10/2017";"04:23:00";"17";"com vítima";"526.5";"BR-116/RS";"Norte";"Saída de Pista";0;0;0;1;0;0;0;0;0;0;0;0;1;0;0
"19/10/2017";"10:58:00";"185";"com vítima";"119.8";"BR-392/RS";"Sul";"Saída de Pista";1;0;0;0;0;0;0;0;0;0;0;1;0;0;0
"20/10/2017";"01:30:00";"124";"com vítima";"525.9";"BR-116/RS";"Sul";"Abalr. Transversal";0;1;1;0;0;0;0;0;0;0;1;0;0;0;1
"20/10/2017";"05:59:00";"167";"sem vítima";"567.1";"BR-116/RS";"Sul";"Saída de Pista";0;0;1;0;0;0;0;0;0;0;1;0;0;0;0
"22/10/2017";"12:59:00";"56";"com vítima";"530.1";"BR-116/RS";"Norte";"Abalr. Transversal";2;0;0;0;0;0;0;0;0;0;4;1;0;0;0
"23/10/2017";"11:17:00";"96";"com vítima";"193.9";"BR-392/RS";"Sul";"Tombamento";0;0;1;0;0;0;0;0;0;0;0;1;0;0;0
"26/10/2017";"11:03:00";"69";"com vítima";"425.4";"BR-116/RS";"Norte";"Colisão Traseira";1;0;0;1;0;0;0;0;0;0;1;1;0;0;0
"29/10/2017";"07:52:00";"37";"com vítima";"55";"BR-392/RS";"Norte";"Tombamento";0;0;0;1;0;0;0;0;0;0;0;0;0;0;1
"02/11/2017";"04:23:00";"84";"com vítima";"9.7";"BR-392/RS";"Sul";"Saída de Pista";1;0;0;0;0;0;0;0;0;0;0;0;1;0;0
"03/11/2017";"02:10:00";"88";"com vítima";"450.7";"BR-116/RS";"Sul";"Colisão Traseira";2;0;0;0;0;0;0;0;0;0;0;5;0;0;0
"03/11/2017";"11:06:00";"150";"sem vítima";"444.6";"BR-116/RS";"Sul";"Outros tipos de acidente";1;0;0;0;0;0;0;0;0;0;2;0;0;0;0
"05/11/2017";"07:27:00";"101";"com vítima";"38.5";"BR-392/RS";"Sul";"Tombamento";0;0;0;1;0;0;0;0;0;0;1;0;1;0;0
"07/11/2017";"08:06:00";"44";"com vítima";"612.3";"BR-116/RS";"Norte";"Atropelamento";0;1;1;0;0;0;0;0;0;0;2;0;1;0;0
"08/11/2017";"04:45:00";"104";"sem vítima";"467.1";"BR-116/RS";"Norte";"Tombamento";0;0;1;0;0;0;0;0;0;0;1;0;0;0;0
"08/11/2017";"06:14:00";"120";"sem vítima";"456.9";"BR-116/RS";"Sul";"Saída de Pista";1;0;0;0;0;0;0;0;0;0;1;0;0;0;0
"09/11/2017";"12:47:00";"9";"com vítima";"638.7";"BR-116/RS";"Norte";"Saída de Pista";1;0;0;0;0;0;0;0;0;0;0;1;0;0;0
"10/11/2017";"07:26:00";"28";"sem vítima";"51.3";"BR-392/RS";"Sul";"Saída de Pista";0;0;1;0;0;0;0;0;0;0;3;0;0;0;0
"10/11/2017";"09:10:00";"129";"com vítima";"18";"BR-392/RS";"Sul";"Abalr. Transversal";0;0;1;1;0;0;0;0;0;0;1;2;0;0;0
"12/11/2017";"06:01:00";"118";"com vítima";"526.5";"BR-116/RS";"Norte";"Tombamento";0;0;1;0;0;0;0;0;0;0;0;1;0;0;0
"14/11/2017";"06:59:00";"21";"com vítima";"526.5";"BR-116/RS";"Norte";"Abalr. Transversal";1;0;1;0;0;0;0;0;0;0;3;1;0;0;0
"14/11/2017";"07:48:00";"31";"com vítima";"527.6";"BR-116/RS";"Norte";"Colisão Traseira";1;0;0;1;0;0;0;0;0;0;1;0;1;0;0
"14/11/2017";"07:58:00";"32";"com vítima";"524.4";"BR-116/RS";"Sul";"Colisão Traseira";0;0;1;1;0;0;0;0;0;0;1;0;1;0;0
"15/11/2017";"01:45:00";"12";"sem vítima";"28.1";"BR-392/RS";"Sul";"Atropelamento de Animal";1;0;0;0;0;0;0;0;0;0;3;0;0;0;0
"15/11/2017";"07:41:00";"34";"com vítima";"25.4";"BR-392/RS";"Norte";"Colisão Traseira";2;0;0;0;1;0;0;0;0;0;4;0;1;0;0