data;horario;n_da_ocorrencia;tipo_de_ocorrencia;km;trecho;sentido;tipo_de_acidente;automovel;bicicleta;caminhao;moto;onibus;outros;tracao_animal;transporte_de_cargas_especiais;trator_maquinas;utilitarios;ilesos;levemente_feridos;moderadamente_feridos;gravemente_feridos;mortos
"05/09/2019";"10:13:00";"126";"com vítima";"516.9";"BR-116/RS";"Norte";"Abalr. Transversal";0;0;1;1;0;0;0;0;0;0;1;0;0;1;0
"08/09/2019";"05:12:00";"77";"sem vítima";"115.5";"BR-392/RS";"Sul";"Colisão Frontal";2;0;0;0;0;0;0;0;0;0;4;0;0;0;0
"09/09/2019";"12:27:00";"3";"com vítima";"510.5";"BR-116/RS";"Norte";"Abalr. Transversal";2;0;0;0;0;0;0;0;0;0;0;5;2;0;0
"09/09/2019";"11:05:00";"57";"com vítima";"519";"BR-116/RS";"Sul";"Saída de Pista";1;0;0;0;0;0;0;0;0;0;0;0;1;0;0
"13/09/2019";"07:16:00";"19";"com vítima";"4.8";"BR-392/RS";"Sul";"Abalr. Transversal";1;0;0;1;0;0;0;0;0;0;2;0;0;0;1
"13/09/2019";"02:35:00";"78";"com vítima";"481.5";"BR-116/RS";"Sul";"Abalr. Transversal";2;0;0;0;0;0;0;0;0;0;0;0;3;3;0
"13/09/2019";"03:44:00";"85";"com vítima";"513.3";"BR-116/RS";"Norte";"Colisão Frontal";1;0;0;1;0;0;0;0;0;0;2;0;0;1;0
"15/09/2019";"12:48:00";"61";"sem vítima";"526.5";"BR-116/RS";"Norte";"Saída de Pista";1;0;1;0;0;0;0;0;0;0;2;0;0;0;0
"16/09/2019";"09:41:00";"126";"sem vítima";"67";"BR-392/RS";"Norte";"Saída de Pista";0;0;1;0;0;0;0;0;0;0;1;0;0;0;0
"17/09/2019";"07:05:00";"84";"com vítima";"530.1";"BR-116/RS";"Norte";"Abalr. Transversal";0;0;0;2;0;0;0;0;0;0;1;0;1;0;0
"18/09/2019";"07:37:00";"25";"com vítima";"523.5";"BR-116/RS";"Sul";"Tombamento";0;0;0;1;0;0;0;0;0;0;0;0;1;0;0
"18/09/2019";"10:11:00";"126";"sem vítima";"517.8";"BR-116/RS";"Norte";"Saída de Pista";0;0;1;0;0;0;0;0;0;0;1;0;0;0;0
"25/09/2019";"02:25:00";"93";"com vítima";"93";"BR-392/RS";"Norte";"Colisão Frontal";1;0;1;0;0;0;0;0;0;0;1;1;0;0;0
"26/09/2019";"05:30:00";"10";"com vítima";"415.8";"BR-116/RS";"Norte";"Abalr. Transversal";0;0;2;0;0;0;0;0;0;0;1;1;0;2;0
"26/09/2019";"11:40:00";"54";"com vítima";"28.7";"BR-392/RS";"Norte";"Saída de Pista";1;0;0;0;0;0;0;0;0;0;0;0;1;0;0
"27/09/2019";"08:48:00";"122";"com vítima";"18.8";"BR-392/RS";"Norte";"Abalr. Transversal";0;0;1;0;0;0;1;0;0;0;1;0;0;1;1
"28/09/2019";"09:54:00";"61";"com vítima";"72.4";"BR-392/RS";"Norte";"Colisão Frontal";2;0;0;0;0;0;0;0;0;0;0;1;1;1;0
"29/09/2019";"08:44:00";"30";"com vítima";"498.9";"BR-116/RS";"Norte";"Colisão Traseira";1;0;0;1;0;0;0;0;0;0;1;1;1;0;0
"29/09/2019";"12:08:00";"57";"com vítima";"57";"BR-392/RS";"Norte";"Tombamento";0;0;0;1;0;0;0;0;0;0;0;0;1;0;0
"04/10/2019";"07:46:00";"12";"sem vítima";"85.7";"BR-392/RS";"Sul";"Capotamento";1;0;0;0;0;0;0;0;0;0;1;0;0;0;0
"04/10/2019";"09:54:00";"119";"sem vítima";"88";"BR-392/RS";"Norte";"Abalr. Transversal";1;0;1;0;0;0;0;0;0;0;3;0;0;0;0
"05/10/2019";"08:46:00";"108";"com vítima";"530.2";"BR-116/RS";"Sul";"Atropelamento";1;1;0;0;0;0;0;0;0;0;2;0;0;0;1
"07/10/2019";"09:13:00";"38";"sem vítima";"116.9";"BR-392/RS";"Norte";"Saída de Pista";1;0;0;0;0;0;0;0;0;0;1;0;0;0;0
"11/10/2019";"02:27:00";"81";"sem vítima";"521.5";"BR-116/RS";"Sul";"Colisão com Objeto Fixo";1;0;0;0;0;0;0;0;0;0;1;0;0;0;0
"14/10/2019";"03:58:00";"101";"sem vítima";"113";"BR-392/RS";"Sul";"Saída de Pista";1;0;0;0;0;0;0;0;0;0;1;0;0;0;0
"14/10/2019";"07:45:00";"126";"com vítima";"189.5";"BR-392/RS";"Sul";"Colisão Frontal";1;0;1;0;0;0;0;0;0;0;0;1;0;0;1
"15/10/2019";"04:26:00";"7";"com vítima";"493.9";"BR-116/RS";"Sul";"Saída de Pista";1;0;0;0;0;0;0;0;0;0;0;1;0;0;0
"19/10/2019";"11:48:00";"77";"com vítima";"530";"BR-116/RS";"Sul";"Tombamento";0;0;0;1;0;0;0;0;0;0;1;1;0;0;0
"20/10/2019";"08:51:00";"96";"com vítima";"25.5";"BR-392/RS";"Norte";"Atropelamento";1;0;0;0;0;0;0;0;0;0;4;0;1;1;0
"21/10/2019";"12:13:00";"83";"com vítima";"60.9";"BR-392/RS";"Norte";"Colisão com Objeto Fixo";1;0;1;0;0;0;0;0;0;0;1;1;0;0;0
"25/10/2019";"09:08:00";"129";"com vítima";"20.3";"BR-392/RS";"Sul";"Abalr. Transversal";1;0;0;1;0;0;0;0;0;0;2;1;0;0;0
"26/10/2019";"06:52:00";"12";"com vítima";"20";"BR-392/RS";"Sul";"Abalr. Transversal";1;0;1;1;0;0;0;0;0;0;2;1;0;0;0
"27/10/2019";"05:13:00";"11";"com vítima";"119.8";"BR-392/RS";"Sul";"Saída de Pista";1;0;0;0;0;0;0;0;0;0;0;1;0;0;0
"28/10/2019";"09:05:00";"34";"com vítima";"16.5";"BR-392/RS";"Sul";"Colisão com Objeto Fixo";1;0;0;0;0;0;0;0;0;0;0;1;0;0;0
"30/10/2019";"05:51:00";"9";"com vítima";"502";"BR-116/RS";"Sul";"Colisão com Objeto Fixo";1;0;0;0;0;0;0;0;0;0;0;1;0;0;0
"30/10/2019";"08:46:00";"123";"sem vítima";"617.7";"BR-116/RS";"Sul";"Tombamento";0;0;2;0;0;0;0;0;0;0;2;0;0;0;0
"31/10/2019";"03:18:00";"116";"com vítima";"50.7";"BR-392/RS";"Sul";"Tombamento";0;0;0;1;0;0;0;0;0;0;1;1;0;0;0
"01/11/2019";"04:16:00";"91";"com vítima";"63.3";"BR-392/RS";"Norte";"Colisão Frontal";1;0;1;0;0;0;0;0;0;0;0;1;1;0;0
"01/11/2019";"10:02:00";"120";"com vítima";"521.1";"BR-116/RS";"Sul";"Saída de Pista";0;0;0;1;0;0;0;0;0;0;0;0;0;0;1
"04/11/2019";"02:15:00";"81";"com vítima";"475.3";"BR-116/RS";"Sul";"Colisão Frontal";2;0;0;0;0;0;0;0;0;0;2;1;0;0;0
"05/11/2019";"06:15:00";"17";"com vítima";"35.5";"BR-392/RS";"Norte";"Tombamento";0;0;0;1;0;0;0;0;0;0;0;1;0;0;0
"07/11/2019";"08:41:00";"30";"com vítima";"405.7";"BR-116/RS";"Norte";"Saída de Pista";1;0;0;0;0;0;0;0;0;0;0;2;0;0;0
"07/11/2019";"10:58:00";"59";"com vítima";"199.3";"BR-392/RS";"Norte";"Colisão Traseira";0;0;2;0;0;0;0;0;0;0;1;1;0;0;0
"09/11/2019";"04:09:00";"77";"com vítima";"55.2";"BR-392/RS";"Norte";"Colisão Traseira";1;0;0;1;0;0;0;0;0;0;0;2;0;1;0
"10/11/2019";"06:23:00";"87";"com vítima";"82.9";"BR-392/RS";"Sul";"Colisão Traseira";1;0;0;1;0;0;0;0;0;0;1;1;0;0;0
"10/11/2019";"07:21:00";"94";"com vítima";"4.5";"BR-392/RS";"Norte";"Colisão com Veículo Estac.";3;0;0;0;0;0;0;0;0;0;3;0;0;1;0
"10/11/2019";"07:46:00";"99";"sem vítima";"10.2";"BR-392/RS";"Norte";"Saída de Pista";1;0;0;0;0;0;0;0;0;0;1;0;0;0;0
"12/11/2019";"05:33:00";"94";"com vítima";"63";"BR-392/RS";"Norte";"Abalr. Sentido Oposto";1;0;1;0;0;0;0;0;0;0;1;0;1;0;0
"13/11/2019";"04:55:00";"87";"com vítima";"480.6";"BR-116/RS";"Norte";"Colisão Frontal";2;0;0;0;0;0;0;0;0;0;2;0;2;0;0
"14/11/2019";"07:56:00";"86";"com vítima";"47.5";"BR-392/RS";"Norte";"Atropelamento";0;0;1;0;0;0;0;0;0;0;1;0;0;0;1
"16/11/2019";"04:47:00";"77";"sem vítima";"33.3";"BR-392/RS";"Norte";"Saída de Pista";1;0;0;0;0;0;0;0;0;0;3;0;0;0;0
"17/11/2019";"02:42:00";"62";"com vítima";"45.8";"BR-392/RS";"Norte";"Capotamento";1;0;0;0;0;0;0;0;0;0;0;3;0;0;0
"18/11/2019";"08:02:00";"143";"com vítima";"617.6";"BR-116/RS";"Sul";"Colisão Traseira";1;0;0;0;0;1;0;0;0;0;2;0;0;1;0
"19/11/2019";"02:18:00";"3";"sem vítima";"566.7";"BR-116/RS";"Sul";"Atropelamento de Animal";1;0;0;0;0;0;0;0;0;0;2;0;0;0;0
"19/11/2019";"07:17:00";"104";"com vítima";"75.5";"BR-392/RS";"Norte";"Colisão Frontal";1;0;1;0;0;0;0;0;0;0;1;0;0;0;1
"21/11/2019";"12:44:00";"70";"com vítima";"78.8";"BR-392/RS";"Norte";"Abalr. Transversal";2;0;0;0;0;0;0;0;0;0;1;1;1;0;0
"22/11/2019";"09:04:00";"36";"com vítima";"511.8";"BR-116/RS";"Norte";"Colisão Traseira";0;0;0;2;0;0;0;0;0;0;1;1;0;0;0
"23/11/2019";"10:23:00";"95";"com vítima";"18";"BR-392/RS";"Sul";"Colisão Traseira";0;0;0;2;0;0;0;0;0;0;2;1;0;0;0
"25/11/2019";"03:48:00";"70";"com vítima";"19.9";"BR-392/RS";"Norte";"Atropelamento";0;0;1;0;0;0;0;0;0;0;1;0;0;0;1
"26/11/2019";"12:56:00";"77";"com vítima";"101.7";"BR-392/RS";"Norte";"Saída de Pista";0;0;1;0;0;0;0;0;0;0;0;0;1;0;0
"28/11/2019";"08:35:00";"107";"com vítima";"427";"BR-116/RS";"Sul";"Atropelamento";0;0;0;0;1;0;0;0;0;0;1;1;1;0;0
"29/11/2019";"07:52:00";"21";"com vítima";"521";"BR-116/RS";"Sul";"Abalr. Transversal";1;0;0;1;0;0;0;0;0;0;1;2;0;0;0
"29/11/2019";"07:38:00";"111";"com vítima";"525.8";"BR-116/RS";"Norte";"Saída de Pista";1;0;0;0;0;0;0;0;0;0;0;0;1;0;0
"30/11/2019";"12:06:00";"2";"com vítima";"43.5";"BR-392/RS";"Norte";"Colisão Traseira";0;0;2;0;0;0;0;0;0;0;0;2;0;0;0
"01/12/2019";"04:07:00";"16";"com vítima";"11.9";"BR-392/RS";"Sul";"Atropelamento de Animal";0;0;0;1;0;0;0;0;0;0;0;0;0;1;0
"01/12/2019";"10:46:00";"117";"com vítima";"517";"BR-116/RS";"Norte";"Abalr. Transversal";1;0;0;1;0;0;0;0;0;0;1;1;0;0;0
"02/12/2019";"04:56:00";"9";"com vítima";"94.2";"BR-392/RS";"Norte";"Tombamento";0;0;0;1;0;0;0;0;0;0;0;2;0;0;0
"03/12/2019";"03:59:00";"6";"sem vítima";"436";"BR-116/RS";"Norte";"Atropelamento de Animal";1;0;0;0;0;0;0;0;0;0;5;0;0;0;0
"04/12/2019";"10:07:00";"133";"com vítima";"86.2";"BR-392/RS";"Norte";"Saída de Pista";1;0;0;0;0;0;0;0;0;0;0;1;0;0;0
"05/12/2019";"03:39:00";"84";"com vítima";"83.8";"BR-392/RS";"Norte";"Tombamento";0;0;0;1;0;0;0;0;0;0;0;1;0;0;0
"06/12/2019";"12:04:00";"2";"com vítima";"657.6";"BR-116/RS";"Norte";"Abalr. Transversal";1;0;1;0;0;0;0;0;0;0;1;1;0;1;0
"06/12/2019";"11:56:00";"72";"sem vítima";"523.5";"BR-116/RS";"Norte";"Tombamento";0;0;1;0;0;0;0;0;0;0;1;0;0;0;0
"09/12/2019";"08:41:00";"36";"com vítima";"653.5";"BR-116/RS";"Sul";"Abalr. Transversal";1;0;1;0;0;0;0;0;0;0;2;2;0;0;0
"09/12/2019";"02:11:00";"79";"com vítima";"67";"BR-392/RS";"Norte";"Abalr. Transversal";1;0;0;1;0;0;0;0;0;0;1;1;0;0;0
"09/12/2019";"04:22:00";"90";"com vítima";"529";"BR-116/RS";"Sul";"Abalr. Transversal";2;0;0;0;0;0;0;0;0;0;3;0;1;0;0
"10/12/2019";"02:42:00";"86";"com vítima";"424.7";"BR-116/RS";"Sul";"Colisão Frontal";1;0;1;0;0;0;0;0;0;0;1;0;1;0;0
"12/12/2019";"08:37:00";"31";"com vítima";"112.5";"BR-392/RS";"Norte";"Colisão Traseira";0;0;1;1;0;0;0;0;0;0;1;0;0;1;0
"12/12/2019";"06:00:00";"98";"com vítima";"7.1";"BR-392/RS";"Sul";"Abalr. Transversal";0;0;2;0;0;0;0;0;0;0;1;1;0;0;0
"13/12/2019";"06:56:00";"7";"com vítima";"17.9";"BR-392/RS";"Sul";"Abalr. Transversal";1;0;0;1;0;0;0;0;0;0;1;0;0;1;0
"13/12/2019";"02:27:00";"74";"com vítima";"76.2";"BR-392/RS";"Sul";"Abalr. Transversal";1;0;0;1;0;0;0;0;0;0;1;0;1;0;0
"15/12/2019";"01:43:00";"3";"sem vítima";"67";"BR-392/RS";"Norte";"Abalr. Transversal";1;0;1;0;0;0;0;0;0;0;2;0;0;0;0
"15/12/2019";"07:15:00";"10";"com vítima";"458.8";"BR-116/RS";"Norte";"Tombamento";0;0;0;1;0;0;0;0;0;0;0;0;1;0;0
"15/12/2019";"10:46:00";"40";"sem vítima";"73.8";"BR-392/RS";"Norte";"Abalr. Transversal";2;0;0;0;0;0;0;0;0;0;5;0;0;0;0
"16/12/2019";"05:35:00";"6";"sem vítima";"66";"BR-392/RS";"Sul";"Tombamento";0;0;1;0;0;0;0;0;0;0;1;0;0;0;0
"16/12/2019";"08:41:00";"37";"com vítima";"15.9";"BR-392/RS";"Sul";"Colisão com Objeto Fixo";1;0;0;0;0;0;0;0;0;0;0;1;0;0;0
"16/12/2019";"01:57:00";"96";"com vítima";"464.7";"BR-116/RS";"Sul";"Abalr. Transversal";1;0;1;0;0;0;0;0;0;0;2;1;0;0;0
"16/12/2019";"06:08:00";"107";"com vítima";"3.2";"BR-392/RS";"Sul";"Abalr. Transversal";0;0;0;2;0;0;0;0;0;0;0;1;2;0;0
"20/12/2019";"08:13:00";"106";"com vítima";"428";"BR-116/RS";"Norte";"Colisão Traseira";3;0;0;0;0;0;0;0;0;0;5;1;1;0;0
"21/12/2019";"06:16:00";"14";"sem vítima";"6.9";"BR-392/RS";"Sul";"Capotamento";1;0;0;0;0;0;0;0;0;0;2;0;0;0;0
"22/12/2019";"11:29:00";"60";"com vítima";"33.6";"BR-392/RS";"Sul";"Capotamento";1;0;0;0;0;0;0;0;0;0;0;0;1;0;0
"23/12/2019";"11:12:00";"54";"com vítima";"416";"BR-116/RS";"Norte";"Abalr. Mesmo Sentido";1;0;1;0;0;0;0;0;0;0;2;0;1;0;0
"24/12/2019";"03:52:00";"2";"sem vítima";"63";"BR-392/RS";"Norte";"Tombamento";0;0;0;1;0;0;0;0;0;0;1;0;0;0;0
"24/12/2019";"07:11:00";"17";"sem vítima";"1.6";"BR-392/RS";"Sul";"Tombamento";0;0;1;0;0;0;0;0;0;0;1;0;0;0;0
"24/12/2019";"07:21:00";"95";"com vítima";"527.2";"BR-116/RS";"Sul";"Colisão Traseira";2;0;0;1;0;0;0;0;0;0;2;0;2;0;0
"25/12/2019";"08:35:00";"21";"com vítima";"79.5";"BR-392/RS";"Norte";"Saída de Pista";1;0;0;0;0;0;0;0;0;0;0;1;0;0;0
"27/12/2019";"05:23:00";"4";"com vítima";"92";"BR-392/RS";"Sul";"Saída de Pista";1;0;0;0;0;0;0;0;0;0;0;1;0;0;0
"28/12/2019";"06:49:00";"102";"com vítima";"510.6";"BR-116/RS";"Sul";"Abalr. Transversal";1;0;0;1;0;0;0;0;0;0;4;0;2;0;0
"31/12/2019";"07:03:00";"79";"com vítima";"52.3";"BR-392/RS";"Sul";"Abalr. Transversal";1;0;0;1;0;0;0;0;0;0;1;1;0;0;0
"01/01/2020";"07:20:00";"10";"sem vítima";"41.3";"BR-392/RS";"Sul";"Capotamento";1;0;0;0;0;0;0;0;0;0;1;0;0;0;0
"01/01/2020";"12:25:00";"57";"com vítima";"428.1";"BR-116/RS";"Norte";"Colisão Frontal";2;0;0;0;0;0;0;0;0;0;4;1;0;0;0
"02/01/2020";"09:42:00";"40";"com vítima";"87.8";"BR-392/RS";"Sul";"Colisão Traseira";1;0;0;1;0;0;0;0;0;0;1;0;1;0;0
"02/01/2020";"04:25:00";"81";"sem vítima";"115";"BR-392/RS";"Sul";"Colisão com Objeto Fixo";1;0;0;0;0;0;0;0;0;0;1;0;0;0;0
"03/01/2020";"08:11:00";"21";"com vítima";"1.6";"BR-392/RS";"Norte";"Colisão Frontal";1;0;1;0;0;0;0;0;0;0;1;0;0;1;0
"04/01/2020";"03:10:00";"6";"sem vítima";"514.5";"BR-116/RS";"Sul";"Atropelamento de Animal";1;0;0;0;0;0;0;0;0;0;2;0;0;0;0
"04/01/2020";"07:35:00";"13";"com vítima";"102.3";"BR-392/RS";"Norte";"Tombamento";0;0;1;0;0;0;0;0;0;0;1;0;1;0;0
"06/01/2020";"02:11:00";"76";"com vítima";"519";"BR-116/RS";"Norte";"Abalr. Transversal";1;0;0;1;0;0;0;0;0;0;4;1;0;0;0
"07/01/2020";"03:51:00";"96";"com vítima";"94.8";"BR-392/RS";"Sul";"Colisão Frontal";0;0;1;1;0;0;0;0;0;0;1;0;0;1;0
"08/01/2020";"09:18:00";"26";"sem vítima";"67";"BR-392/RS";"Norte";"Abalr. Transversal";2;0;0;0;0;0;0;0;0;0;4;0;0;0;0
"08/01/2020";"10:08:00";"41";"com vítima";"518.6";"BR-116/RS";"Sul";"Colisão com Veículo Estac.";0;1;1;0;0;0;0;0;0;0;1;1;0;0;0
"08/01/2020";"02:25:00";"67";"com vítima";"125";"BR-392/RS";"Norte";"Colisão Traseira";2;0;0;0;0;0;0;0;0;0;5;0;1;0;0
"08/01/2020";"06:21:00";"87";"sem vítima";"521";"BR-116/RS";"Sul";"Abalr. Transversal";2;0;0;0;0;0;0;0;0;0;4;0;0;0;0
"09/01/2020";"10:44:00";"62";"com vítima";"454.4";"BR-116/RS";"Sul";"Tombamento";0;0;0;1;0;0;0;0;0;0;0;1;0;0;0
"09/01/2020";"03:14:00";"92";"com vítima";"136.4";"BR-392/RS";"Norte";"Abalr. Transversal";2;0;0;0;0;0;0;0;0;0;2;0;1;0;0
"11/01/2020";"03:06:00";"4";"com vítima";"529";"BR-116/RS";"Sul";"Colisão Traseira";2;0;0;0;0;0;0;0;0;0;1;0;1;0;0
"11/01/2020";"05:21:00";"9";"sem vítima";"528.8";"BR-116/RS";"Sul";"Colisão Traseira";1;0;0;0;1;0;0;0;0;0;3;0;0;0;0
"11/01/2020";"04:18:00";"66";"sem vítima";"526";"BR-116/RS";"Sul";"Tombamento";0;0;1;0;0;0;0;0;0;0;1;0;0;0;0
"12/01/2020";"05:43:00";"6";"com vítima";"17.5";"BR-392/RS";"Sul";"Tombamento";0;0;0;1;0;0;0;0;0;0;0;1;0;0;0
"12/01/2020";"08:34:00";"22";"com vítima";"18.4";"BR-392/RS";"Norte";"Colisão Traseira";2;0;0;0;0;0;0;0;0;0;6;2;0;0;0
"12/01/2020";"09:46:00";"110";"com vítima";"52.1";"BR-392/RS";"Norte";"Atropelamento";0;0;0;0;1;0;0;0;0;0;1;0;0;1;0
"12/01/2020";"09:52:00";"111";"sem vítima";"114";"BR-392/RS";"Sul";"Saída de Pista";1;0;0;0;0;0;0;0;0;0;1;0;0;0;0
"13/01/2020";"02:13:00";"97";"sem vítima";"408.5";"BR-116/RS";"Sul";"Abalr. Mesmo Sentido";1;0;0;1;0;0;0;0;0;0;3;0;0;0;0
"14/01/2020";"10:07:00";"40";"sem vítima";"67.8";"BR-392/RS";"Sul";"Abalr. Transversal";2;0;0;0;0;0;0;0;0;0;9;0;0;0;0
"14/01/2020";"01:03:00";"62";"sem vítima";"54.3";"BR-392/RS";"Sul";"Saída de Pista";1;0;0;0;0;0;0;0;0;0;3;0;0;0;0
"16/01/2020";"07:50:00";"19";"com vítima";"521";"BR-116/RS";"Norte";"Abalr. Transversal";0;0;1;1;0;0;0;0;0;0;1;0;0;1;0
"17/01/2020";"03:40:00";"86";"com vítima";"428.4";"BR-116/RS";"Norte";"Colisão Traseira";0;0;1;0;0;0;0;0;1;0;2;0;1;0;0
"17/01/2020";"09:31:00";"116";"com vítima";"528.9";"BR-116/RS";"Sul";"Abalr. Transversal";1;0;0;1;0;0;0;0;0;0;2;0;1;0;0
"18/01/2020";"09:16:00";"111";"com vítima";"61.8";"BR-392/RS";"Sul";"Tombamento";0;0;0;1;0;0;0;0;0;0;0;1;0;0;0
"22/01/2020";"10:56:00";"51";"sem vítima";"67";"BR-392/RS";"Norte";"Colisão com Objeto Fixo";0;0;1;0;0;0;0;0;0;0;1;0;0;0;0
"24/01/2020";"03:35:00";"5";"com vítima";"36.8";"BR-392/RS";"Norte";"Saída de Pista";0;0;1;0;0;0;0;0;0;0;1;0;1;0;0
"24/01/2020";"05:53:00";"9";"sem vítima";"517.4";"BR-116/RS";"Norte";"Colisão com Objeto Fixo";1;0;0;0;0;0;0;0;0;0;1;0;0;0;0
"25/01/2020";"10:37:00";"124";"com vítima";"131.1";"BR-392/RS";"Sul";"Colisão Traseira";2;0;1;0;0;0;0;0;0;0;4;1;0;0;0
"26/01/2020";"06:16:00";"78";"sem vítima";"66.6";"BR-392/RS";"Norte";"Colisão Traseira";1;0;1;0;0;0;0;0;0;0;5;0;0;0;0
"26/01/2020";"09:56:00";"113";"sem vítima";"401.5";"BR-116/RS";"Norte";"Abalr. Transversal";2;0;0;0;0;0;0;0;0;0;3;0;0;0;0
"27/01/2020";"09:31:00";"37";"sem vítima";"16.2";"BR-392/RS";"Sul";"Colisão com Objeto Fixo";0;0;1;0;0;0;0;0;0;0;1;0;0;0;0
"27/01/2020";"11:01:00";"56";"com vítima";"62";"BR-392/RS";"Sul";"Tombamento";0;0;0;1;0;0;0;0;0;0;0;1;1;0;0
"29/01/2020";"08:22:00";"24";"com vítima";"83.5";"BR-392/RS";"Sul";"Abalr. Mesmo Sentido";0;0;1;1;0;0;0;0;0;0;1;0;1;0;0
"30/01/2020";"07:23:00";"93";"com vítima";"21.1";"BR-392/RS";"Norte";"Capotamento";1;0;0;0;0;0;0;0;0;0;1;3;0;0;0
"01/02/2020";"02:33:00";"66";"com vítima";"657.8";"BR-116/RS";"Norte";"Colisão Traseira";2;0;0;0;0;0;0;0;0;0;1;1;0;0;0
"03/02/2020";"06:35:00";"14";"sem vítima";"514";"BR-116/RS";"Norte";"Saída de Pista";1;0;0;0;0;0;0;0;0;0;1;0;0;0;0
"04/02/2020";"02:16:00";"65";"com vítima";"72.1";"BR-392/RS";"Sul";"Colisão Traseira";0;0;1;0;0;0;0;0;1;0;1;1;1;0;0
"04/02/2020";"05:43:00";"78";"com vítima";"527";"BR-116/RS";"Norte";"Colisão Traseira";0;0;1;1;0;0;0;0;0;0;1;1;0;0;0
"06/02/2020";"06:15:00";"104";"com vítima";"493.9";"BR-116/RS";"Sul";"Atropelamento";0;0;1;0;0;0;0;0;0;0;1;0;1;0;0
"07/02/2020";"02:43:00";"80";"com vítima";"524.9";"BR-116/RS";"Sul";"Abalr. Transversal";0;0;1;1;0;0;0;0;0;0;4;0;1;0;0
"07/02/2020";"08:29:00";"124";"com vítima";"422.9";"BR-116/RS";"Sul";"Colisão Frontal";2;0;0;0;0;0;0;0;0;0;0;3;0;0;0
"08/02/2020";"01:26:00";"69";"com vítima";"521";"BR-116/RS";"Sul";"Abalr. Transversal";1;0;0;1;0;0;0;0;0;0;1;0;1;1;0
"09/02/2020";"05:04:00";"10";"com vítima";"427.8";"BR-116/RS";"Sul";"Colisão Frontal";1;0;0;1;0;0;0;0;0;0;3;0;0;2;0
"09/02/2020";"04:03:00";"75";"com vítima";"64.5";"BR-392/RS";"Norte";"Tombamento";0;0;0;1;0;0;0;0;0;0;0;0;2;0;0
"10/02/2020";"03:06:00";"11";"com vítima";"593.8";"BR-116/RS";"Sul";"Atropelamento de Animal";1;0;0;0;0;0;0;0;0;0;2;2;0;0;0
"10/02/2020";"10:13:00";"125";"com vítima";"20";"BR-392/RS";"Sul";"Saída de Pista";1;0;0;0;0;0;0;0;0;0;1;1;0;0;0
"11/02/2020";"07:08:00";"16";"com vítima";"26.7";"BR-392/RS";"Norte";"Abalr. Transversal";1;0;0;0;1;0;0;0;0;0;2;0;1;0;0
"12/02/2020";"09:23:00";"40";"sem vítima";"515.9";"BR-116/RS";"Norte";"Saída de Pista";0;0;1;0;0;0;0;0;0;0;1;0;0;0;0
"13/02/2020";"11:42:00";"63";"com vítima";"27";"BR-392/RS";"Sul";"Colisão Traseira";1;0;0;1;0;0;0;0;0;0;1;1;0;0;0
"16/02/2020";"07:16:00";"104";"com vítima";"76.1";"BR-392/RS";"Sul";"Colisão Traseira";1;0;0;1;0;0;0;0;0;0;2;1;0;0;0
"17/02/2020";"06:53:00";"10";"com vítima";"525.5";"BR-116/RS";"Sul";"Abalr. Transversal";2;0;0;0;0;0;0;0;0;0;1;2;0;0;0
"17/02/2020";"12:26:00";"55";"com vítima";"13";"BR-392/RS";"Norte";"Tombamento";0;0;0;1;0;0;0;0;0;0;0;1;0;0;0
"18/02/2020";"05:10:00";"105";"com vítima";"66.9";"BR-392/RS";"Sul";"Abalr. Transversal";2;0;0;0;0;0;0;0;0;0;2;1;0;0;0
"20/02/2020";"11:58:00";"60";"com vítima";"561.3";"BR-116/RS";"Sul";"Tombamento";0;0;0;1;0;0;0;0;0;0;0;1;0;0;0
"22/02/2020";"08:45:00";"129";"com vítima";"525.8";"BR-116/RS";"Sul";"Atropelamento";1;0;0;0;0;0;0;0;0;0;3;0;0;0;1
"23/02/2020";"12:17:00";"69";"com vítima";"24";"BR-392/RS";"Sul";"Tombamento";0;0;0;1;0;0;0;0;0;0;0;2;0;0;0
"26/02/2020";"03:48:00";"87";"com vítima";"22.2";"BR-392/RS";"Norte";"Saída de Pista";0;0;1;0;0;0;0;0;0;0;0;0;1;0;0
"26/02/2020";"10:44:00";"134";"com vítima";"194.2";"BR-392/RS";"Norte";"Tombamento";0;0;1;0;0;0;0;0;0;0;0;1;0;0;0
"29/02/2020";"06:06:00";"84";"com vítima";"85.6";"BR-392/RS";"Norte";"Colisão Frontal";1;0;1;0;0;0;0;0;0;0;0;0;1;1;0
"01/03/2020";"12:28:00";"65";"com vítima";"510.8";"BR-116/RS";"Norte";"Colisão Frontal";1;0;0;1;0;0;0;0;0;0;0;0;1;0;0
"02/03/2020";"10:47:00";"131";"com vítima";"112.1";"BR-392/RS";"Sul";"Atropelamento de Animal";1;0;0;0;0;0;0;0;0;0;0;0;1;0;0
"04/03/2020";"07:48:00";"16";"com vítima";"515.8";"BR-116/RS";"Sul";"Outros tipos de acidente";1;0;0;2;0;0;0;0;0;0;1;1;1;0;0
"06/03/2020";"06:04:00";"5";"com vítima";"528.3";"BR-116/RS";"Sul";"Tombamento";0;0;0;1;0;0;0;0;0;0;0;1;0;0;0
"08/03/2020";"03:59:00";"11";"com vítima";"113.2";"BR-392/RS";"Sul";"Atropelamento";1;0;0;0;0;0;0;0;0;0;1;0;0;0;1