data;horario;n_da_ocorrencia;tipo_de_ocorrencia;km;trecho;sentido;tipo_de_acidente;automovel;bicicleta;caminhao;moto;onibus;outros;tracao_animal;transporte_de_cargas_especiais;trator_maquinas;utilitarios;ilesos;levemente_feridos;moderadamente_feridos;gravemente_feridos;mortos
"10/03/2020";"01:41:00";"70";"com vítima";"7.8";"BR-392/RS";"Norte";"Abalr. Transversal";1;0;1;0;0;0;0;0;0;0;1;1;0;0;0
"10/03/2020";"05:20:00";"90";"com vítima";"521";"BR-116/RS";"Norte";"Atropelamento";1;1;0;0;0;0;0;0;0;0;1;1;0;0;0
"11/03/2020";"08:47:00";"33";"com vítima";"131.6";"BR-392/RS";"Sul";"Saída de Pista";0;0;0;1;0;0;0;0;0;0;0;0;0;1;0
"11/03/2020";"04:49:00";"88";"com vítima";"22.7";"BR-392/RS";"Norte";"Tombamento";0;0;0;1;0;0;0;0;0;0;0;1;0;0;0
"12/03/2020";"09:13:00";"38";"sem vítima";"429.5";"BR-116/RS";"Sul";"Colisão com Objeto Fixo";0;0;1;0;0;0;0;0;0;0;2;0;0;0;0
"13/03/2020";"10:31:00";"66";"com vítima";"461.7";"BR-116/RS";"Norte";"Abalr. Mesmo Sentido";1;0;1;0;0;0;0;0;0;0;2;1;0;0;0
"13/03/2020";"10:13:00";"137";"com vítima";"19";"BR-392/RS";"Norte";"Saída de Pista";1;0;0;0;0;0;0;0;0;0;0;2;0;0;0
"18/03/2020";"08:24:00";"109";"com vítima";"5.1";"BR-392/RS";"Norte";"Abalr. Transversal";1;0;1;0;0;0;0;0;0;0;1;1;0;0;0
"21/03/2020";"04:43:00";"87";"sem vítima";"521.3";"BR-116/RS";"Sul";"Abalr. Mesmo Sentido";1;0;1;0;0;0;0;0;0;0;4;0;0;0;0
"22/03/2020";"06:49:00";"81";"com vítima";"53.9";"BR-392/RS";"Sul";"Saída de Pista";0;0;1;0;0;0;0;0;0;0;0;0;2;0;0
"27/03/2020";"02:00:00";"4";"com vítima";"164.6";"BR-392/RS";"Sul";"Saída de Pista";0;0;1;0;0;0;0;0;0;0;0;0;0;1;0
"27/03/2020";"04:20:00";"86";"com vítima";"476";"BR-116/RS";"Norte";"Abalr. Mesmo Sentido";0;0;2;0;0;0;0;0;0;0;1;0;0;1;0
"27/03/2020";"10:41:00";"112";"com vítima";"629.2";"BR-116/RS";"Sul";"Atropelamento de Animal";0;0;0;1;0;0;0;0;0;0;0;2;0;0;0
"28/03/2020";"06:22:00";"87";"com vítima";"41.1";"BR-392/RS";"Sul";"Tombamento";0;0;0;1;0;0;0;0;0;0;0;0;0;1;0
"29/03/2020";"06:16:00";"2";"sem vítima";"519.9";"BR-116/RS";"Norte";"Capotamento";1;0;0;0;0;0;0;0;0;0;1;0;0;0;0
"30/03/2020";"11:04:00";"137";"sem vítima";"575";"BR-116/RS";"Norte";"Tombamento";0;0;2;0;0;0;0;0;0;0;2;0;0;0;0
"31/03/2020";"08:34:00";"26";"com vítima";"556.8";"BR-116/RS";"Sul";"Saída de Pista";1;0;0;0;0;0;0;0;0;0;0;0;2;0;0
"01/04/2020";"04:12:00";"69";"com vítima";"95.5";"BR-392/RS";"Sul";"Tombamento";0;0;0;1;0;0;0;0;0;0;0;1;1;0;0
"02/04/2020";"10:38:00";"54";"com vítima";"62";"BR-392/RS";"Sul";"Saída de Pista";0;0;1;1;0;0;0;0;0;0;1;2;0;0;0
"03/04/2020";"04:35:00";"90";"com vítima";"591.2";"BR-116/RS";"Norte";"Saída de Pista";1;0;0;0;0;0;0;0;0;0;0;0;1;0;0
"05/04/2020";"06:56:00";"6";"com vítima";"37.9";"BR-392/RS";"Sul";"Saída de Pista";1;0;0;0;0;0;0;0;0;0;0;0;2;0;0
"06/04/2020";"11:10:00";"59";"com vítima";"520.9";"BR-116/RS";"Sul";"Abalr. Transversal";1;0;0;1;0;0;0;0;0;0;1;0;1;0;0
"06/04/2020";"03:57:00";"87";"com vítima";"520.9";"BR-116/RS";"Norte";"Abalr. Transversal";1;0;0;1;0;0;0;0;0;0;1;0;0;1;0
"07/04/2020";"05:13:00";"10";"sem vítima";"613.6";"BR-116/RS";"Norte";"Atropelamento de Animal";0;0;1;0;0;0;0;0;0;0;1;0;0;0;0
"07/04/2020";"03:58:00";"88";"com vítima";"526.5";"BR-116/RS";"Norte";"Abalr. Transversal";0;0;2;0;0;0;0;0;0;0;1;0;1;0;0
"07/04/2020";"06:04:00";"101";"com vítima";"424.9";"BR-116/RS";"Norte";"Colisão Traseira";2;0;0;0;0;0;0;0;0;0;2;0;0;2;0
"08/04/2020";"01:39:00";"9";"sem vítima";"47";"BR-392/RS";"Norte";"Saída de Pista";1;0;0;0;0;0;0;0;0;0;1;0;0;0;0
"08/04/2020";"07:05:00";"91";"com vítima";"9.5";"BR-392/RS";"Sul";"Abalr. Transversal";0;0;1;1;0;0;0;0;0;0;1;0;1;0;0
"12/04/2020";"04:41:00";"5";"sem vítima";"87.3";"BR-392/RS";"Sul";"Saída de Pista";1;0;0;0;0;0;0;0;0;0;1;0;0;0;0
"14/04/2020";"02:54:00";"90";"com vítima";"520.9";"BR-116/RS";"Norte";"Tombamento";0;0;0;1;0;0;0;0;0;0;0;1;0;0;0
"15/04/2020";"06:51:00";"103";"com vítima";"20.1";"BR-392/RS";"Sul";"Colisão Traseira";2;0;0;0;0;0;0;0;0;0;1;0;1;0;0
"16/04/2020";"11:14:00";"52";"com vítima";"122.3";"BR-392/RS";"Sul";"Abalr. Transversal";2;0;0;0;0;0;0;0;0;0;0;0;1;1;0
"16/04/2020";"06:53:00";"88";"com vítima";"10";"BR-392/RS";"Sul";"Colisão Traseira";0;0;2;0;0;0;0;0;0;0;1;0;2;0;0
"18/04/2020";"11:40:00";"64";"com vítima";"517";"BR-116/RS";"Norte";"Abalr. Transversal";1;0;0;1;0;0;0;0;0;0;1;1;0;0;0
"20/04/2020";"05:09:00";"5";"sem vítima";"429.5";"BR-116/RS";"Sul";"Colisão com Objeto Fixo";1;0;0;0;0;0;0;0;0;0;1;0;0;0;0
"20/04/2020";"08:00:00";"100";"sem vítima";"15.6";"BR-392/RS";"Sul";"Tombamento";0;0;1;0;0;0;0;0;0;0;1;0;0;0;0
"21/04/2020";"10:02:00";"90";"com vítima";"113.5";"BR-392/RS";"Norte";"Colisão Frontal";3;0;0;0;0;0;0;0;0;0;1;2;0;0;0
"22/04/2020";"07:42:00";"111";"com vítima";"39.4";"BR-392/RS";"Norte";"Abalr. Mesmo Sentido";0;0;1;0;0;0;1;0;0;0;2;0;1;0;0
"23/04/2020";"05:35:00";"102";"com vítima";"529.5";"BR-116/RS";"Sul";"Abalr. Transversal";0;1;0;1;0;0;0;0;0;0;1;1;0;0;0
"24/04/2020";"07:13:00";"99";"com vítima";"612.2";"BR-116/RS";"Sul";"Abalr. Transversal";2;0;0;0;0;0;0;0;0;0;0;2;1;0;0
"24/04/2020";"07:19:00";"100";"com vítima";"93";"BR-392/RS";"Norte";"Saída de Pista";0;0;1;0;0;0;0;0;0;0;1;0;1;0;0
"25/04/2020";"07:19:00";"13";"com vítima";"521";"BR-116/RS";"Norte";"Abalr. Transversal";2;0;0;0;0;0;0;0;0;0;2;0;1;0;0
"27/04/2020";"06:45:00";"11";"com vítima";"529.4";"BR-116/RS";"Sul";"Abalr. Transversal";1;0;0;1;0;0;0;0;0;0;1;1;0;0;0
"29/04/2020";"02:01:00";"77";"com vítima";"44.5";"BR-392/RS";"Norte";"Tombamento";0;0;0;1;0;0;0;0;0;0;0;0;1;0;0
"29/04/2020";"03:32:00";"85";"sem vítima";"95";"BR-392/RS";"Sul";"Abalr. Mesmo Sentido";1;0;1;0;0;0;0;0;0;0;2;0;0;0;0
"30/04/2020";"06:59:00";"109";"com vítima";"615.5";"BR-116/RS";"Norte";"Colisão Traseira";0;0;0;1;0;0;1;0;0;0;1;0;1;0;0
"01/05/2020";"07:40:00";"15";"sem vítima";"64.4";"BR-392/RS";"Norte";"Saída de Pista";0;0;1;0;0;0;0;0;0;0;1;0;0;0;0
"02/05/2020";"09:03:00";"86";"sem vítima";"656";"BR-116/RS";"Sul";"Atropelamento de Animal";1;0;0;0;0;0;0;0;0;0;1;0;0;0;0
"03/05/2020";"12:37:00";"3";"sem vítima";"12";"BR-392/RS";"Norte";"Colisão Traseira";0;0;3;0;0;0;0;0;0;0;3;0;0;0;0
"03/05/2020";"06:49:00";"70";"com vítima";"510.8";"BR-116/RS";"Sul";"Abalr. Transversal";1;0;0;1;0;0;0;0;0;0;1;0;1;0;0
"03/05/2020";"08:38:00";"77";"sem vítima";"60.3";"BR-392/RS";"Sul";"Colisão Traseira";0;0;2;0;0;0;0;0;0;0;3;0;0;0;0
"05/05/2020";"03:52:00";"72";"sem vítima";"48.5";"BR-392/RS";"Sul";"Colisão Traseira";0;0;2;0;0;0;0;0;0;0;2;0;0;0;0
"06/05/2020";"01:21:00";"3";"sem vítima";"476";"BR-116/RS";"Norte";"Saída de Pista";0;0;1;0;0;0;0;0;0;0;1;0;0;0;0
"06/05/2020";"02:53:00";"5";"sem vítima";"19.4";"BR-392/RS";"Norte";"Atropelamento de Animal";0;0;1;0;0;0;0;0;0;0;1;0;0;0;0
"07/05/2020";"02:36:00";"66";"sem vítima";"52.2";"BR-392/RS";"Norte";"Colisão Traseira";0;0;2;0;0;0;0;0;0;0;3;0;0;0;0
"07/05/2020";"07:32:00";"95";"com vítima";"13.5";"BR-392/RS";"Sul";"Atropelamento de Animal";1;0;0;0;0;0;0;0;0;0;3;0;0;1;0
"07/05/2020";"08:14:00";"99";"com vítima";"13.5";"BR-392/RS";"Sul";"Atropelamento de Animal";1;0;0;0;0;0;0;0;0;0;0;1;0;0;0
"08/05/2020";"12:37:00";"4";"com vítima";"67";"BR-392/RS";"Sul";"Colisão Frontal";1;0;1;0;0;0;0;0;0;0;1;0;1;0;0
"08/05/2020";"02:02:00";"10";"sem vítima";"569";"BR-116/RS";"Norte";"Atropelamento de Animal";1;0;0;0;0;0;0;0;0;0;2;0;0;0;0
"08/05/2020";"10:21:00";"58";"com vítima";"414";"BR-116/RS";"Sul";"Tombamento";0;0;0;1;0;0;0;0;0;0;1;1;0;0;0
"10/05/2020";"09:40:00";"79";"com vítima";"66.9";"BR-392/RS";"Sul";"Abalr. Transversal";2;0;1;0;0;0;0;0;0;0;3;1;0;0;0
"11/05/2020";"04:49:00";"63";"sem vítima";"99";"BR-392/RS";"Sul";"Saída de Pista";1;0;0;0;0;0;0;0;0;0;1;0;0;0;0
"12/05/2020";"09:58:00";"41";"com vítima";"106.8";"BR-392/RS";"Sul";"Saída de Pista";1;0;0;0;0;0;0;0;0;0;0;2;0;0;0
"12/05/2020";"10:43:00";"53";"sem vítima";"52.3";"BR-392/RS";"Sul";"Tombamento";0;0;0;1;0;0;0;0;0;0;1;0;0;0;0
"13/05/2020";"11:55:00";"57";"sem vítima";"58.3";"BR-392/RS";"Norte";"Colisão Traseira";0;0;2;0;0;0;0;0;0;0;2;0;0;0;0
"13/05/2020";"02:14:00";"69";"com vítima";"517";"BR-116/RS";"Norte";"Abalr. Transversal";1;0;0;1;0;0;0;0;0;0;2;0;1;0;0
"14/05/2020";"12:46:00";"63";"com vítima";"36.1";"BR-392/RS";"Norte";"Saída de Pista";0;0;1;0;0;0;0;0;0;0;0;0;1;0;0
"14/05/2020";"03:36:00";"73";"com vítima";"72.4";"BR-392/RS";"Sul";"Abalr. Transversal";2;0;0;0;0;0;0;0;0;0;0;3;0;0;0
"14/05/2020";"03:57:00";"75";"sem vítima";"62.4";"BR-392/RS";"Sul";"Tombamento";0;0;1;0;0;0;0;0;0;0;1;0;0;0;0
"15/05/2020";"05:19:00";"6";"sem vítima";"27.7";"BR-392/RS";"Norte";"Atropelamento de Animal";0;0;1;0;0;0;0;0;0;0;1;0;0;0;0
"16/05/2020";"01:09:00";"3";"com vítima";"446";"BR-116/RS";"Sul";"Saída de Pista";0;0;1;0;0;0;0;0;0;0;0;1;0;0;0
"18/05/2020";"05:47:00";"15";"com vítima";"512";"BR-116/RS";"Sul";"Atropelamento de Animal";1;0;0;0;0;0;0;0;0;0;0;1;0;0;0
"18/05/2020";"07:18:00";"96";"sem vítima";"41.5";"BR-392/RS";"Sul";"Abalr. Transversal";1;1;0;0;0;0;0;0;0;0;2;0;0;0;0
"19/05/2020";"08:26:00";"26";"sem vítima";"105";"BR-392/RS";"Sul";"Tombamento";0;0;1;0;0;0;0;0;0;0;1;0;0;0;0
"20/05/2020";"05:03:00";"6";"com vítima";"91";"BR-392/RS";"Norte";"Saída de Pista";0;0;1;0;0;0;0;0;0;0;0;1;0;0;0
"20/05/2020";"03:01:00";"101";"com vítima";"525.4";"BR-116/RS";"Norte";"Abalr. Transversal";1;0;1;0;0;0;0;0;0;0;1;1;0;0;0
"22/05/2020";"02:24:00";"70";"com vítima";"193.4";"BR-392/RS";"Norte";"Saída de Pista";0;0;1;0;0;0;0;0;0;0;0;1;0;0;0
"22/05/2020";"08:39:00";"94";"sem vítima";"49.9";"BR-392/RS";"Norte";"Saída de Pista";0;0;1;0;0;0;0;0;0;0;1;0;0;0;0
"23/05/2020";"11:42:00";"57";"sem vítima";"401.1";"BR-116/RS";"Norte";"Abalr. Transversal";2;0;0;0;0;0;0;0;0;0;2;0;0;0;0
"24/05/2020";"10:02:00";"105";"sem vítima";"121.2";"BR-392/RS";"Sul";"Atropelamento de Animal";1;0;0;0;0;0;0;0;0;0;2;0;0;0;0
"25/05/2020";"09:29:00";"26";"sem vítima";"9";"BR-392/RS";"Sul";"Abalr. Transversal";0;0;1;0;0;1;0;0;0;0;2;0;0;0;0
"26/05/2020";"08:30:00";"98";"com vítima";"624.5";"BR-116/RS";"Norte";"Colisão Traseira";0;0;1;1;0;0;0;0;0;0;1;0;0;0;1
"27/05/2020";"04:07:00";"74";"sem vítima";"400.5";"BR-116/RS";"Norte";"Tombamento";0;0;1;0;0;0;0;0;0;0;2;0;0;0;0
"28/05/2020";"07:34:00";"21";"com vítima";"444";"BR-116/RS";"Sul";"Colisão Traseira";1;0;1;0;0;0;0;0;0;0;1;0;1;0;0
"28/05/2020";"03:33:00";"69";"com vítima";"525";"BR-116/RS";"Norte";"Abalr. Sentido Oposto";2;0;0;0;0;0;0;0;0;0;1;1;0;0;0
"29/05/2020";"07:31:00";"18";"com vítima";"11.8";"BR-392/RS";"Sul";"Colisão Traseira";2;0;1;2;0;0;0;0;0;0;3;2;0;0;0
"29/05/2020";"07:48:00";"24";"com vítima";"533.6";"BR-116/RS";"Sul";"Saída de Pista";1;0;0;0;0;0;0;0;0;0;0;4;1;0;0
"29/05/2020";"07:21:00";"81";"sem vítima";"20";"BR-392/RS";"Norte";"Atropelamento de Animal";1;0;0;0;0;0;0;0;0;0;1;0;0;0;0
"30/05/2020";"03:13:00";"76";"com vítima";"122.5";"BR-392/RS";"Norte";"Abalr. Transversal";1;0;0;1;0;0;0;0;0;0;0;1;0;1;0
"31/05/2020";"01:34:00";"2";"com vítima";"5.7";"BR-392/RS";"Norte";"Capotamento";1;0;0;0;0;0;0;0;0;0;0;0;1;0;0
"31/05/2020";"02:06:00";"3";"com vítima";"5.7";"BR-392/RS";"Norte";"Capotamento";1;0;0;0;0;0;0;0;0;0;0;0;1;0;0
"31/05/2020";"12:51:00";"49";"com vítima";"403.1";"BR-116/RS";"Sul";"Tombamento";0;0;0;1;0;0;0;0;0;0;0;1;0;0;0
"31/05/2020";"04:20:00";"62";"com vítima";"15.6";"BR-392/RS";"Norte";"Colisão Traseira";1;0;0;1;0;0;0;0;0;0;1;1;0;0;0
"01/06/2020";"08:18:00";"22";"com vítima";"553.7";"BR-116/RS";"Sul";"Saída de Pista";1;0;0;0;0;0;0;0;0;0;0;0;1;0;0
"03/06/2020";"01:58:00";"5";"sem vítima";"438.7";"BR-116/RS";"Norte";"Saída de Pista";1;0;0;0;0;0;0;0;0;0;1;0;0;0;0
"03/06/2020";"06:36:00";"98";"com vítima";"526";"BR-116/RS";"Norte";"Colisão com Objeto Fixo";0;0;0;1;0;0;0;0;0;0;0;0;1;0;0
"04/06/2020";"04:37:00";"73";"com vítima";"470.3";"BR-116/RS";"Norte";"Colisão Traseira";3;0;0;0;0;0;0;0;0;0;3;1;0;1;0
"05/06/2020";"08:47:00";"95";"sem vítima";"526";"BR-116/RS";"Norte";"Saída de Pista";1;0;0;0;0;0;0;0;0;0;1;0;0;0;0
"06/06/2020";"04:52:00";"14";"com vítima";"612";"BR-116/RS";"Sul";"Atropelamento de Animal";1;0;0;0;0;0;0;0;0;0;1;0;1;0;0
"07/06/2020";"12:22:00";"55";"sem vítima";"52.8";"BR-392/RS";"Sul";"Saída de Pista";1;0;0;0;0;0;0;0;0;0;1;0;0;0;0
"07/06/2020";"06:59:00";"68";"sem vítima";"20.7";"BR-392/RS";"Sul";"Saída de Pista";0;0;1;0;0;0;0;0;0;0;1;0;0;0;0
"08/06/2020";"08:53:00";"17";"com vítima";"99.5";"BR-392/RS";"Sul";"Tombamento";0;0;0;1;0;0;0;0;0;0;0;1;0;0;0
"08/06/2020";"03:06:00";"59";"com vítima";"645.7";"BR-116/RS";"Norte";"Saída de Pista";1;0;0;0;0;0;0;0;0;0;0;1;0;0;0
"08/06/2020";"05:53:00";"73";"com vítima";"9.1";"BR-392/RS";"Norte";"Abalr. Transversal";1;0;0;1;0;0;0;0;0;0;1;0;1;0;0
"09/06/2020";"11:44:00";"60";"com vítima";"521.3";"BR-116/RS";"Norte";"Tombamento";0;0;0;1;0;0;0;0;0;0;0;0;1;0;0
"09/06/2020";"01:30:00";"68";"com vítima";"439.7";"BR-116/RS";"Norte";"Saída de Pista";1;0;0;0;0;0;0;0;0;0;0;1;0;0;0
"09/06/2020";"06:41:00";"93";"com vítima";"530";"BR-116/RS";"Sul";"Colisão Frontal";0;0;0;2;0;0;0;0;0;0;1;1;0;0;0
"11/06/2020";"11:04:00";"46";"com vítima";"190";"BR-392/RS";"Sul";"Saída de Pista";0;0;1;0;0;0;0;0;0;0;0;0;1;0;0
"12/06/2020";"01:23:00";"71";"sem vítima";"74.1";"BR-392/RS";"Norte";"Saída de Pista";1;0;0;0;0;0;0;0;0;0;1;0;0;0;0
"13/06/2020";"10:48:00";"120";"sem vítima";"28.3";"BR-392/RS";"Sul";"Atropelamento de Animal";0;0;1;0;0;0;0;0;0;0;1;0;0;0;0
"15/06/2020";"10:23:00";"128";"sem vítima";"15";"BR-392/RS";"Sul";"Tombamento";0;0;1;0;0;0;0;0;0;0;2;0;0;0;0
"15/06/2020";"10:35:00";"130";"sem vítima";"518.3";"BR-116/RS";"Sul";"Atropelamento de Animal";1;0;0;0;0;0;0;0;0;0;1;0;0;0;0
"16/06/2020";"03:10:00";"96";"com vítima";"505";"BR-116/RS";"Norte";"Colisão Traseira";1;1;0;0;0;0;0;0;0;0;1;1;0;0;0
"16/06/2020";"08:34:00";"125";"com vítima";"25";"BR-392/RS";"Norte";"Abalr. Transversal";0;1;0;1;0;0;0;0;0;0;1;1;0;0;0
"16/06/2020";"11:54:00";"145";"sem vítima";"64.5";"BR-392/RS";"Norte";"Atropelamento de Animal";1;0;0;0;0;0;0;0;0;0;1;0;0;0;0
"17/06/2020";"07:43:00";"24";"com vítima";"525.3";"BR-116/RS";"Sul";"Abalr. Transversal";1;0;0;1;0;0;0;0;0;0;2;1;0;0;0
"18/06/2020";"02:04:00";"71";"com vítima";"529";"BR-116/RS";"Norte";"Abalr. Transversal";1;0;0;1;0;0;0;0;0;0;1;1;0;0;0
"18/06/2020";"06:00:00";"88";"sem vítima";"521.4";"BR-116/RS";"Sul";"Abalr. Transversal";2;0;0;0;0;0;0;0;0;0;7;0;0;0;0
"19/06/2020";"06:52:00";"20";"com vítima";"477.7";"BR-116/RS";"Norte";"Saída de Pista";1;0;0;0;0;0;0;0;0;0;0;0;1;0;0
"19/06/2020";"10:05:00";"47";"sem vítima";"108";"BR-392/RS";"Norte";"Abalr. Sentido Oposto";1;0;2;0;0;0;0;0;0;0;3;0;0;0;0
"20/06/2020";"08:14:00";"28";"sem vítima";"438";"BR-116/RS";"Norte";"Saída de Pista";1;0;0;0;0;0;0;0;0;0;3;0;0;0;0
"20/06/2020";"06:00:00";"92";"sem vítima";"50";"BR-392/RS";"Norte";"Saída de Pista";1;0;0;0;0;0;0;0;0;0;3;0;0;0;0
"21/06/2020";"10:56:00";"128";"com vítima";"38.8";"BR-392/RS";"Norte";"Atropelamento de Animal";0;0;0;1;0;0;0;0;0;0;0;1;0;0;0
"22/06/2020";"03:30:00";"81";"sem vítima";"436.2";"BR-116/RS";"Sul";"Tombamento";0;0;1;0;0;0;0;0;0;0;1;0;0;0;0
"24/06/2020";"09:15:00";"46";"com vítima";"74.4";"BR-392/RS";"Norte";"Saída de Pista";1;0;0;0;0;0;0;0;0;0;0;0;1;0;0
"24/06/2020";"10:34:00";"61";"com vítima";"174.6";"BR-392/RS";"Norte";"Tombamento";0;0;1;0;0;0;0;0;0;0;0;0;1;0;0
"25/06/2020";"07:43:00";"13";"com vítima";"528.8";"BR-116/RS";"Norte";"Colisão Traseira";2;0;0;0;0;0;0;0;0;0;2;1;0;0;0
"28/06/2020";"01:57:00";"6";"com vítima";"126.7";"BR-392/RS";"Sul";"Saída de Pista";1;0;0;0;0;0;0;0;0;0;1;1;0;0;0
"28/06/2020";"09:22:00";"38";"com vítima";"50.5";"BR-392/RS";"Norte";"Saída de Pista";0;0;1;0;0;0;0;0;0;0;0;0;1;0;0
"28/06/2020";"12:13:00";"60";"com vítima";"182";"BR-392/RS";"Norte";"Colisão com Objeto Fixo";0;0;0;1;0;0;0;0;0;0;0;0;1;0;0
"28/06/2020";"06:42:00";"92";"sem vítima";"12.9";"BR-392/RS";"Sul";"Atropelamento de Animal";1;0;0;0;0;0;0;0;0;0;2;0;0;0;0
"28/06/2020";"09:24:00";"115";"sem vítima";"527.3";"BR-116/RS";"Norte";"Atropelamento de Animal";2;0;0;0;0;0;0;0;0;0;3;0;0;0;0
"29/06/2020";"01:51:00";"80";"com vítima";"517";"BR-116/RS";"Norte";"Abalr. Transversal";0;0;0;1;0;1;0;0;0;0;1;0;0;1;0
"29/06/2020";"08:17:00";"131";"com vítima";"115.5";"BR-392/RS";"Norte";"Colisão Traseira";1;0;0;1;0;1;0;0;0;0;2;0;1;0;0
"30/06/2020";"06:41:00";"100";"sem vítima";"2.9";"BR-392/RS";"Norte";"Atropelamento de Animal";0;0;1;0;0;0;0;0;0;0;2;0;0;0;0
"01/07/2020";"08:43:00";"58";"sem vítima";"465";"BR-116/RS";"Sul";"Colisão Traseira";1;0;0;0;1;0;0;0;0;0;7;0;0;0;0
"01/07/2020";"01:18:00";"104";"com vítima";"124.8";"BR-392/RS";"Sul";"Saída de Pista";1;0;0;0;0;0;0;0;0;0;2;1;0;0;0
"01/07/2020";"06:52:00";"141";"com vítima";"93.3";"BR-392/RS";"Norte";"Abalr. Transversal";1;0;0;1;0;0;0;0;0;0;1;1;0;0;0
"02/07/2020";"10:41:00";"57";"com vítima";"48";"BR-392/RS";"Sul";"Colisão Traseira";0;0;2;0;0;0;0;0;0;0;0;2;0;0;0
"02/07/2020";"02:10:00";"78";"sem vítima";"483";"BR-116/RS";"Norte";"Saída de Pista";1;0;0;0;0;0;0;0;0;0;1;0;0;0;0
"02/07/2020";"10:07:00";"127";"sem vítima";"571";"BR-116/RS";"Norte";"Atropelamento de Animal";1;0;0;0;0;0;0;0;0;0;4;0;0;0;0
"03/07/2020";"05:21:00";"100";"com vítima";"21.3";"BR-392/RS";"Sul";"Colisão Traseira";0;0;1;1;0;0;0;0;0;0;1;1;0;0;0
"04/07/2020";"03:42:00";"124";"com vítima";"31.4";"BR-392/RS";"Norte";"Abalr. Transversal";2;0;0;0;0;0;0;0;0;0;1;0;2;0;0
"05/07/2020";"09:30:00";"119";"com vítima";"431";"BR-116/RS";"Norte";"Queda de moto";0;0;0;1;0;0;0;0;0;0;0;1;0;0;0
"07/07/2020";"01:33:00";"7";"com vítima";"658";"BR-116/RS";"Sul";"Colisão Traseira";0;0;1;1;0;0;0;0;0;0;1;0;0;0;1
"08/07/2020";"05:04:00";"115";"com vítima";"150.3";"BR-392/RS";"Sul";"Tombamento";0;0;1;0;0;0;0;0;0;0;0;1;0;0;0
"09/07/2020";"06:15:00";"111";"sem vítima";"119.4";"BR-392/RS";"Sul";"Saída de Pista";1;0;0;0;0;0;0;0;0;0;1;0;0;0;0
"10/07/2020";"11:17:00";"57";"com vítima";"530.1";"BR-116/RS";"Norte";"Abalr. Transversal";2;0;0;0;0;0;0;0;0;0;0;2;0;0;0
"10/07/2020";"08:51:00";"128";"sem vítima";"76.4";"BR-392/RS";"Sul";"Atropelamento de Animal";1;0;0;0;0;0;0;0;0;0;2;0;0;0;0
"11/07/2020";"06:46:00";"14";"sem vítima";"16.2";"BR-392/RS";"Norte";"Colisão com Objeto Fixo";0;0;4;0;0;0;0;0;0;0;4;0;0;0;0
"13/07/2020";"08:23:00";"28";"com vítima";"122.2";"BR-392/RS";"Sul";"Abalr. Transversal";0;0;1;1;0;0;0;0;0;0;1;0;0;1;0
"13/07/2020";"08:33:00";"29";"sem vítima";"17.6";"BR-392/RS";"Sul";"Colisão Traseira";2;0;0;0;0;0;0;0;0;0;2;0;0;0;0
"13/07/2020";"09:51:00";"125";"sem vítima";"482";"BR-116/RS";"Sul";"Colisão com Objeto Fixo";1;0;0;0;0;0;0;0;0;0;1;0;0;0;0
"15/07/2020";"04:22:00";"100";"com vítima";"524";"BR-116/RS";"Sul";"Queda de moto";0;0;0;1;0;0;0;0;0;0;0;2;0;0;0
"16/07/2020";"11:24:00";"62";"com vítima";"67";"BR-392/RS";"Sul";"Abalr. Transversal";2;0;0;0;0;0;0;0;0;0;2;1;0;0;0
"16/07/2020";"06:08:00";"107";"com vítima";"514";"BR-116/RS";"Norte";"Abalr. Transversal";2;0;0;0;0;0;0;0;0;0;1;1;0;0;0
"18/07/2020";"12:45:00";"63";"com vítima";"18";"BR-392/RS";"Sul";"Abalr. Transversal";1;0;0;1;0;0;0;0;0;0;1;0;1;0;0
"19/07/2020";"04:24:00";"136";"com vítima";"71.3";"BR-392/RS";"Norte";"Saída de Pista";0;0;0;1;0;0;0;0;0;0;0;0;0;1;0
"19/07/2020";"09:59:00";"168";"sem vítima";"577.9";"BR-116/RS";"Sul";"Atropelamento de Animal";1;0;0;0;0;0;0;0;0;0;1;0;0;0;0
"20/07/2020";"11:48:00";"64";"com vítima";"104.6";"BR-392/RS";"Norte";"Saída de Pista";1;0;0;0;0;0;0;0;0;0;0;1;0;0;0
"22/07/2020";"07:18:00";"115";"com vítima";"529";"BR-116/RS";"Norte";"Abalr. Transversal";0;0;0;2;0;0;0;0;0;0;0;2;1;0;0
"25/07/2020";"06:55:00";"15";"sem vítima";"155.6";"BR-392/RS";"Norte";"Saída de Pista";0;0;1;0;0;0;0;0;0;0;1;0;0;0;0
"25/07/2020";"06:42:00";"94";"com vítima";"29.5";"BR-392/RS";"Sul";"Abalr. Transversal";0;0;0;1;0;0;1;0;0;0;1;0;0;0;1
"25/07/2020";"06:45:00";"95";"com vítima";"530";"BR-116/RS";"Norte";"Abalr. Transversal";1;0;0;1;0;0;0;0;0;0;2;1;0;0;0
"26/07/2020";"04:03:00";"69";"com vítima";"453.7";"BR-116/RS";"Norte";"Saída de Pista";1;0;0;0;0;0;0;0;0;0;0;1;0;0;0
"26/07/2020";"07:25:00";"83";"sem vítima";"46";"BR-392/RS";"Norte";"Atropelamento de Animal";1;0;0;0;0;0;0;0;0;0;2;0;0;0;0