data;horario;n_da_ocorrencia;tipo_de_ocorrencia;km;trecho;sentido;tipo_de_acidente;automovel;bicicleta;caminhao;moto;onibus;outros;tracao_animal;transporte_de_cargas_especiais;trator_maquinas;utilitarios;ilesos;levemente_feridos;moderadamente_feridos;gravemente_feridos;mortos
"05/01/2021";"05:47:00";"100";"Acidente c";"517.2";"BR-116/RS";"Norte";"Abalr. Mesmo Sentido";0;0;0;2;0;0;0;0;0;0;0;3;0;0;0
"06/01/2021";"09:34:00";"125";"Acidente c";"18.2";"BR-392/RS";"Norte";"Atropelamento";1;0;1;0;0;0;0;0;0;0;3;0;0;0;1
"07/01/2021";"04:05:00";"102";"Acidente c";"150.4";"BR-392/RS";"Sul";"Tombamento";0;0;1;0;0;0;0;0;0;0;0;0;1;0;0
"08/01/2021";"11:11:00";"67";"Acidente c";"5";"BR-392/RS";"Sul";"Abalr. Transversal";2;0;1;0;0;0;0;0;0;0;0;2;2;0;0
"08/01/2021";"12:38:00";"82";"Acidente c";"523.9";"BR-116/RS";"Norte";"Tombamento";0;0;1;0;0;0;0;0;0;0;0;0;0;0;1
"09/01/2021";"10:49:00";"63";"Acidente s";"1.4";"BR-392/RS";"Sul";"Tombamento";0;0;1;0;0;0;0;0;0;0;1;0;0;0;0
"09/01/2021";"11:33:00";"143";"Acidente c";"67";"BR-392/RS";"Sul";"Abalr. Transversal";2;0;0;0;0;0;0;0;0;0;2;1;0;0;0
"10/01/2021";"09:56:00";"139";"Acidente s";"423";"BR-116/RS";"Norte";"Atropelamento de Animal";0;0;1;0;0;0;0;0;0;0;2;0;0;0;0
"11/01/2021";"02:24:00";"91";"Acidente c";"525";"BR-116/RS";"Sul";"Abalr. Mesmo Sentido";0;0;1;1;0;0;0;0;0;0;1;0;1;0;0
"11/01/2021";"05:49:00";"113";"Acidente s";"507";"BR-116/RS";"Norte";"Saída de Pista";1;0;0;0;0;0;0;0;0;0;2;0;0;0;0
"11/01/2021";"07:54:00";"134";"Acidente s";"517";"BR-116/RS";"Norte";"Outros tipos de acidente";2;0;0;0;0;0;0;0;0;0;2;0;0;0;0
"12/01/2021";"07:56:00";"27";"Acidente s";"528.9";"BR-116/RS";"Norte";"Saída de Pista";1;0;0;0;0;0;0;0;0;0;1;0;0;0;0
"12/01/2021";"11:11:00";"73";"Acidente s";"440.2";"BR-116/RS";"Sul";"Tombamento";0;0;1;0;0;0;0;0;0;0;1;0;0;0;0
"12/01/2021";"11:11:00";"72";"Acidente s";"508.8";"BR-116/RS";"Sul";"Tombamento";0;0;1;0;0;0;0;0;0;0;2;0;0;0;0
"14/01/2021";"07:19:00";"124";"Acidente c";"446.9";"BR-116/RS";"Norte";"Queda de moto";0;0;0;1;0;0;0;0;0;0;1;1;0;0;0
"14/01/2021";"09:17:00";"148";"Acidente s";"555.3";"BR-116/RS";"Sul";"Atropelamento de Animal";1;0;0;0;0;0;0;0;0;0;1;0;0;0;0
"14/01/2021";"09:51:00";"155";"Acidente s";"24.2";"BR-392/RS";"Sul";"Abalr. Mesmo Sentido";1;0;1;0;0;0;0;0;0;0;2;0;0;0;0
"16/01/2021";"05:53:00";"8";"Acidente s";"522.1";"BR-116/RS";"Norte";"Capotamento";1;0;0;0;0;0;0;0;0;0;1;0;0;0;0
"16/01/2021";"08:09:00";"21";"Acidente s";"626.5";"BR-116/RS";"Norte";"Saída de Pista";0;0;1;0;0;0;0;0;0;0;2;0;0;0;0
"16/01/2021";"10:07:00";"42";"Acidente c";"494.4";"BR-116/RS";"Sul";"Saída de Pista";1;0;0;0;0;0;0;0;0;0;0;2;0;0;0
"16/01/2021";"12:33:00";"61";"Acidente c";"153.2";"BR-392/RS";"Sul";"Saída de Pista";0;0;1;0;0;0;0;0;0;0;5;2;0;0;0
"16/01/2021";"01:18:00";"62";"Acidente c";"15.8";"BR-392/RS";"Sul";"Saída de Pista";1;0;0;0;0;0;0;0;0;0;0;0;0;1;0
"16/01/2021";"02:07:00";"66";"Acidente c";"118";"BR-392/RS";"Norte";"Saída de Pista";1;0;0;0;0;0;0;0;0;0;1;1;0;0;0
"16/01/2021";"04:46:00";"82";"Acidente s";"68";"BR-392/RS";"Sul";"Colisão com Objeto Fixo";1;0;0;0;0;0;0;0;0;0;1;0;0;0;0
"16/01/2021";"05:24:00";"85";"Acidente s";"90";"BR-392/RS";"Sul";"Saída de Pista";2;0;0;0;0;0;0;0;0;0;3;0;0;0;0
"16/01/2021";"06:42:00";"88";"Acidente s";"491";"BR-116/RS";"Sul";"Colisão com Objeto Fixo";1;0;0;0;0;0;0;0;0;0;1;0;0;0;0
"18/01/2021";"03:48:00";"11";"Acidente c";"62.7";"BR-392/RS";"Sul";"Colisão Traseira";1;0;1;0;0;0;0;0;0;0;1;0;0;0;1
"18/01/2021";"04:46:00";"107";"Acidente s";"5.2";"BR-392/RS";"Sul";"Abalr. Transversal";1;0;0;0;1;0;0;0;0;0;2;0;0;0;0
"19/01/2021";"05:44:00";"12";"Acidente s";"567.4";"BR-116/RS";"Sul";"Saída de Pista";1;0;0;0;0;0;0;0;0;0;1;0;0;0;0
"19/01/2021";"03:56:00";"84";"Acidente s";"104.8";"BR-392/RS";"Norte";"Saída de Pista";1;0;1;0;0;0;0;0;0;0;4;0;0;0;0
"19/01/2021";"05:38:00";"90";"Acidente s";"95.2";"BR-392/RS";"Sul";"Saída de Pista";1;0;0;0;0;0;0;0;0;0;1;0;0;0;0
"19/01/2021";"08:32:00";"108";"Acidente c";"519.4";"BR-116/RS";"Norte";"Queda de moto";0;0;0;1;0;0;0;0;0;0;0;0;1;0;0
"22/01/2021";"01:01:00";"3";"Acidente s";"424";"BR-116/RS";"Sul";"Atropelamento de Animal";1;0;0;0;0;0;0;0;0;0;2;0;0;0;0
"22/01/2021";"06:00:00";"116";"Acidente s";"537.5";"BR-116/RS";"Norte";"Saída de Pista";1;0;0;0;0;0;0;0;0;0;1;0;0;0;0
"22/01/2021";"06:59:00";"129";"Acidente s";"67";"BR-392/RS";"Sul";"Abalr. Transversal";2;0;0;0;0;0;0;0;0;0;4;0;0;0;0
"23/01/2021";"01:05:00";"5";"Acidente c";"101";"BR-392/RS";"Norte";"Colisão Frontal";0;0;1;1;0;0;0;0;0;0;1;0;0;0;1
"23/01/2021";"02:20:00";"6";"Acidente c";"117.7";"BR-392/RS";"Norte";"Colisão Frontal";1;0;1;0;0;0;0;0;0;0;0;1;0;1;0
"23/01/2021";"09:06:00";"36";"Acidente s";"33.1";"BR-392/RS";"Sul";"Saída de Pista";1;0;0;0;0;0;0;0;0;0;1;0;0;0;0
"23/01/2021";"06:45:00";"89";"Acidente c";"525";"BR-116/RS";"Sul";"Abalr. Transversal";1;0;0;1;0;0;0;0;0;0;1;2;0;0;0
"23/01/2021";"06:48:00";"90";"Acidente c";"563";"BR-116/RS";"Sul";"Abalr. Transversal";2;0;0;0;0;0;0;0;0;0;2;1;0;0;0
"24/01/2021";"08:01:00";"86";"Acidente c";"504.1";"BR-116/RS";"Sul";"Atropelamento";0;1;1;0;0;0;0;0;0;0;1;0;0;0;1
"25/01/2021";"07:34:00";"21";"Acidente c";"523.2";"BR-116/RS";"Sul";"Queda de moto";0;0;0;1;0;0;0;0;0;0;0;1;0;0;0
"26/01/2021";"01:34:00";"3";"Acidente s";"492";"BR-116/RS";"Sul";"Atropelamento de Animal";1;0;0;0;0;0;0;0;0;0;1;0;0;0;0
"26/01/2021";"06:52:00";"14";"Acidente c";"60.95";"BR-392/RS";"Sul";"Capotamento";1;0;0;0;0;0;0;0;0;0;0;1;0;0;0
"26/01/2021";"12:14:00";"74";"Acidente c";"67";"BR-392/RS";"Sul";"Abalr. Transversal";1;0;0;0;1;0;0;0;0;0;1;1;0;0;0
"26/01/2021";"03:19:00";"96";"Acidente c";"24.4";"BR-392/RS";"Sul";"Saída de Pista";1;0;0;0;0;0;0;0;0;0;0;1;0;0;0
"26/01/2021";"07:21:00";"120";"Acidente s";"60";"BR-392/RS";"Sul";"Colisão Traseira";0;0;2;0;0;0;0;0;0;0;2;0;0;0;0
"26/01/2021";"07:26:00";"121";"Acidente s";"16";"BR-392/RS";"Norte";"Saída de Pista";1;0;0;0;0;0;0;0;0;0;1;0;0;0;0
"27/01/2021";"08:23:00";"31";"Acidente s";"16";"BR-392/RS";"Sul";"Saída de Pista";1;0;1;0;0;0;0;0;0;0;2;0;0;0;0
"27/01/2021";"10:38:00";"64";"Acidente s";"181.5";"BR-392/RS";"Norte";"Saída de Pista";1;0;0;0;0;0;0;0;0;0;1;0;0;0;0
"27/01/2021";"11:41:00";"72";"Acidente c";"503.8";"BR-116/RS";"Norte";"Colisão Traseira";1;0;1;0;0;0;0;0;0;0;1;0;0;0;1
"27/01/2021";"04:39:00";"98";"Acidente s";"28.3";"BR-392/RS";"Sul";"Colisão Traseira";1;0;1;0;0;0;0;0;0;0;4;0;0;0;0
"27/01/2021";"11:55:00";"134";"Acidente s";"509.3";"BR-116/RS";"Norte";"Colisão com Objeto Fixo";0;0;1;0;0;0;0;0;0;0;1;0;0;0;0
"29/01/2021";"05:39:00";"10";"Acidente c";"491";"BR-116/RS";"Sul";"Saída de Pista";1;0;0;0;0;0;0;0;0;0;0;1;0;0;0
"29/01/2021";"06:58:00";"110";"Acidente c";"71.7";"BR-392/RS";"Norte";"Abalr. Transversal";1;0;0;1;0;0;0;0;0;0;1;0;1;0;0
"30/01/2021";"01:43:00";"6";"Acidente s";"82.9";"BR-392/RS";"Norte";"Atropelamento de Animal";1;0;0;0;0;0;0;0;0;0;3;0;0;0;0
"30/01/2021";"03:40:00";"10";"Acidente c";"82";"BR-392/RS";"Norte";"Queda de moto";0;0;0;1;0;0;0;0;0;0;1;0;1;0;0
"31/01/2021";"12:16:00";"1";"Acidente s";"25";"BR-392/RS";"Norte";"Atropelamento de Animal";1;0;0;0;0;0;0;0;0;0;1;0;0;0;0
"01/02/2021";"10:32:00";"72";"Acidente s";"524";"BR-116/RS";"Norte";"Saída de Pista";1;0;0;0;0;0;0;0;0;0;2;0;0;0;0
"02/02/2021";"09:37:00";"141";"Acidente s";"487";"BR-116/RS";"Sul";"Outros tipos de acidente";1;0;0;0;0;0;0;0;0;0;1;0;0;0;0
"02/02/2021";"09:38:00";"142";"Acidente s";"488.3";"BR-116/RS";"Sul";"Outros tipos de acidente";1;0;0;0;0;0;0;0;0;0;2;0;0;0;0
"02/02/2021";"10:09:00";"147";"Acidente s";"487";"BR-116/RS";"Sul";"Outros tipos de acidente";1;0;0;0;0;0;0;0;0;0;1;0;0;0;0
"03/02/2021";"05:01:00";"15";"Acidente s";"469.5";"BR-116/RS";"Sul";"Colisão Traseira";1;0;1;0;0;0;0;0;0;0;2;0;0;0;0
"03/02/2021";"07:24:00";"130";"Acidente c";"421.9";"BR-116/RS";"Norte";"Saída de Pista";1;0;0;0;0;0;0;0;0;0;0;1;0;0;0
"03/02/2021";"10:49:00";"154";"Acidente s";"126";"BR-392/RS";"Norte";"Saída de Pista";0;0;1;0;0;0;0;0;0;0;1;0;0;0;0
"04/02/2021";"10:03:00";"54";"Acidente s";"119.9";"BR-392/RS";"Sul";"Saída de Pista";0;0;1;0;0;0;0;0;0;0;1;0;0;0;0
"04/02/2021";"01:57:00";"83";"Acidente s";"44.3";"BR-392/RS";"Norte";"Saída de Pista";1;0;0;0;0;0;0;0;0;0;2;0;0;0;0
"06/02/2021";"02:56:00";"18";"Acidente s";"41.2";"BR-392/RS";"Sul";"Saída de Pista";1;0;0;0;0;0;0;0;0;0;1;0;0;0;0
"06/02/2021";"03:09:00";"20";"Acidente s";"481.6";"BR-116/RS";"Sul";"Saída de Pista";0;0;1;0;0;0;0;0;0;0;1;0;0;0;0
"06/02/2021";"07:17:00";"29";"Acidente c";"12.1";"BR-392/RS";"Sul";"Saída de Pista";0;0;0;2;0;0;0;0;0;0;1;1;0;0;0
"06/02/2021";"07:43:00";"124";"Acidente c";"96.6";"BR-392/RS";"Sul";"Queda de moto";0;0;0;1;0;0;0;0;0;0;0;1;0;0;0
"06/02/2021";"09:16:00";"140";"Acidente s";"564.3";"BR-116/RS";"Norte";"Atropelamento de Animal";1;0;0;0;0;0;0;0;0;0;1;0;0;0;0
"07/02/2021";"01:29:00";"69";"Acidente c";"19.9";"BR-392/RS";"Sul";"Colisão Traseira";0;0;0;2;0;0;0;0;0;0;1;0;1;0;0
"07/02/2021";"02:43:00";"74";"Acidente s";"164";"BR-392/RS";"Sul";"Tombamento";0;0;1;0;0;0;0;0;0;0;1;0;0;0;0
"07/02/2021";"08:43:00";"119";"Acidente s";"61.5";"BR-392/RS";"Norte";"Saída de Pista";1;0;0;0;0;0;0;0;0;0;3;0;0;0;0
"08/02/2021";"07:28:00";"19";"Acidente c";"99.5";"BR-392/RS";"Sul";"Abalr. Transversal";1;0;0;1;0;0;0;0;0;0;2;0;2;0;0
"08/02/2021";"08:03:00";"130";"Acidente s";"425";"BR-116/RS";"Sul";"Atropelamento de Animal";0;0;1;0;0;0;0;0;0;0;1;0;0;0;0
"09/02/2021";"01:39:00";"3";"Acidente s";"575.7";"BR-116/RS";"Sul";"Atropelamento de Animal";1;0;0;0;0;0;0;0;0;0;2;0;0;0;0
"09/02/2021";"05:33:00";"102";"Acidente s";"528.5";"BR-116/RS";"Norte";"Colisão Traseira";1;0;1;0;0;0;0;0;0;0;3;0;0;0;0
"09/02/2021";"08:09:00";"113";"Acidente s";"517";"BR-116/RS";"Sul";"Colisão com Objeto Fixo";1;0;0;0;0;0;0;0;0;0;1;0;0;0;0
"09/02/2021";"08:21:00";"118";"Acidente s";"569.1";"BR-116/RS";"Sul";"Atropelamento de Animal";1;0;0;0;0;0;0;0;0;0;1;0;0;0;0
"10/02/2021";"11:13:00";"69";"Acidente c";"67";"BR-392/RS";"Norte";"Abalr. Transversal";1;0;1;0;0;0;0;0;0;0;2;0;1;0;0
"10/02/2021";"02:13:00";"88";"Acidente s";"81.5";"BR-392/RS";"Norte";"Saída de Pista";1;0;0;0;0;0;0;0;0;0;2;0;0;0;0
"10/02/2021";"11:03:00";"143";"Acidente s";"606.5";"BR-116/RS";"Norte";"Saída de Pista";1;0;0;0;0;0;0;0;0;0;1;0;0;0;0
"12/02/2021";"02:32:00";"92";"Acidente c";"613";"BR-116/RS";"Norte";"Abalr. Transversal";1;0;1;0;0;0;0;0;0;0;2;1;0;0;0
"12/02/2021";"04:49:00";"106";"Acidente s";"529";"BR-116/RS";"Norte";"Abalr. Transversal";1;0;0;1;0;0;0;0;0;0;2;0;0;0;0
"12/02/2021";"05:47:00";"110";"Acidente s";"115.3";"BR-392/RS";"Norte";"Colisão Traseira";2;0;0;0;0;0;0;0;0;0;3;0;0;0;0
"12/02/2021";"09:17:00";"134";"Acidente s";"533";"BR-116/RS";"Norte";"Saída de Pista";1;0;0;0;0;0;0;0;0;0;2;0;0;0;0
"12/02/2021";"11:36:00";"148";"Acidente c";"530";"BR-116/RS";"Norte";"Atropelamento de Animal";1;0;0;0;0;0;0;0;0;0;0;1;3;1;0
"12/02/2021";"11:49:00";"150";"Acidente c";"579.2";"BR-116/RS";"Sul";"Atropelamento";1;0;0;0;0;0;0;0;0;0;1;0;0;0;1
"13/02/2021";"12:13:00";"2";"Acidente s";"49";"BR-392/RS";"Sul";"Saída de Pista";1;0;0;0;0;0;0;0;0;0;1;0;0;0;0
"14/02/2021";"08:40:00";"110";"Acidente c";"561.2";"BR-116/RS";"Norte";"Saída de Pista";1;0;0;0;0;0;0;0;0;0;0;0;1;0;0
"15/02/2021";"02:24:00";"4";"Acidente s";"117";"BR-392/RS";"Norte";"Saída de Pista";1;0;0;0;0;0;0;0;0;0;2;0;0;0;0
"15/02/2021";"07:40:00";"116";"Acidente s";"26.3";"BR-392/RS";"Norte";"Colisão Traseira";2;0;0;0;0;0;0;0;0;0;5;0;0;0;0
"15/02/2021";"11:49:00";"143";"Acidente s";"545";"BR-116/RS";"Norte";"Tombamento";1;0;1;0;0;0;0;0;0;0;2;0;0;0;0
"17/02/2021";"07:17:00";"16";"Acidente c";"527.2";"BR-116/RS";"Sul";"Abalr. Transversal";1;0;0;1;0;0;0;0;0;0;1;1;0;0;0
"17/02/2021";"07:51:00";"28";"Acidente c";"515.5";"BR-116/RS";"Sul";"Saída de Pista";1;0;0;0;0;0;0;0;0;0;1;0;1;0;0
"17/02/2021";"04:38:00";"101";"Acidente s";"529.3";"BR-116/RS";"Norte";"Abalr. Transversal";0;0;2;0;0;0;0;0;0;0;5;0;0;0;0
"18/02/2021";"12:51:00";"71";"Acidente c";"450";"BR-116/RS";"Norte";"Colisão Traseira";1;0;1;0;0;0;0;0;0;0;1;0;1;0;0
"18/02/2021";"08:09:00";"126";"Acidente s";"505.5";"BR-116/RS";"Norte";"Outros tipos de acidente";1;0;0;0;0;0;0;0;0;0;4;0;0;0;0
"19/02/2021";"07:50:00";"23";"Acidente c";"80";"BR-392/RS";"Sul";"Abalr. Mesmo Sentido";1;0;0;1;0;0;0;0;0;0;2;0;1;0;0
"19/02/2021";"05:53:00";"105";"Acidente c";"13";"BR-392/RS";"Sul";"Atropelamento";1;1;0;0;0;0;0;0;0;0;2;0;0;1;0
"19/02/2021";"07:34:00";"118";"Acidente c";"44";"BR-392/RS";"Norte";"Queda de moto";0;0;0;1;0;0;0;0;0;0;0;0;2;0;0
"19/02/2021";"08:53:00";"127";"Acidente c";"426.5";"BR-116/RS";"Sul";"Abalr. Sentido Oposto";1;0;1;0;0;0;0;0;0;0;2;1;0;0;0
"19/02/2021";"10:38:00";"135";"Acidente s";"18.5";"BR-392/RS";"Sul";"Tombamento";0;0;1;0;0;0;0;0;0;0;1;0;0;0;0
"20/02/2021";"04:34:00";"11";"Acidente s";"9.6";"BR-392/RS";"Norte";"Saída de Pista";1;0;0;0;0;0;0;0;0;0;1;0;0;0;0
"20/02/2021";"08:36:00";"119";"Acidente s";"63.1";"BR-392/RS";"Sul";"Atropelamento de Animal";0;0;1;0;0;0;0;0;0;0;2;0;0;0;0
"20/02/2021";"08:39:00";"120";"Acidente s";"63.1";"BR-392/RS";"Sul";"Atropelamento de Animal";1;0;0;0;0;0;0;0;0;0;5;0;0;0;0
"20/02/2021";"08:46:00";"124";"Acidente s";"609.2";"BR-116/RS";"Sul";"Atropelamento de Animal";1;0;0;0;0;0;0;0;0;0;4;0;0;0;0
"21/02/2021";"07:34:00";"102";"Acidente s";"43";"BR-392/RS";"Norte";"Saída de Pista";1;0;0;0;0;0;0;0;0;0;5;0;0;0;0
"21/02/2021";"11:48:00";"134";"Acidente s";"648.6";"BR-116/RS";"Sul";"Saída de Pista";1;0;0;0;0;0;0;0;0;0;2;0;0;0;0
"22/02/2021";"11:44:00";"75";"Acidente c";"1.8";"BR-392/RS";"Norte";"Tombamento";0;0;1;0;0;0;0;0;0;0;0;0;1;0;0
"22/02/2021";"09:28:00";"151";"Acidente s";"14.7";"BR-392/RS";"Sul";"Outros tipos de acidente";1;0;0;0;0;0;0;0;0;0;1;0;0;0;0
"22/02/2021";"10:27:00";"160";"Acidente s";"525.4";"BR-116/RS";"Norte";"Saída de Pista";1;0;0;0;0;0;0;0;0;0;2;0;0;0;0
"23/02/2021";"10:20:00";"53";"Acidente c";"525";"BR-116/RS";"Sul";"Colisão Traseira";1;0;0;0;0;0;0;0;0;0;1;1;0;0;0
"23/02/2021";"08:06:00";"127";"Acidente s";"582";"BR-116/RS";"Sul";"Atropelamento de Animal";1;0;0;0;0;0;0;0;0;0;2;0;0;0;0
"25/02/2021";"08:17:00";"17";"Acidente s";"414.2";"BR-116/RS";"Norte";"Abalr. Sentido Oposto";1;0;1;0;0;0;0;0;0;0;3;0;0;0;0
"25/02/2021";"01:54:00";"67";"Acidente s";"53.1";"BR-392/RS";"Norte";"Abalr. Transversal";1;0;0;1;0;0;0;0;0;0;4;0;0;0;0
"25/02/2021";"05:10:00";"86";"Acidente c";"27.4";"BR-392/RS";"Norte";"Colisão Traseira";0;1;1;0;0;0;0;0;0;0;1;0;0;1;0
"25/02/2021";"08:02:00";"102";"Acidente c";"39.4";"BR-392/RS";"Norte";"Queda de moto";0;0;0;1;0;0;0;0;0;0;0;1;0;0;0
"26/02/2021";"06:35:00";"9";"Acidente c";"532.3";"BR-116/RS";"Norte";"Abalr. Sentido Oposto";1;0;1;0;0;0;0;0;0;0;8;1;0;0;0
"26/02/2021";"02:23:00";"75";"Acidente c";"54.6";"BR-392/RS";"Norte";"Queda de moto";0;0;0;1;0;0;0;0;0;0;0;0;2;0;0
"28/02/2021";"05:55:00";"78";"Acidente c";"526.8";"BR-116/RS";"Sul";"Colisão com Objeto Fixo";0;0;0;1;0;0;0;0;0;0;0;0;1;0;0
"01/03/2021";"10:37:00";"53";"Acidente s";"639";"BR-116/RS";"Sul";"Colisão Traseira";1;0;1;0;0;0;0;0;0;0;2;0;0;0;0
"02/03/2021";"07:47:00";"17";"Acidente s";"91.9";"BR-392/RS";"Sul";"Saída de Pista";0;0;1;0;0;0;0;0;0;0;2;0;0;0;0
"03/03/2021";"08:24:00";"101";"Acidente s";"105";"BR-392/RS";"Norte";"Saída de Pista";1;0;0;0;0;0;0;0;0;0;1;0;0;0;0
"04/03/2021";"10:20:00";"45";"Acidente s";"61";"BR-392/RS";"Sul";"Saída de Pista";1;0;0;0;0;0;0;0;0;0;1;0;0;0;0
"05/03/2021";"12:51:00";"3";"Acidente s";"524.7";"BR-116/RS";"Sul";"Saída de Pista";0;0;1;0;0;0;0;0;0;0;2;0;0;0;0
"05/03/2021";"01:08:00";"5";"Acidente s";"91.2";"BR-392/RS";"Sul";"Outros tipos de acidente";1;0;0;0;0;0;0;0;0;0;2;0;0;0;0
"05/03/2021";"09:21:00";"35";"Acidente s";"67.5";"BR-392/RS";"Norte";"Saída de Pista";1;0;0;0;0;0;0;0;0;0;1;0;0;0;0
"05/03/2021";"09:22:00";"36";"Acidente c";"73.9";"BR-392/RS";"Norte";"Abalr. Transversal";1;0;0;1;0;0;0;0;0;0;1;1;0;0;0
"05/03/2021";"12:26:00";"62";"Acidente s";"526.5";"BR-116/RS";"Sul";"Saída de Pista";1;0;0;0;0;0;0;0;0;0;3;0;0;0;0
"05/03/2021";"08:12:00";"112";"Acidente s";"526";"BR-116/RS";"Norte";"Colisão Traseira";1;0;0;0;1;0;0;0;0;0;19;0;0;0;0
"06/03/2021";"01:38:00";"2";"Acidente s";"405";"BR-116/RS";"Sul";"Saída de Pista";1;0;1;0;0;0;0;0;0;0;2;0;0;0;0
"06/03/2021";"03:31:00";"81";"Acidente c";"464.2";"BR-116/RS";"Norte";"Abalr. Transversal";1;0;0;1;0;0;0;0;0;0;1;1;0;0;0
"07/03/2021";"02:47:00";"64";"Acidente c";"2.8";"BR-392/RS";"Norte";"Abalr. Transversal";2;0;0;0;0;0;0;0;0;0;1;2;0;0;0
"07/03/2021";"09:16:00";"90";"Acidente s";"74";"BR-392/RS";"Sul";"Atropelamento de Animal";1;0;0;0;0;0;0;0;0;0;3;0;0;0;0
"08/03/2021";"03:04:00";"86";"Acidente c";"61.8";"BR-392/RS";"Sul";"Atropelamento";0;1;1;0;0;0;0;0;0;0;1;0;1;0;0
"09/03/2021";"06:05:00";"98";"Acidente c";"530";"BR-116/RS";"Sul";"Abalr. Transversal";1;0;0;1;0;0;0;0;0;0;1;2;0;0;0
"09/03/2021";"11:19:00";"125";"Acidente s";"79";"BR-392/RS";"Norte";"Atropelamento de Animal";1;0;0;0;0;0;0;0;0;0;1;0;0;0;0
"10/03/2021";"01:19:00";"1";"Acidente s";"483";"BR-116/RS";"Norte";"Atropelamento de Animal";0;0;1;0;0;0;0;0;0;0;1;0;0;0;0
"10/03/2021";"01:33:00";"60";"Acidente c";"9";"BR-392/RS";"Norte";"Colisão Traseira";0;0;1;1;0;0;0;0;0;0;1;1;0;0;0
"11/03/2021";"07:59:00";"112";"Acidente s";"401.9";"BR-116/RS";"Norte";"Abalr. Transversal";2;0;0;0;0;0;0;0;0;0;2;0;0;0;0
"12/03/2021";"05:38:00";"6";"Acidente s";"437";"BR-116/RS";"Norte";"Saída de Pista";0;0;1;0;0;0;0;0;0;0;1;0;0;0;0
"14/03/2021";"11:08:00";"115";"Acidente s";"56.5";"BR-392/RS";"Sul";"Atropelamento de Animal";0;0;1;0;0;0;0;0;0;0;1;0;0;0;0
"15/03/2021";"05:21:00";"83";"Acidente c";"120.6";"BR-392/RS";"Norte";"Abalr. Transversal";1;0;1;0;0;0;0;0;0;0;1;0;1;0;0
"15/03/2021";"05:29:00";"84";"Acidente s";"521";"BR-116/RS";"Sul";"Outros tipos de acidente";0;0;1;0;0;0;0;0;0;0;1;0;0;0;0
"16/03/2021";"05:14:00";"10";"Acidente s";"419.5";"BR-116/RS";"Sul";"Atropelamento de Animal";1;0;0;0;0;0;0;0;0;0;1;0;0;0;0
"16/03/2021";"05:26:00";"12";"Acidente s";"446.3";"BR-116/RS";"Sul";"Tombamento";0;0;1;0;0;0;0;0;0;0;1;0;0;0;0
"16/03/2021";"05:54:00";"124";"Acidente s";"440.7";"BR-116/RS";"Norte";"Saída de Pista";1;0;0;0;0;0;0;0;0;0;2;0;0;0;0
"17/03/2021";"04:53:00";"6";"Acidente c";"512.6";"BR-116/RS";"Norte";"Saída de Pista";0;0;1;0;0;0;0;0;0;0;2;1;0;0;0
"17/03/2021";"08:02:00";"130";"Acidente s";"606.6";"BR-116/RS";"Sul";"Colisão Traseira";0;0;2;0;0;0;0;0;0;0;2;0;0;0;0
"17/03/2021";"08:41:00";"133";"Acidente s";"546";"BR-116/RS";"Norte";"Atropelamento de Animal";0;0;1;0;0;0;0;0;0;0;1;0;0;0;0
"18/03/2021";"08:59:00";"117";"Acidente c";"117";"BR-392/RS";"Norte";"Saída de Pista";1;0;0;0;0;0;0;0;0;0;0;1;0;0;0
"18/03/2021";"09:18:00";"119";"Acidente s";"83.2";"BR-392/RS";"Sul";"Abalr. Mesmo Sentido";0;0;2;0;0;0;0;0;0;0;2;0;0;0;0
"19/03/2021";"01:16:00";"8";"Acidente s";"467";"BR-116/RS";"Norte";"Saída de Pista";0;0;1;0;0;0;0;0;0;0;1;0;0;0;0
"19/03/2021";"03:04:00";"10";"Acidente c";"16";"BR-392/RS";"Norte";"Outros tipos de acidente";0;0;1;0;0;0;0;0;0;0;0;0;1;0;0
"19/03/2021";"07:28:00";"17";"Acidente c";"84.6";"BR-392/RS";"Sul";"Saída de Pista";1;0;0;0;0;0;0;0;0;0;0;1;0;0;0
"19/03/2021";"11:09:00";"151";"Acidente s";"27.7";"BR-392/RS";"Norte";"Tombamento";0;0;1;0;0;0;0;0;0;0;1;0;0;0;0
"20/03/2021";"11:10:00";"62";"Acidente s";"405.2";"BR-116/RS";"Sul";"Saída de Pista";1;0;0;0;0;0;0;0;0;0;1;0;0;0;0
"20/03/2021";"11:31:00";"67";"Acidente s";"16.2";"BR-392/RS";"Sul";"Abalr. Mesmo Sentido";1;0;1;0;0;0;0;0;0;0;3;0;0;0;0
"20/03/2021";"02:48:00";"84";"Acidente c";"479";"BR-116/RS";"Sul";"Saída de Pista";1;0;0;0;0;0;0;0;0;0;0;2;0;0;0
"20/03/2021";"09:19:00";"120";"Acidente c";"495.8";"BR-116/RS";"Norte";"Saída de Pista";0;0;1;0;0;0;0;0;0;0;0;0;0;1;0
"20/03/2021";"11:55:00";"133";"Acidente s";"126";"BR-392/RS";"Sul";"Tombamento";0;0;1;0;0;0;0;0;0;0;1;0;0;0;0
"21/03/2021";"03:12:00";"8";"Acidente s";"115";"BR-392/RS";"Sul";"Capotamento";1;0;0;0;0;0;0;0;0;0;1;0;0;0;0