data;horario;n_da_ocorrencia;tipo_de_ocorrencia;km;trecho;sentido;tipo_de_acidente;automovel;bicicleta;caminhao;moto;onibus;outros;tracao_animal;transporte_de_cargas_especiais;trator_maquinas;utilitarios;ilesos;levemente_feridos;moderadamente_feridos;gravemente_feridos;mortos
"21/03/2021";"01:59:00";"58";"Acidente s";"31";"BR-392/RS";"Norte";"Outros tipos de acidente";1;0;0;0;0;0;0;0;0;0;5;0;0;0;0
"22/03/2021";"02:42:00";"5";"Acidente s";"435";"BR-116/RS";"Norte";"Atropelamento de Animal";1;0;0;0;0;0;0;0;0;0;1;0;0;0;0
"22/03/2021";"06:27:00";"10";"Acidente c";"563.5";"BR-116/RS";"Sul";"Abalr. Transversal";1;0;1;0;0;0;0;0;0;0;1;2;0;0;0
"23/03/2021";"05:07:00";"87";"Acidente c";"477.2";"BR-116/RS";"Norte";"Abalr. Mesmo Sentido";0;1;1;0;0;0;0;0;0;0;1;0;1;0;0
"24/03/2021";"12:25:00";"2";"Acidente s";"413";"BR-116/RS";"Norte";"Saída de Pista";1;0;0;0;0;0;0;0;0;0;4;0;0;0;0
"25/03/2021";"03:01:00";"12";"Acidente s";"58";"BR-392/RS";"Sul";"Colisão Traseira";1;0;1;0;0;0;0;0;0;0;2;0;0;0;0
"25/03/2021";"05:03:00";"16";"Acidente c";"9";"BR-392/RS";"Sul";"Colisão Traseira";0;0;2;0;0;0;0;0;0;0;1;1;0;0;0
"26/03/2021";"09:42:00";"131";"Acidente s";"450.3";"BR-116/RS";"Sul";"Colisão Traseira";0;0;2;0;0;0;0;0;0;0;2;0;0;0;0
"27/03/2021";"06:16:00";"102";"Acidente s";"521.8";"BR-116/RS";"Norte";"Colisão Traseira";2;0;0;0;0;0;0;0;0;0;6;0;0;0;0
"28/03/2021";"08:54:00";"32";"Acidente c";"523.5";"BR-116/RS";"Norte";"Queda de moto";0;0;0;1;0;0;0;0;0;0;0;0;2;0;0
"30/03/2021";"02:12:00";"8";"Acidente c";"474.6";"BR-116/RS";"Sul";"Tombamento";0;0;1;0;0;0;0;0;0;0;0;1;0;0;0
"30/03/2021";"07:31:00";"18";"Acidente c";"10.5";"BR-392/RS";"Sul";"Colisão Traseira";0;0;2;0;0;0;0;0;0;0;1;1;0;0;0
"31/03/2021";"12:30:00";"3";"Acidente s";"485";"BR-116/RS";"Sul";"Saída de Pista";0;0;1;0;0;0;0;0;0;0;1;0;0;0;0
"31/03/2021";"10:24:00";"52";"Acidente c";"42.9";"BR-392/RS";"Norte";"Atropelamento de Animal";0;0;0;1;0;0;0;0;0;0;0;0;1;0;0
"31/03/2021";"08:07:00";"121";"Acidente c";"467.1";"BR-116/RS";"Norte";"Colisão Frontal";1;0;1;0;0;0;0;0;0;0;1;0;0;1;1
"02/04/2021";"05:22:00";"84";"Acidente c";"140";"BR-392/RS";"Sul";"Abalr. Transversal";0;0;1;1;0;0;0;0;0;0;2;0;1;0;0
"05/04/2021";"07:21:00";"16";"Acidente c";"520.9";"BR-116/RS";"Norte";"Abalr. Transversal";1;0;0;1;0;0;0;0;0;0;2;0;1;0;0
"05/04/2021";"04:40:00";"95";"Acidente c";"136.9";"BR-392/RS";"Sul";"Colisão Frontal";1;0;1;0;0;0;0;0;0;0;0;1;0;1;2
"06/04/2021";"09:17:00";"55";"Acidente c";"140.3";"BR-392/RS";"Sul";"Abalr. Transversal";1;0;1;0;0;0;0;0;0;0;3;2;0;0;0
"07/04/2021";"07:51:00";"127";"Acidente c";"646.5";"BR-116/RS";"Sul";"Colisão Traseira";0;0;1;1;0;0;0;0;0;0;1;0;1;1;0
"08/04/2021";"08:13:00";"135";"Acidente c";"15.9";"BR-392/RS";"Norte";"Colisão Traseira";0;0;0;1;0;0;1;0;0;0;0;1;0;0;0
"08/04/2021";"10:56:00";"159";"Acidente s";"66";"BR-392/RS";"Norte";"Saída de Pista";0;0;0;0;0;1;0;0;0;0;4;0;0;0;0
"10/04/2021";"07:26:00";"20";"Acidente s";"8.5";"BR-392/RS";"Sul";"Abalr. Sentido Oposto";1;0;1;0;0;0;0;0;0;0;2;0;0;0;0
"14/04/2021";"05:44:00";"97";"Acidente c";"628.6";"BR-116/RS";"Norte";"Saída de Pista";1;0;0;0;0;0;0;0;0;0;0;0;1;0;0
"15/04/2021";"01:53:00";"91";"Acidente c";"494";"BR-116/RS";"Sul";"Queda de moto";0;0;0;1;0;0;0;0;0;0;0;0;1;0;0
"15/04/2021";"04:15:00";"107";"Acidente s";"21.5";"BR-392/RS";"Sul";"Saída de Pista";1;0;0;0;0;0;0;0;0;0;2;0;0;0;0
"15/04/2021";"07:50:00";"132";"Acidente c";"480.4";"BR-116/RS";"Sul";"Abalr. Transversal";2;0;0;0;0;0;0;0;0;0;0;2;1;0;0
"16/04/2021";"11:53:00";"151";"Acidente c";"418.8";"BR-116/RS";"Norte";"Saída de Pista";1;0;0;0;0;0;0;0;0;0;0;1;0;0;0
"17/04/2021";"10:32:00";"66";"Acidente c";"91.5";"BR-392/RS";"Norte";"Saída de Pista";0;0;1;0;0;0;0;0;0;0;0;1;1;0;0
"17/04/2021";"02:21:00";"86";"Acidente c";"14.5";"BR-392/RS";"Sul";"Colisão Traseira";0;0;1;1;0;0;0;0;0;0;1;0;1;0;0
"17/04/2021";"02:42:00";"89";"Acidente c";"33";"BR-392/RS";"Norte";"Abalr. Transversal";1;0;1;0;0;0;0;0;0;0;1;1;1;2;0
"17/04/2021";"06:03:00";"103";"Acidente c";"515";"BR-116/RS";"Sul";"Queda de moto";0;0;0;1;0;0;0;0;0;0;0;1;1;0;0
"18/04/2021";"06:37:00";"12";"Acidente c";"526";"BR-116/RS";"Norte";"Queda de moto";0;0;0;1;0;0;0;0;0;0;0;1;0;0;0
"18/04/2021";"06:46:00";"124";"Acidente c";"529";"BR-116/RS";"Norte";"Abalr. Transversal";0;0;0;2;0;0;0;0;0;0;0;0;0;2;0
"20/04/2021";"10:29:00";"65";"Acidente c";"9.8";"BR-392/RS";"Sul";"Colisão Traseira";0;0;1;1;0;0;0;0;0;0;1;0;1;0;0
"21/04/2021";"12:20:00";"1";"Acidente c";"43.8";"BR-392/RS";"Norte";"Outros tipos de acidente";0;0;1;1;0;0;0;0;0;0;1;0;1;0;0
"21/04/2021";"12:39:00";"4";"Acidente c";"43.8";"BR-392/RS";"Norte";"Outros tipos de acidente";0;0;1;1;0;0;0;0;0;0;1;0;1;0;0
"23/04/2021";"12:55:00";"85";"Acidente c";"517";"BR-116/RS";"Norte";"Abalr. Transversal";1;0;0;1;0;0;0;0;0;0;2;1;0;0;0
"23/04/2021";"01:40:00";"89";"Acidente c";"505";"BR-116/RS";"Norte";"Saída de Pista";2;0;0;0;0;0;0;0;0;0;1;0;1;0;0
"23/04/2021";"07:27:00";"124";"Acidente s";"568.5";"BR-116/RS";"Sul";"Atropelamento de Animal";1;0;0;0;0;0;0;0;0;0;4;0;0;0;0
"23/04/2021";"08:56:00";"140";"Acidente s";"530.1";"BR-116/RS";"Sul";"Abalr. Sentido Oposto";2;0;0;0;0;0;0;0;0;0;2;0;0;0;0
"23/04/2021";"09:08:00";"141";"Acidente c";"189";"BR-392/RS";"Norte";"Colisão Frontal";1;0;1;0;0;0;0;0;0;0;1;0;0;1;1
"24/04/2021";"11:12:00";"59";"Acidente c";"442.5";"BR-116/RS";"Sul";"Saída de Pista";0;0;1;0;0;0;0;0;0;0;0;1;0;0;0
"25/04/2021";"06:05:00";"13";"Acidente c";"515";"BR-116/RS";"Norte";"Atropelamento de Animal";0;0;0;1;0;0;0;0;0;0;0;0;1;0;0
"28/04/2021";"02:20:00";"9";"Acidente s";"18.9";"BR-392/RS";"Norte";"Atropelamento de Animal";0;0;1;0;0;0;0;0;0;0;1;0;0;0;0
"28/04/2021";"07:41:00";"104";"Acidente c";"103";"BR-392/RS";"Sul";"Colisão Traseira";0;0;2;0;0;0;0;0;0;0;1;0;1;0;0
"29/04/2021";"08:44:00";"107";"Acidente s";"524.5";"BR-116/RS";"Sul";"Saída de Pista";0;0;1;0;0;0;0;0;0;0;1;0;0;0;0
"30/04/2021";"06:02:00";"13";"Acidente c";"411";"BR-116/RS";"Sul";"Saída de Pista";0;0;1;0;0;0;0;0;0;0;0;1;0;0;0
"02/05/2021";"05:14:00";"6";"Acidente c";"72.8";"BR-392/RS";"Norte";"Saída de Pista";1;0;0;0;0;0;0;0;0;0;0;0;1;0;0
"04/05/2021";"10:18:00";"51";"Acidente s";"19.7";"BR-392/RS";"Sul";"Colisão com Objeto Fixo";1;0;0;0;0;0;0;0;0;0;2;0;0;0;0
"04/05/2021";"12:34:00";"66";"Acidente c";"450";"BR-116/RS";"Norte";"Saída de Pista";1;0;0;0;0;0;0;0;0;0;3;1;1;0;0
"04/05/2021";"01:55:00";"77";"Acidente c";"41";"BR-392/RS";"Sul";"Saída de Pista";1;0;0;0;0;0;0;0;0;0;1;3;0;0;0
"08/05/2021";"08:05:00";"90";"Acidente c";"123";"BR-392/RS";"Norte";"Colisão Frontal";1;0;2;0;0;0;0;0;0;0;2;0;0;0;1
"09/05/2021";"01:47:00";"9";"Acidente c";"656.5";"BR-116/RS";"Norte";"Colisão Traseira";1;0;0;2;0;0;0;0;0;0;1;2;0;0;1
"09/05/2021";"03:29:00";"78";"Acidente c";"1.7";"BR-392/RS";"Sul";"Tombamento";0;1;1;0;0;0;0;0;0;0;1;0;0;0;1
"11/05/2021";"01:29:00";"6";"Acidente s";"119";"BR-392/RS";"Norte";"Atropelamento de Animal";0;0;1;0;0;0;0;0;0;0;1;0;0;0;0
"11/05/2021";"01:41:00";"8";"Acidente s";"119";"BR-392/RS";"Sul";"Atropelamento de Animal";0;0;1;0;0;0;0;0;0;0;1;0;0;0;0
"13/05/2021";"08:39:00";"23";"Acidente c";"518";"BR-116/RS";"Norte";"Outros tipos de acidente";0;0;0;1;0;0;0;0;0;0;0;1;0;0;0
"14/05/2021";"02:52:00";"64";"Acidente c";"412.9";"BR-116/RS";"Sul";"Colisão Frontal";2;0;0;0;0;0;0;0;0;0;2;1;0;0;0
"15/05/2021";"12:59:00";"4";"Acidente s";"57.3";"BR-392/RS";"Sul";"Saída de Pista";1;0;0;0;0;0;0;0;0;0;1;0;0;0;0
"15/05/2021";"01:41:00";"64";"Acidente c";"35.9";"BR-392/RS";"Norte";"Queda de moto";0;0;0;1;0;0;0;0;0;0;0;1;0;0;0
"16/05/2021";"08:13:00";"31";"Acidente c";"586.9";"BR-116/RS";"Sul";"Saída de Pista";1;0;0;0;0;0;0;0;0;0;0;0;1;1;0
"16/05/2021";"08:09:00";"92";"Acidente c";"518.7";"BR-116/RS";"Norte";"Colisão com Objeto Fixo";1;0;0;0;0;0;0;0;0;0;0;1;0;0;0
"17/05/2021";"07:06:00";"8";"Acidente c";"560.5";"BR-116/RS";"Sul";"Colisão Frontal";1;0;0;1;0;0;0;0;0;0;3;0;0;0;1
"18/05/2021";"05:39:00";"8";"Acidente s";"41.8";"BR-392/RS";"Sul";"Atropelamento de Animal";1;0;0;0;0;0;0;0;0;0;4;0;0;0;0
"18/05/2021";"06:07:00";"10";"Acidente s";"41.8";"BR-392/RS";"Sul";"Atropelamento de Animal";1;0;0;0;0;0;0;0;0;0;1;0;0;0;0
"18/05/2021";"09:37:00";"39";"Acidente c";"187";"BR-392/RS";"Norte";"Colisão Frontal";1;0;1;0;0;0;0;0;0;0;1;0;0;0;2
"21/05/2021";"12:16:00";"1";"Acidente c";"1.7";"BR-392/RS";"Sul";"Abalr. Transversal";1;0;1;0;0;0;0;0;0;0;1;1;0;0;0
"21/05/2021";"06:27:00";"92";"Acidente s";"427";"BR-116/RS";"Norte";"Atropelamento de Animal";0;0;0;1;0;0;0;0;0;0;1;0;0;0;0
"25/05/2021";"07:45:00";"18";"Acidente s";"5.1";"BR-392/RS";"Norte";"Abalr. Transversal";0;0;2;0;0;0;0;0;0;0;2;0;0;0;0
"26/05/2021";"03:08:00";"67";"Acidente c";"558.2";"BR-116/RS";"Sul";"Saída de Pista";0;0;0;1;0;0;0;0;0;0;0;0;2;0;0
"26/05/2021";"06:13:00";"78";"Acidente c";"514";"BR-116/RS";"Norte";"Colisão com Objeto Fixo";0;0;0;1;0;0;0;0;0;0;0;1;0;0;0
"26/05/2021";"11:46:00";"108";"Acidente c";"5.6";"BR-392/RS";"Norte";"Saída de Pista";1;0;0;0;0;0;0;0;0;0;0;1;0;0;0
"28/05/2021";"03:30:00";"55";"Acidente c";"602.8";"BR-116/RS";"Sul";"Colisão Frontal";2;0;0;0;0;0;0;0;0;0;0;3;2;0;0
"29/05/2021";"03:22:00";"64";"Acidente c";"123.4";"BR-392/RS";"Norte";"Abalr. Transversal";2;0;0;0;0;0;0;0;0;0;0;3;1;0;0
"29/05/2021";"04:15:00";"69";"Acidente c";"11";"BR-392/RS";"Norte";"Queda de moto";0;0;0;1;0;0;0;0;0;0;0;1;0;0;0
"29/05/2021";"06:54:00";"80";"Acidente c";"59.5";"BR-392/RS";"Sul";"Saída de Pista";0;0;1;0;0;0;0;0;0;0;0;1;0;0;0
"29/05/2021";"11:26:00";"106";"Acidente s";"167";"BR-392/RS";"Sul";"Atropelamento de Animal";0;0;1;0;0;0;0;0;0;0;2;0;0;0;0
"30/05/2021";"04:46:00";"69";"Acidente c";"530.05";"BR-116/RS";"Norte";"Abalr. Transversal";2;0;0;0;0;0;0;0;0;0;4;1;0;0;0
"30/05/2021";"09:55:00";"97";"Acidente c";"118.1";"BR-392/RS";"Sul";"Atropelamento de Animal";0;0;0;1;0;0;0;0;0;0;0;1;0;0;0
"30/05/2021";"11:25:00";"106";"Acidente c";"653.5";"BR-116/RS";"Sul";"Abalr. Sentido Oposto";1;0;2;0;1;0;0;0;0;0;21;0;2;0;0
"01/06/2021";"08:59:00";"38";"Acidente c";"20.9";"BR-392/RS";"Norte";"Abalr. Mesmo Sentido";1;0;1;0;0;0;0;0;0;0;1;0;1;0;0
"02/06/2021";"01:05:00";"76";"Acidente c";"12.1";"BR-392/RS";"Norte";"Colisão Traseira";0;0;1;1;0;0;0;0;0;0;1;0;1;0;0
"02/06/2021";"07:24:00";"108";"Acidente s";"6.7";"BR-392/RS";"Sul";"Abalr. Transversal";1;0;0;1;0;0;0;0;0;0;3;0;0;0;0
"03/06/2021";"07:49:00";"87";"Acidente s";"566.5";"BR-116/RS";"Norte";"Atropelamento de Animal";1;0;0;0;0;0;0;0;0;0;2;0;0;0;0
"03/06/2021";"09:59:00";"98";"Acidente s";"173";"BR-392/RS";"Norte";"Atropelamento de Animal";0;0;1;0;0;0;0;0;0;0;1;0;0;0;0
"03/06/2021";"10:27:00";"105";"Acidente c";"6.5";"BR-392/RS";"Norte";"Saída de Pista";0;0;0;1;0;0;0;0;0;0;1;1;0;0;0
"06/06/2021";"08:29:00";"75";"Acidente c";"21.9";"BR-392/RS";"Norte";"Saída de Pista";1;0;0;0;0;0;0;0;0;0;0;0;1;0;0
"07/06/2021";"07:22:00";"15";"Acidente c";"530.1";"BR-116/RS";"Norte";"Abalr. Transversal";1;0;0;1;0;0;0;0;0;0;1;0;0;1;0
"07/06/2021";"09:40:00";"123";"Acidente c";"84";"BR-392/RS";"Sul";"Tombamento";0;0;1;0;0;0;0;0;0;0;0;0;0;1;0
"10/06/2021";"07:14:00";"15";"Acidente c";"5.1";"BR-392/RS";"Norte";"Colisão Traseira";0;0;1;1;0;0;0;0;0;0;1;0;1;0;0
"12/06/2021";"05:10:00";"11";"Acidente c";"427";"BR-116/RS";"Sul";"Saída de Pista";1;0;1;0;0;0;0;0;0;0;1;1;0;0;0
"13/06/2021";"03:06:00";"49";"Acidente c";"140";"BR-392/RS";"Sul";"Abalr. Transversal";1;0;0;1;0;0;0;0;0;0;2;0;0;2;0
"14/06/2021";"05:40:00";"15";"Acidente c";"77.4";"BR-392/RS";"Sul";"Saída de Pista";0;0;0;1;0;0;0;0;0;0;0;1;0;0;0
"15/06/2021";"07:23:00";"5";"Acidente c";"481.5";"BR-116/RS";"Sul";"Saída de Pista";0;0;1;0;0;0;0;0;0;0;1;0;0;1;0
"16/06/2021";"09:56:00";"28";"Acidente s";"517";"BR-116/RS";"Norte";"Abalr. Transversal";1;0;1;0;0;0;0;0;0;0;2;0;0;0;0
"18/06/2021";"06:09:00";"107";"Acidente c";"530.1";"BR-116/RS";"Sul";"Abalr. Transversal";1;0;0;1;0;0;0;0;0;0;2;1;1;0;0
"19/06/2021";"12:52:00";"4";"Acidente c";"525.1";"BR-116/RS";"Sul";"Colisão Frontal";2;0;0;0;0;0;0;0;0;0;5;4;0;0;0
"19/06/2021";"04:46:00";"91";"Acidente c";"196";"BR-392/RS";"Sul";"Saída de Pista";0;0;1;0;0;0;0;0;0;0;0;1;0;0;0
"19/06/2021";"05:03:00";"93";"Acidente c";"481";"BR-116/RS";"Sul";"Saída de Pista";1;0;0;0;0;0;0;0;0;0;2;1;0;0;0
"22/06/2021";"05:41:00";"93";"Acidente c";"118";"BR-392/RS";"Sul";"Abalr. Transversal";1;0;0;1;0;0;0;0;0;0;1;0;1;0;0
"24/06/2021";"11:10:00";"56";"Acidente c";"516.7";"BR-116/RS";"Norte";"Colisão Traseira";1;0;0;1;0;0;0;0;0;0;1;1;0;0;0
"25/06/2021";"07:52:00";"24";"Acidente c";"519.2";"BR-116/RS";"Sul";"Colisão Traseira";2;0;0;0;0;0;0;0;0;0;1;1;0;0;0
"26/06/2021";"04:18:00";"13";"Acidente c";"117";"BR-392/RS";"Sul";"Colisão Frontal";1;0;1;0;0;0;0;0;0;0;1;1;0;0;0
"27/06/2021";"10:47:00";"40";"Acidente c";"73";"BR-392/RS";"Sul";"Colisão Frontal";1;1;0;0;0;0;0;0;0;0;3;0;0;1;0
"29/06/2021";"08:58:00";"33";"Acidente c";"476.2";"BR-116/RS";"Norte";"Colisão Frontal";1;0;1;0;0;0;0;0;0;0;0;1;0;0;1
"29/06/2021";"03:42:00";"71";"Acidente c";"406.8";"BR-116/RS";"Norte";"Abalr. Mesmo Sentido";1;0;1;0;0;0;0;0;0;0;2;1;1;0;0
"01/07/2021";"07:38:00";"19";"Acidente c";"7.1";"BR-392/RS";"Norte";"Abalr. Transversal";0;0;0;1;1;0;0;0;0;0;1;0;1;0;0
"02/07/2021";"11:00:00";"122";"Acidente c";"119.2";"BR-392/RS";"Sul";"Colisão Traseira";0;1;0;1;0;0;0;0;0;0;0;2;0;0;0
"05/07/2021";"09:52:00";"23";"Acidente c";"525";"BR-116/RS";"Norte";"Colisão Traseira";0;0;1;1;0;0;0;0;0;0;1;1;0;0;0
"05/07/2021";"11:10:00";"41";"Acidente c";"7.7";"BR-392/RS";"Norte";"Abalr. Transversal";0;0;1;0;1;0;0;0;0;0;1;4;0;0;0
"05/07/2021";"04:59:00";"86";"Acidente c";"7.1";"BR-392/RS";"Norte";"Colisão Traseira";5;0;1;0;0;0;0;0;0;0;4;0;2;0;0
"05/07/2021";"05:23:00";"91";"Acidente c";"59.3";"BR-392/RS";"Norte";"Colisão Traseira";0;0;3;0;0;0;0;0;0;0;2;0;1;0;0
"07/07/2021";"02:28:00";"9";"Acidente s";"118.3";"BR-392/RS";"Sul";"Colisão com Objeto Fixo";0;0;1;0;0;0;0;0;0;0;1;0;0;0;0
"08/07/2021";"08:45:00";"26";"Acidente c";"5.5";"BR-392/RS";"Sul";"Colisão Frontal";1;0;1;0;0;0;0;0;0;0;1;0;1;0;0
"09/07/2021";"03:56:00";"86";"Acidente c";"424.2";"BR-116/RS";"Sul";"Colisão Traseira";2;0;0;0;0;0;0;0;0;0;1;0;1;0;0
"10/07/2021";"03:35:00";"8";"Acidente s";"532.4";"BR-116/RS";"Sul";"Abalr. Transversal";1;0;1;0;0;0;0;0;0;0;2;0;0;0;0
"10/07/2021";"02:40:00";"63";"Acidente c";"604";"BR-116/RS";"Sul";"Saída de Pista";1;0;0;0;0;0;0;0;0;0;0;1;0;0;0
"11/07/2021";"05:14:00";"11";"Acidente s";"4.1";"BR-392/RS";"Norte";"Saída de Pista";0;0;0;1;0;0;0;0;0;0;1;0;0;0;0
"11/07/2021";"07:06:00";"16";"Acidente s";"29.3";"BR-392/RS";"Norte";"Saída de Pista";1;0;0;0;0;0;0;0;0;0;1;0;0;0;0
"11/07/2021";"11:48:00";"108";"Acidente c";"590.8";"BR-116/RS";"Norte";"Capotamento";1;0;0;0;0;0;0;0;0;0;0;1;0;1;0
"12/07/2021";"04:15:00";"8";"Acidente c";"23";"BR-392/RS";"Norte";"Saída de Pista";1;0;0;0;0;0;0;0;0;0;0;2;0;0;0
"15/07/2021";"04:32:00";"89";"Acidente c";"657.7";"BR-116/RS";"Sul";"Abalr. Transversal";2;0;0;0;0;0;0;0;0;0;1;5;0;0;0
"17/07/2021";"12:29:00";"1";"Acidente s";"72.3";"BR-392/RS";"Sul";"Saída de Pista";1;0;0;0;0;0;0;0;0;0;1;0;0;0;0
"17/07/2021";"01:06:00";"3";"Acidente s";"527.9";"BR-116/RS";"Sul";"Atropelamento de Animal";1;0;0;0;0;0;0;0;0;0;1;0;0;0;0
"18/07/2021";"02:32:00";"7";"Acidente c";"115";"BR-392/RS";"Norte";"Abalr. Transversal";1;0;0;1;0;0;0;0;0;0;1;0;1;0;0
"20/07/2021";"07:00:00";"104";"Acidente c";"21.2";"BR-392/RS";"Sul";"Atropelamento de Animal";1;0;0;0;0;0;0;0;0;0;0;0;0;1;0
"25/07/2021";"01:57:00";"8";"Acidente s";"9";"BR-392/RS";"Sul";"Colisão Traseira";2;0;1;0;0;0;0;0;0;0;3;0;0;0;0
"25/07/2021";"03:32:00";"9";"Acidente c";"26";"BR-392/RS";"Norte";"Saída de Pista";0;0;0;1;0;0;0;0;0;0;0;0;1;0;0
"25/07/2021";"04:42:00";"10";"Acidente c";"5.6";"BR-392/RS";"Norte";"Saída de Pista";1;0;0;0;0;0;0;0;0;0;0;0;3;0;0
"25/07/2021";"09:59:00";"88";"Acidente c";"11.5";"BR-392/RS";"Sul";"Atropelamento de Animal";0;0;2;1;0;0;0;0;0;0;2;2;0;0;0
"25/07/2021";"11:18:00";"97";"Acidente c";"505.1";"BR-116/RS";"Sul";"Saída de Pista";1;0;0;0;0;0;0;0;0;0;0;1;0;0;0
"28/07/2021";"04:54:00";"6";"Acidente c";"196.5";"BR-392/RS";"Sul";"Saída de Pista";0;0;1;0;0;0;0;0;0;0;0;1;0;0;0
"29/07/2021";"08:02:00";"18";"Acidente c";"11";"BR-392/RS";"Sul";"Colisão Traseira";0;0;1;1;0;0;0;0;0;0;1;0;1;0;0
"30/07/2021";"06:07:00";"6";"Acidente c";"3";"BR-392/RS";"Norte";"Atropelamento de Animal";0;0;0;1;0;0;0;0;0;0;0;1;0;0;0
"02/08/2021";"03:04:00";"4";"Acidente s";"113";"BR-392/RS";"Norte";"Saída de Pista";1;0;0;0;0;0;0;0;0;0;1;0;0;0;0
"02/08/2021";"05:27:00";"6";"Acidente s";"113.9";"BR-392/RS";"Sul";"Saída de Pista";1;0;0;0;0;0;0;0;0;0;1;0;0;0;0
"06/08/2021";"03:02:00";"82";"Acidente c";"77.4";"BR-392/RS";"Sul";"Abalr. Sentido Oposto";1;0;1;0;0;0;0;0;0;0;1;0;1;0;0
"06/08/2021";"06:59:00";"99";"Acidente c";"72";"BR-392/RS";"Norte";"Colisão Traseira";0;0;1;1;0;0;0;0;0;0;1;1;0;0;0
"07/08/2021";"11:03:00";"45";"Acidente s";"106.3";"BR-392/RS";"Sul";"Abalr. Transversal";2;0;0;0;0;0;0;0;0;0;6;0;0;0;0
"08/08/2021";"11:32:00";"55";"Acidente c";"118.6";"BR-392/RS";"Sul";"Colisão com Objeto Fixo";0;0;0;1;0;0;0;0;0;0;0;0;1;0;0
"08/08/2021";"01:41:00";"64";"Acidente c";"504.6";"BR-116/RS";"Sul";"Saída de Pista";1;0;0;0;0;0;0;0;0;0;0;0;4;0;1
"09/08/2021";"02:43:00";"77";"Acidente c";"90.4";"BR-392/RS";"Sul";"Colisão Frontal";0;0;2;1;0;0;0;0;0;0;1;0;1;0;1
"09/08/2021";"03:05:00";"78";"Acidente c";"151";"BR-392/RS";"Sul";"Saída de Pista";1;0;0;0;0;0;0;0;0;0;1;1;0;0;0
"13/08/2021";"07:56:00";"16";"Acidente c";"521";"BR-116/RS";"Sul";"Abalr. Transversal";0;0;1;1;0;0;0;0;0;0;1;0;1;0;0
"13/08/2021";"06:58:00";"91";"Acidente c";"527";"BR-116/RS";"Norte";"Abalr. Mesmo Sentido";2;0;1;0;0;0;0;0;0;0;5;3;1;0;0
"13/08/2021";"10:24:00";"114";"Acidente c";"199.1";"BR-392/RS";"Norte";"Colisão Frontal";1;0;1;0;0;0;0;0;0;0;1;0;0;0;2
"14/08/2021";"05:41:00";"10";"Acidente c";"143";"BR-392/RS";"Sul";"Atropelamento de Animal";1;0;0;0;0;0;0;0;0;0;0;1;0;0;0
"18/08/2021";"08:01:00";"13";"Acidente c";"1.5";"BR-392/RS";"Norte";"Queda de moto";1;0;0;1;0;0;0;0;0;0;1;0;1;0;0
"18/08/2021";"02:08:00";"74";"Acidente c";"71.4";"BR-392/RS";"Norte";"Abalr. Transversal";1;0;0;1;0;0;0;0;0;0;1;2;0;0;0
"20/08/2021";"09:13:00";"106";"Acidente c";"8.9";"BR-392/RS";"Sul";"Abalr. Mesmo Sentido";1;0;1;0;0;0;0;0;0;0;1;0;1;0;0
"22/08/2021";"06:22:00";"15";"Acidente s";"65.8";"BR-392/RS";"Norte";"Outros tipos de acidente";1;0;0;0;0;0;0;0;0;0;1;0;0;0;0
"22/08/2021";"03:10:00";"74";"Acidente c";"524.6";"BR-116/RS";"Sul";"Abalr. Mesmo Sentido";0;1;1;0;0;0;0;0;0;0;1;0;0;1;0
"23/08/2021";"12:06:00";"60";"Acidente c";"28.1";"BR-392/RS";"Norte";"Saída de Pista";1;0;0;0;0;0;0;0;0;0;0;1;0;0;0
"25/08/2021";"06:18:00";"96";"Acidente c";"74";"BR-392/RS";"Sul";"Colisão Frontal";0;0;2;0;0;0;0;0;0;0;0;3;0;1;0
"26/08/2021";"08:35:00";"19";"Acidente c";"10.3";"BR-392/RS";"Sul";"Colisão Traseira";0;0;2;0;0;0;0;0;0;0;1;1;0;0;0
"27/08/2021";"01:45:00";"5";"Acidente s";"525.8";"BR-116/RS";"Sul";"Colisão Traseira";1;0;1;0;0;0;0;0;0;0;3;0;0;0;0
"29/08/2021";"07:24:00";"17";"Acidente c";"640.1";"BR-116/RS";"Sul";"Saída de Pista";1;0;0;0;0;0;0;0;0;0;0;1;0;0;0
"30/08/2021";"01:59:00";"63";"Acidente c";"44";"BR-392/RS";"Sul";"Abalr. Transversal";0;0;1;1;0;0;0;0;0;0;1;0;0;1;0
"02/09/2021";"05:43:00";"7";"Acidente c";"171.6";"BR-392/RS";"Sul";"Colisão Traseira";1;0;1;0;0;0;0;0;0;0;1;1;0;0;0
"02/09/2021";"04:16:00";"81";"Acidente s";"193.5";"BR-392/RS";"Sul";"Saída de Pista";0;0;1;0;0;0;0;0;0;0;1;0;0;0;0
"03/09/2021";"06:13:00";"92";"Acidente s";"540.8";"BR-116/RS";"Sul";"Colisão Traseira";2;0;0;0;0;0;0;0;0;0;5;0;0;0;0
"05/09/2021";"08:35:00";"26";"Acidente c";"93.9";"BR-392/RS";"Norte";"Tombamento";0;0;1;0;0;0;0;0;0;0;0;0;1;0;0
"05/09/2021";"10:05:00";"100";"Acidente c";"585.2";"BR-116/RS";"Sul";"Saída de Pista";1;0;0;0;0;0;0;0;0;0;0;0;1;0;0
"07/09/2021";"07:36:00";"60";"Acidente c";"6.3";"BR-392/RS";"Sul";"Colisão Traseira";2;0;0;0;0;0;0;0;0;0;1;1;0;0;0
"11/09/2021";"03:10:00";"6";"Acidente s";"113.5";"BR-392/RS";"Sul";"Saída de Pista";1;0;0;0;0;0;0;0;0;0;1;0;0;0;0