data;horario;n_da_ocorrencia;tipo_de_ocorrencia;km;trecho;sentido;tipo_de_acidente;automovel;bicicleta;caminhao;moto;onibus;outros;tracao_animal;transporte_de_cargas_especiais;trator_maquinas;utilitarios;ilesos;levemente_feridos;moderadamente_feridos;gravemente_feridos;mortos
"11/09/2021";"07:55:00";"82";"Acidente c";"75.7";"BR-392/RS";"Norte";"Colisão Frontal";3;0;0;0;0;0;0;0;0;0;3;2;1;0;0
"13/09/2021";"11:16:00";"46";"Acidente s";"403.2";"BR-116/RS";"Sul";"Saída de Pista";1;0;0;0;0;0;0;0;0;0;1;0;0;0;0
"13/09/2021";"01:11:00";"56";"Acidente c";"21.7";"BR-392/RS";"Sul";"Saída de Pista";1;0;0;0;0;0;0;0;0;0;0;0;1;0;0
"14/09/2021";"07:15:00";"15";"Acidente s";"606.5";"BR-116/RS";"Sul";"Tombamento";1;0;0;0;0;0;0;0;0;0;1;0;0;0;0
"15/09/2021";"10:29:00";"48";"Acidente s";"528.2";"BR-116/RS";"Norte";"Colisão Traseira";2;0;0;0;0;0;0;0;0;0;4;0;0;0;0
"15/09/2021";"01:49:00";"78";"Acidente c";"483.9";"BR-116/RS";"Sul";"Colisão Traseira";0;0;2;0;0;0;0;0;0;0;1;0;0;0;1
"16/09/2021";"07:29:00";"10";"Acidente c";"427";"BR-116/RS";"Sul";"Abalr. Transversal";1;0;0;1;0;0;0;0;0;0;1;0;1;0;0
"17/09/2021";"08:25:00";"132";"Acidente c";"530.2";"BR-116/RS";"Sul";"Atropelamento";1;1;0;0;0;0;0;0;0;0;1;0;1;0;0
"17/09/2021";"08:46:00";"133";"Acidente c";"519.4";"BR-116/RS";"Norte";"Colisão Traseira";0;0;2;0;0;0;0;0;0;0;0;0;1;0;1
"18/09/2021";"03:46:00";"72";"Acidente c";"516.6";"BR-116/RS";"Norte";"Colisão Traseira";1;0;0;1;0;0;0;0;0;0;1;0;0;1;0
"20/09/2021";"12:28:00";"42";"Acidente c";"5.1";"BR-392/RS";"Sul";"Abalr. Transversal";0;0;2;0;0;0;0;0;0;0;1;0;1;0;0
"20/09/2021";"05:17:00";"69";"Acidente c";"592.8";"BR-116/RS";"Norte";"Saída de Pista";1;0;0;0;0;0;0;0;0;0;1;1;0;0;0
"21/09/2021";"01:18:00";"123";"Acidente c";"488.5";"BR-116/RS";"Norte";"Abalr. Transversal";2;0;0;0;0;0;0;0;0;0;1;1;1;0;0
"23/09/2021";"09:42:00";"36";"Acidente c";"617";"BR-116/RS";"Sul";"Saída de Pista";1;0;0;0;0;0;0;0;0;0;0;1;0;0;0
"23/09/2021";"09:58:00";"124";"Acidente c";"400.5";"BR-116/RS";"Norte";"Colisão com Objeto Fixo";0;0;1;0;0;0;0;0;0;0;0;1;0;0;0
"24/09/2021";"03:59:00";"14";"Acidente s";"66";"BR-392/RS";"Norte";"Saída de Pista";1;0;0;0;0;0;0;0;0;0;1;0;0;0;0
"24/09/2021";"08:00:00";"131";"Acidente c";"530.5";"BR-116/RS";"Norte";"Abalr. Transversal";1;0;0;1;0;0;0;0;0;0;1;0;1;0;0
"25/09/2021";"07:12:00";"86";"Acidente c";"20.2";"BR-392/RS";"Sul";"Abalr. Mesmo Sentido";1;0;0;1;0;0;0;0;0;0;1;0;1;0;0
"28/09/2021";"05:04:00";"10";"Acidente s";"51.2";"BR-392/RS";"Sul";"Saída de Pista";1;0;0;0;0;0;0;0;0;0;3;0;0;0;0
"30/09/2021";"07:06:00";"10";"Acidente c";"410.7";"BR-116/RS";"Sul";"Colisão Frontal";0;0;2;0;0;0;0;0;0;0;0;1;0;1;1
"30/09/2021";"08:10:00";"18";"Acidente c";"410.7";"BR-116/RS";"Sul";"Colisão Traseira";1;0;1;0;0;0;0;0;0;0;2;1;0;0;0
"02/10/2021";"03:28:00";"72";"Acidente s";"101";"BR-392/RS";"Norte";"Saída de Pista";1;0;0;0;0;0;0;0;0;0;1;0;0;0;0
"02/10/2021";"08:37:00";"99";"Acidente c";"47.2";"BR-392/RS";"Norte";"Queda de moto";0;0;0;1;0;0;0;0;0;0;0;0;0;0;1
"03/10/2021";"04:21:00";"18";"Acidente c";"5.5";"BR-392/RS";"Norte";"Saída de Pista";1;0;0;0;0;0;0;0;0;0;1;0;1;0;0
"04/10/2021";"07:39:00";"22";"Acidente c";"66.9";"BR-392/RS";"Sul";"Abalr. Transversal";1;1;0;0;0;0;0;0;0;0;1;1;0;0;0
"04/10/2021";"08:07:00";"101";"Acidente c";"599.7";"BR-116/RS";"Sul";"Colisão Traseira";1;0;0;1;0;0;0;0;0;0;1;0;1;0;0
"06/10/2021";"09:05:00";"31";"Acidente s";"100.6";"BR-392/RS";"Norte";"Saída de Pista";1;0;0;0;0;0;0;0;0;0;1;0;0;0;0
"06/10/2021";"04:44:00";"85";"Acidente c";"87.6";"BR-392/RS";"Norte";"Abalr. Transversal";1;0;0;1;0;0;0;0;0;0;4;0;1;0;0
"08/10/2021";"12:50:00";"67";"Acidente s";"657.2";"BR-116/RS";"Norte";"Colisão Traseira";1;0;1;0;0;0;0;0;0;0;4;0;0;0;0
"08/10/2021";"03:16:00";"79";"Acidente c";"75.9";"BR-392/RS";"Norte";"Abalr. Transversal";1;0;0;1;0;0;0;0;0;0;1;1;1;0;0
"09/10/2021";"04:52:00";"11";"Acidente s";"117";"BR-392/RS";"Norte";"Colisão Traseira";1;0;1;0;0;0;0;0;0;0;2;0;0;0;0
"10/10/2021";"06:02:00";"72";"Acidente c";"86";"BR-392/RS";"Sul";"Saída de Pista";1;0;0;0;0;0;0;0;0;0;0;0;2;0;0
"11/10/2021";"03:51:00";"128";"Acidente c";"21.5";"BR-392/RS";"Sul";"Saída de Pista";1;0;0;0;0;0;0;0;0;0;0;0;3;1;0
"11/10/2021";"10:01:00";"151";"Acidente s";"194";"BR-392/RS";"Sul";"Abalr. Sentido Oposto";0;0;2;0;0;0;0;0;0;0;2;0;0;0;0
"13/10/2021";"06:18:00";"13";"Acidente c";"81.5";"BR-392/RS";"Sul";"Colisão Frontal";1;0;0;1;0;0;0;0;0;0;1;0;0;1;1
"14/10/2021";"12:27:00";"76";"Acidente c";"619.4";"BR-116/RS";"Norte";"Tombamento";0;0;1;0;0;0;0;0;0;0;0;1;0;0;0
"14/10/2021";"04:44:00";"101";"Acidente s";"54";"BR-392/RS";"Norte";"Tombamento";0;0;1;0;0;0;0;0;0;0;1;0;0;0;0
"14/10/2021";"08:30:00";"109";"Acidente c";"519";"BR-116/RS";"Norte";"Colisão Traseira";2;0;0;0;0;0;0;0;0;0;6;1;0;0;0
"15/10/2021";"10:41:00";"92";"Acidente c";"530";"BR-116/RS";"Norte";"Abalr. Transversal";1;0;0;1;0;0;0;0;0;0;1;1;0;0;0
"16/10/2021";"12:06:00";"62";"Acidente c";"526";"BR-116/RS";"Norte";"Queda de moto";0;0;0;1;0;0;0;0;0;0;0;1;0;0;0
"17/10/2021";"10:39:00";"111";"Acidente c";"18.5";"BR-392/RS";"Norte";"Abalr. Transversal";0;1;0;1;0;0;0;0;0;0;0;0;2;0;0
"19/10/2021";"07:23:00";"99";"Acidente c";"76";"BR-392/RS";"Sul";"Atropelamento";0;1;0;0;0;0;0;0;0;0;0;1;1;0;0
"20/10/2021";"10:34:00";"46";"Acidente s";"47.8";"BR-392/RS";"Norte";"Colisão Traseira";1;0;2;0;0;0;0;0;0;0;3;0;0;0;0
"21/10/2021";"05:58:00";"10";"Acidente c";"443";"BR-116/RS";"Sul";"Saída de Pista";0;0;1;0;0;0;0;0;0;0;0;0;0;1;0
"21/10/2021";"04:07:00";"82";"Acidente c";"28.4";"BR-392/RS";"Sul";"Queda de moto";0;0;0;1;0;0;0;0;0;0;0;1;0;0;0
"21/10/2021";"06:05:00";"96";"Acidente c";"519.4";"BR-116/RS";"Norte";"Abalr. Transversal";1;0;0;1;0;0;0;0;0;0;2;0;1;0;0
"21/10/2021";"07:53:00";"107";"Acidente c";"525";"BR-116/RS";"Norte";"Abalr. Transversal";1;0;0;1;0;0;0;0;0;0;1;1;0;0;0
"21/10/2021";"11:45:00";"132";"Acidente s";"58.6";"BR-392/RS";"Norte";"Atropelamento de Animal";0;0;1;0;0;0;0;0;0;0;1;0;0;0;0
"23/10/2021";"03:18:00";"70";"Acidente c";"550.2";"BR-116/RS";"Sul";"Saída de Pista";1;0;0;0;0;0;0;0;0;0;0;0;0;0;4
"24/10/2021";"10:11:00";"37";"Acidente c";"413.6";"BR-116/RS";"Sul";"Saída de Pista";1;0;0;0;0;0;0;0;0;0;0;1;0;0;0
"25/10/2021";"04:00:00";"81";"Acidente c";"554.3";"BR-116/RS";"Sul";"Abalr. Transversal";2;0;0;0;0;0;0;0;0;0;4;0;1;0;0
"29/10/2021";"12:48:00";"3";"Acidente c";"117.8";"BR-392/RS";"Sul";"Atropelamento";1;0;0;0;0;0;0;0;0;0;1;0;0;0;1
"29/10/2021";"09:30:00";"36";"Acidente s";"19.5";"BR-392/RS";"Sul";"Abalr. Mesmo Sentido";1;0;1;0;0;0;0;0;0;0;2;0;0;0;0
"30/10/2021";"07:32:00";"20";"Acidente c";"12.8";"BR-392/RS";"Sul";"Colisão Traseira";1;0;0;1;0;0;0;0;0;0;1;0;0;0;1
"30/10/2021";"10:22:00";"45";"Acidente s";"527";"BR-116/RS";"Sul";"Tombamento";0;0;1;0;0;0;0;0;0;0;1;0;0;0;0
"30/10/2021";"04:42:00";"86";"Acidente c";"526.5";"BR-116/RS";"Norte";"Queda de moto";0;0;0;1;0;0;0;0;0;0;0;0;1;0;0
"31/10/2021";"05:55:00";"16";"Acidente s";"5.5";"BR-392/RS";"Norte";"Colisão com Objeto Fixo";1;0;0;0;0;0;0;0;0;0;1;0;0;0;0
"01/11/2021";"02:36:00";"11";"Acidente s";"621.2";"BR-116/RS";"Sul";"Atropelamento de Animal";1;0;0;0;0;0;0;0;0;0;5;0;0;0;0
"02/11/2021";"07:34:00";"12";"Acidente s";"418.3";"BR-116/RS";"Norte";"Abalr.Sentido Oposto";2;0;0;0;0;0;0;0;0;0;3;0;0;0;0
"02/11/2021";"11:28:00";"37";"Acidente s";"1.6";"BR-392/RS";"Norte";"Saída de Pista";1;0;0;0;0;0;0;0;0;0;1;0;0;0;0
"02/11/2021";"12:20:00";"41";"Acidente c";"488.3";"BR-116/RS";"Sul";"Saída de Pista";0;0;0;1;0;0;0;0;0;0;0;0;1;0;0
"02/11/2021";"07:36:00";"70";"Acidente s";"5.006";"BR-392/RS";"Sul";"Saída de Pista";1;0;0;0;0;0;0;0;0;0;3;0;0;0;0
"03/11/2021";"06:24:00";"58";"Acidente c";"518";"BR-116/RS";"Norte";"Queda de Moto";0;0;0;1;0;0;0;0;0;0;1;1;0;0;0
"04/11/2021";"03:40:00";"49";"Acidente c";"49.5";"BR-392/RS";"Sul";"Queda de Moto";0;0;0;1;0;0;0;0;0;0;0;2;0;0;0
"06/11/2021";"03:51:00";"4";"Acidente c";"20.1";"BR-392/RS";"Sul";"Queda de Moto";0;0;0;1;0;0;0;0;0;0;0;0;1;0;0
"06/11/2021";"05:40:00";"5";"Acidente s";"7.8";"BR-392/RS";"Sul";"Colisão Frontal";0;0;2;0;0;0;0;0;0;0;2;0;0;0;0
"06/11/2021";"08:42:00";"51";"Acidente c";"427.2";"BR-116/RS";"Norte";"Abalr.Transversal";1;0;0;1;0;0;0;0;0;0;2;1;0;0;0
"06/11/2021";"10:26:00";"54";"Acidente s";"26.2";"BR-392/RS";"Norte";"Saída de Pista";1;0;0;0;0;0;0;0;0;0;1;0;0;0;0
"10/11/2021";"03:21:00";"57";"Acidente c";"76.4";"BR-392/RS";"Norte";"Abalr.Transversal";1;0;0;1;0;0;0;0;0;0;2;0;1;0;0
"11/11/2021";"07:55:00";"7";"Acidente c";"52.3";"BR-392/RS";"Sul";"Colisão Traseira";1;0;1;0;0;0;0;0;0;0;1;2;0;0;0
"11/11/2021";"09:48:00";"75";"Acidente s";"46";"BR-392/RS";"Norte";"Atropelamento de Animal";0;0;2;0;0;0;0;0;0;0;2;0;0;0;0
"12/11/2021";"07:04:00";"14";"Acidente c";"28.4";"BR-392/RS";"Sul";"Outros tipos de acidente";0;0;1;0;0;0;0;0;0;0;0;0;0;0;1
"12/11/2021";"12:52:00";"30";"Acidente c";"16.8";"BR-392/RS";"Sul";"Saída de Pista";1;0;0;0;0;0;0;0;0;0;0;0;1;0;0
"13/11/2021";"05:42:00";"61";"Acidente c";"517";"BR-116/RS";"Norte";"Abalr.Transversal";2;0;0;0;0;0;0;0;0;0;2;1;0;0;0
"14/11/2021";"09:31:00";"54";"Acidente s";"460.8";"BR-116/RS";"Sul";"Atropelamento de Animal";1;0;0;0;0;0;0;0;0;0;5;0;0;0;0
"15/11/2021";"11:36:00";"34";"Acidente c";"555";"BR-116/RS";"Sul";"Queda de Moto";0;0;0;1;0;0;0;0;0;0;0;0;1;0;0
"16/11/2021";"02:53:00";"49";"Acidente c";"41.9";"BR-392/RS";"Sul";"Colisão com Objeto Fixo";1;0;0;0;0;0;0;0;0;0;0;0;1;0;0
"19/11/2021";"05:09:00";"64";"Acidente c";"530.2";"BR-116/RS";"Sul";"Abalr.Transversal";1;1;0;0;0;0;0;0;0;0;1;0;1;0;0
"19/11/2021";"05:24:00";"65";"Acidente c";"52.3";"BR-392/RS";"Sul";"Colisão com Objeto Fixo";2;0;1;0;0;0;0;0;0;0;5;0;1;0;0
"19/11/2021";"08:54:00";"75";"Acidente s";"419";"BR-116/RS";"Sul";"Atropelamento de Animal";1;0;0;0;0;0;0;0;0;0;3;0;0;0;0
"20/11/2021";"06:39:00";"5";"Acidente c";"517";"BR-116/RS";"Norte";"Queda de Moto";0;0;0;1;0;0;0;0;0;0;0;0;0;1;0
"20/11/2021";"08:03:00";"48";"Acidente s";"28";"BR-392/RS";"Sul";"Saída de Pista";1;0;0;0;0;0;0;0;0;0;1;0;0;0;0
"21/11/2021";"02:16:00";"2";"Acidente c";"106.1";"BR-392/RS";"Norte";"Colisão com Objeto Fixo";1;0;0;0;0;0;0;0;0;0;0;1;0;0;0
"21/11/2021";"08:21:00";"14";"Acidente s";"61.3";"BR-392/RS";"Sul";"Colisão com Objeto Fixo";1;0;0;0;0;0;0;0;0;0;1;0;0;0;0
"21/11/2021";"08:22:00";"15";"Acidente c";"18";"BR-392/RS";"Sul";"Queda de Moto";0;0;0;1;0;0;0;0;0;0;1;1;0;0;0
"21/11/2021";"09:43:00";"23";"Acidente c";"653.8";"BR-116/RS";"Sul";"Abalr.Transversal";2;0;0;0;0;0;0;0;0;0;1;1;0;0;0
"23/11/2021";"06:31:00";"8";"Acidente s";"193.8";"BR-392/RS";"Sul";"Saída de Pista";0;0;1;0;0;0;0;0;0;0;1;0;0;0;0
"24/11/2021";"09:46:00";"52";"Acidente s";"7.3";"BR-392/RS";"Sul";"Abalr.Transversal";1;0;0;0;1;0;0;0;0;0;2;0;0;0;0
"28/11/2021";"01:03:00";"3";"Acidente s";"51.3";"BR-392/RS";"Sul";"Atropelamento de Animal";1;0;0;0;0;0;0;0;0;0;2;0;0;0;0
"28/11/2021";"08:07:00";"20";"Acidente s";"42.1";"BR-392/RS";"Sul";"Saída de Pista";1;0;0;0;0;0;0;0;0;0;2;0;0;0;0
"28/11/2021";"08:51:00";"90";"Acidente c";"644";"BR-116/RS";"Norte";"Saída de Pista";1;0;0;0;0;0;0;0;0;0;1;1;0;0;0
"29/11/2021";"01:53:00";"4";"Acidente c";"477.4";"BR-116/RS";"Norte";"Saída de Pista";1;0;0;0;0;0;0;0;0;0;3;2;0;0;0
"29/11/2021";"07:38:00";"82";"Acidente c";"117.1";"BR-392/RS";"Sul";"Abalr.Transversal";1;0;0;1;0;0;0;0;0;0;1;1;0;0;0
"29/11/2021";"09:07:00";"89";"Acidente c";"73.5";"BR-392/RS";"Sul";"Colisão Traseira";2;0;0;0;0;0;0;0;0;0;0;1;1;0;0
"01/12/2021";"05:38:00";"45";"Acidente c";"19.1";"BR-392/RS";"Sul";"Colisão Traseira";0;0;1;0;0;1;0;0;0;0;3;1;0;0;0
"02/12/2021";"08:09:00";"15";"Acidente c";"517";"BR-116/RS";"Norte";"Abalr.Transversal";0;0;1;1;0;0;0;0;0;0;1;0;1;0;0
"02/12/2021";"01:26:00";"47";"Acidente c";"114.7";"BR-392/RS";"Norte";"Abalr.Transversal";2;0;0;0;0;0;0;0;0;0;1;1;0;1;0
"02/12/2021";"03:03:00";"53";"Acidente s";"19.2";"BR-392/RS";"Norte";"Abalr.Mesmo Sentido";1;0;1;0;0;0;0;0;0;0;3;0;0;0;0
"03/12/2021";"12:52:00";"3";"Acidente c";"18.8";"BR-392/RS";"Norte";"Colisão Traseira";1;0;1;0;0;0;0;0;0;0;1;0;0;0;1
"03/12/2021";"11:48:00";"40";"Acidente s";"446.1";"BR-116/RS";"Norte";"Saída de Pista";1;0;0;0;0;0;0;0;0;0;4;0;0;0;0
"04/12/2021";"05:38:00";"8";"Acidente s";"18.5";"BR-392/RS";"Sul";"Saída de Pista";1;0;0;0;0;0;0;0;0;0;1;0;0;0;0
"04/12/2021";"11:51:00";"71";"Acidente s";"476.9";"BR-116/RS";"Sul";"Saída de Pista";1;0;0;0;0;0;0;0;0;0;1;0;0;0;0
"06/12/2021";"06:01:00";"15";"Acidente s";"527";"BR-116/RS";"Norte";"Outros tipos de acidente";1;0;0;0;0;0;0;0;0;0;1;0;0;0;0
"06/12/2021";"06:24:00";"17";"Acidente c";"21";"BR-392/RS";"Sul";"Saída de Pista";1;0;0;0;0;0;0;0;0;0;0;1;0;0;0
"08/12/2021";"09:16:00";"87";"Acidente c";"657.2";"BR-116/RS";"Sul";"Saída de Pista";1;0;0;0;0;0;0;0;0;0;0;2;0;0;0
"09/12/2021";"07:59:00";"56";"Acidente s";"526.5";"BR-116/RS";"Sul";"Tombamento";0;0;0;1;0;0;0;0;0;0;1;0;0;0;0
"09/12/2021";"09:43:00";"60";"Acidente c";"18";"BR-392/RS";"Sul";"Abalr.Mesmo Sentido";2;0;0;0;0;0;0;0;0;0;0;0;0;4;0
"10/12/2021";"01:27:00";"39";"Acidente c";"117.7";"BR-392/RS";"Norte";"Outros tipos de acidente";2;0;2;1;0;0;0;0;0;0;4;0;2;3;0
"11/12/2021";"09:18:00";"66";"Acidente c";"16.7";"BR-392/RS";"Sul";"Abalr.Transversal";0;0;0;1;0;1;0;0;0;0;1;0;1;0;0
"12/12/2021";"01:09:00";"1";"Acidente s";"4.7";"BR-392/RS";"Norte";"Saída de Pista";1;0;0;0;0;0;0;0;0;0;1;0;0;0;0
"12/12/2021";"03:57:00";"6";"Acidente s";"114.1";"BR-392/RS";"Norte";"Colisão com Objeto Fixo";1;0;0;0;0;0;0;0;0;0;1;0;0;0;0
"14/12/2021";"09:41:00";"21";"Acidente s";"20.6";"BR-392/RS";"Sul";"Saída de Pista";1;0;0;0;0;0;0;0;0;0;1;0;0;0;0
"15/12/2021";"10:44:00";"25";"Acidente s";"405.4";"BR-116/RS";"Norte";"Saída de Pista";1;0;0;0;0;0;0;0;0;0;2;0;0;0;0
"15/12/2021";"05:43:00";"63";"Acidente c";"150";"BR-392/RS";"Norte";"Saída de Pista";0;0;1;0;0;0;0;0;0;0;0;0;1;0;0
"16/12/2021";"08:42:00";"71";"Acidente s";"569";"BR-116/RS";"Sul";"Atropelamento de Animal";1;0;1;0;0;0;0;0;0;0;5;0;0;0;0
"16/12/2021";"10:13:00";"76";"Acidente s";"8.9";"BR-392/RS";"Sul";"Abalr.Transversal";1;0;0;0;0;1;0;0;0;0;2;0;0;0;0
"18/12/2021";"03:14:00";"3";"Acidente c";"97.4";"BR-392/RS";"Norte";"Saída de Pista";1;0;0;0;0;0;0;0;0;0;0;1;0;0;0
"19/12/2021";"09:16:00";"75";"Acidente c";"95";"BR-392/RS";"Sul";"Colisão Traseira";0;0;1;1;0;0;0;0;0;0;1;0;0;0;1
"20/12/2021";"02:01:00";"4";"Acidente c";"165.7";"BR-392/RS";"Sul";"Abalr.Sentido Oposto";1;0;1;0;0;0;0;0;0;0;1;0;1;0;0
"20/12/2021";"02:04:00";"5";"Acidente c";"83.8";"BR-392/RS";"Sul";"Saída de Pista";0;0;1;0;0;0;0;0;0;0;0;0;1;0;0
"21/12/2021";"04:04:00";"50";"Acidente c";"517";"BR-116/RS";"Norte";"Abalr.Transversal";1;0;0;1;0;0;0;0;0;0;1;0;1;0;0
"22/12/2021";"12:34:00";"1";"Acidente s";"35.2";"BR-392/RS";"Norte";"Tombamento";0;0;1;0;0;0;0;0;0;0;1;0;0;0;0
"23/12/2021";"07:53:00";"16";"Acidente c";"74";"BR-392/RS";"Norte";"Colisão Frontal";1;0;0;1;0;0;0;0;0;0;1;0;1;0;0
"24/12/2021";"03:25:00";"11";"Acidente s";"96.9";"BR-392/RS";"Norte";"Saída de Pista";0;0;1;0;0;0;0;0;0;0;1;0;0;0;0
"24/12/2021";"06:37:00";"63";"Acidente c";"21.5";"BR-392/RS";"Norte";"Saída de Pista";1;0;0;0;0;0;0;0;0;0;0;4;0;0;0
"24/12/2021";"09:04:00";"78";"Acidente s";"420.1";"BR-116/RS";"Sul";"Atropelamento de Animal";1;0;0;0;0;0;0;0;0;0;2;0;0;0;0
"25/12/2021";"05:27:00";"3";"Acidente s";"7.3";"BR-392/RS";"Sul";"Saída de Pista";1;0;0;0;0;0;0;0;0;0;1;0;0;0;0
"25/12/2021";"08:15:00";"13";"Acidente c";"412";"BR-116/RS";"Sul";"Saída de Pista";1;0;0;0;0;0;0;0;0;0;0;1;0;0;0
"25/12/2021";"05:46:00";"58";"Acidente c";"491";"BR-116/RS";"Sul";"Saída de Pista";1;0;0;0;0;0;0;0;0;0;0;2;0;0;0
"28/12/2021";"07:30:00";"17";"Acidente c";"120.1";"BR-392/RS";"Norte";"Colisão Traseira";0;0;0;1;0;1;0;0;0;0;1;0;0;0;1
"28/12/2021";"01:21:00";"40";"Acidente c";"51.3";"BR-392/RS";"Norte";"Colisão Traseira";1;0;1;0;0;0;0;0;0;0;1;0;0;2;1
"29/12/2021";"01:42:00";"6";"Acidente c";"9.7";"BR-392/RS";"Sul";"Outros tipos de acidente";0;0;3;0;0;0;0;0;0;0;2;0;0;1;0
"29/12/2021";"05:56:00";"53";"Acidente c";"519";"BR-116/RS";"Sul";"Abalr.Transversal";2;0;0;0;0;0;0;0;0;0;2;1;0;0;0
"01/01/2022";"07:17:00";"9";"Acidente c";"472";"BR-116/RS";"Norte";"Saída de Pista";1;0;0;0;0;0;0;0;0;0;0;0;1;0;0
"02/01/2022";"01:46:00";"44";"Acidente s";"194.2";"BR-392/RS";"Norte";"Saída de Pista";1;0;0;0;0;0;0;0;0;0;1;0;0;0;0
"03/01/2022";"02:11:00";"4";"Acidente c";"444.8";"BR-116/RS";"Norte";"Saída de Pista";0;0;0;0;0;1;0;0;0;0;0;0;0;1;0
"03/01/2022";"10:17:00";"38";"Acidente s";"184.1";"BR-392/RS";"Sul";"Colisão Transversal";1;0;1;0;0;0;0;0;0;0;3;0;0;0;0
"04/01/2022";"08:16:00";"92";"Acidente s";"66.9";"BR-392/RS";"Norte";"Colisão lateral no mesmo sentido";1;0;1;0;0;0;0;0;0;0;2;0;0;0;0
"05/01/2022";"11:36:00";"82";"Acidente s";"587.7";"BR-116/RS";"Norte";"Saída de Pista";0;0;1;0;0;0;0;0;0;0;3;0;0;0;0
"07/01/2022";"02:54:00";"101";"Acidente s";"18";"BR-392/RS";"Norte";"Colisão lateral no mesmo sentido";0;0;2;0;0;0;0;0;0;0;3;0;0;0;0
"09/01/2022";"11:25:00";"86";"Acidente c";"73.5";"BR-392/RS";"Sul";"Atropelamento de Animal";0;0;1;1;0;0;0;0;0;0;1;0;0;1;0
"12/01/2022";"06:07:00";"62";"Acidente s";"19.9";"BR-392/RS";"Norte";"Saída de Pista";1;0;0;0;0;0;0;0;0;0;1;0;0;0;0
"14/01/2022";"09:59:00";"93";"Acidente c";"28";"BR-392/RS";"Sul";"Colisão Traseira";1;0;1;0;0;0;0;0;0;0;1;0;1;0;0
"15/01/2022";"06:19:00";"5";"Acidente s";"130.2";"BR-392/RS";"Norte";"Saída de Pista";1;0;0;0;0;0;0;0;0;0;2;0;0;0;0
"15/01/2022";"03:57:00";"65";"Acidente c";"99.5";"BR-392/RS";"Sul";"Tombamento";0;0;1;0;0;0;0;0;0;0;0;1;0;0;0
"16/01/2022";"05:03:00";"64";"Acidente s";"193.7";"BR-392/RS";"Norte";"Saída de Pista";1;0;0;0;0;0;0;0;0;0;1;0;0;0;0
"17/01/2022";"08:08:00";"21";"Acidente s";"40";"BR-392/RS";"Sul";"Colisão Traseira";1;0;0;1;0;0;0;0;0;0;2;0;0;0;0
"17/01/2022";"05:49:00";"60";"Acidente c";"193.4";"BR-392/RS";"Norte";"Colisão Frontal";1;0;1;0;0;0;0;0;0;0;1;0;0;0;2
"17/01/2022";"11:07:00";"82";"Acidente c";"67";"BR-392/RS";"Sul";"Colisão Transversal";1;0;0;1;0;0;0;0;0;0;1;1;0;0;0
"18/01/2022";"07:34:00";"12";"Acidente c";"450";"BR-116/RS";"Sul";"Colisão Traseira";0;0;1;0;0;1;0;0;0;0;1;1;0;0;0
"20/01/2022";"07:57:00";"18";"Acidente s";"66.9";"BR-392/RS";"Norte";"Colisão Transversal";2;0;0;0;0;0;0;0;0;0;2;0;0;0;0
"20/01/2022";"04:15:00";"64";"Acidente s";"451.5";"BR-116/RS";"Sul";"Saída de Pista";1;0;0;0;0;0;0;0;0;0;4;0;0;0;0
"20/01/2022";"04:18:00";"67";"Acidente c";"519.6";"BR-116/RS";"Norte";"Queda de Moto";0;0;0;1;0;0;0;0;0;0;1;0;1;0;0
"20/01/2022";"05:51:00";"77";"Acidente c";"7";"BR-392/RS";"Norte";"Colisão Transversal";0;0;0;2;0;0;0;0;0;0;1;1;0;0;0
"22/01/2022";"06:38:00";"60";"Acidente s";"540";"BR-116/RS";"Sul";"Saída de Pista";1;0;0;0;0;0;0;0;0;0;1;0;0;0;0
"23/01/2022";"02:25:00";"7";"Acidente c";"477.5";"BR-116/RS";"Norte";"Saída de Pista";1;0;0;0;0;0;0;0;0;0;1;1;1;0;0
"23/01/2022";"02:52:00";"45";"Acidente s";"36";"BR-392/RS";"Sul";"Colisão lateral no mesmo sentido";2;0;1;0;0;0;0;0;0;0;8;0;0;0;0
"24/01/2022";"05:40:00";"10";"Acidente s";"564.8";"BR-116/RS";"Norte";"Saída de Pista";2;0;0;0;0;0;0;0;0;0;3;0;0;0;0
"24/01/2022";"08:16:00";"25";"Acidente s";"523.1";"BR-116/RS";"Sul";"Saída de Pista";1;0;0;0;0;0;0;0;0;0;1;0;0;0;0
"26/01/2022";"07:22:00";"10";"Acidente s";"435.3";"BR-116/RS";"Norte";"Saída de Pista";1;0;0;0;0;0;0;0;0;0;2;0;0;0;0
"26/01/2022";"02:00:00";"43";"Acidente s";"147.1";"BR-392/RS";"Sul";"Colisão Transversal";0;0;2;0;0;0;0;0;0;0;3;0;0;0;0
"27/01/2022";"12:03:00";"1";"Acidente s";"77.4";"BR-392/RS";"Norte";"Saída de Pista";1;0;0;0;0;0;0;0;0;0;1;0;0;0;0
"27/01/2022";"12:50:00";"39";"Acidente s";"60.9";"BR-392/RS";"Norte";"Saída de Pista";0;0;1;0;0;0;0;0;0;0;1;0;0;0;0
"28/01/2022";"08:51:00";"22";"Acidente s";"526.5";"BR-116/RS";"Sul";"Colisão lateral no mesmo sentido";0;0;2;0;0;0;0;0;0;0;2;0;0;0;0
"28/01/2022";"11:21:00";"76";"Acidente s";"22";"BR-392/RS";"Norte";"Colisão lateral no mesmo sentido";1;0;1;0;0;0;0;0;0;0;3;0;0;0;0
"30/01/2022";"05:28:00";"3";"Acidente c";"401.4";"BR-116/RS";"Norte";"Atropelamento de Animal";0;0;1;0;0;0;0;0;0;0;2;1;0;0;0
"30/01/2022";"08:52:00";"12";"Acidente s";"640.2";"BR-116/RS";"Sul";"Saída de Pista";1;0;0;0;0;0;0;0;0;0;1;0;0;0;0