data;horario;n_da_ocorrencia;tipo_de_ocorrencia;km;trecho;sentido;tipo_de_acidente;automovel;bicicleta;caminhao;moto;onibus;outros;tracao_animal;transporte_de_cargas_especiais;trator_maquinas;utilitarios;ilesos;levemente_feridos;moderadamente_feridos;gravemente_feridos;mortos
"15/10/2023";"04:12:00";"5";"Acidente s";"54";"BR-392/RS";"Sul";"Saída de Pista";1;0;0;0;0;0;0;0;0;0;1;0;0;0;0
"15/10/2023";"05:13:00";"67";"Acidente c";"15.9";"BR-392/RS";"Sul";"Colisão Traseira";1;0;0;1;0;0;0;0;0;0;1;0;0;1;0
"15/10/2023";"11:59:00";"93";"Acidente c";"12.8";"BR-392/RS";"Norte";"Queda de Moto";0;0;0;1;0;0;0;0;0;0;0;0;1;0;0
"16/10/2023";"02:45:00";"6";"Acidente c";"422.1";"BR-116/RS";"Norte";"Saída de Pista";1;0;0;0;0;0;0;0;0;0;0;1;0;0;0
"16/10/2023";"07:02:00";"74";"Acidente c";"403";"BR-116/RS";"Norte";"Saída de Pista";0;0;1;0;0;0;0;0;0;0;0;2;0;0;0
"17/10/2023";"02:55:00";"49";"Acidente c";"479";"BR-116/RS";"Norte";"Saída de Pista";1;0;0;0;0;0;0;0;0;0;0;0;1;0;0
"18/10/2023";"08:13:00";"12";"Acidente c";"110.8";"BR-392/RS";"Sul";"Colisão lateral no sentido contrário";0;0;1;1;0;0;0;0;0;0;1;0;0;0;1
"18/10/2023";"11:56:00";"79";"Acidente c";"18.4";"BR-392/RS";"Sul";"Colisão Traseira";0;0;1;1;0;0;0;0;0;0;1;0;0;1;0
"19/10/2023";"12:36:00";"37";"Acidente c";"35.1";"BR-392/RS";"Sul";"Saída de Pista";0;0;1;0;0;0;0;0;0;0;0;0;1;0;0
"19/10/2023";"06:16:00";"58";"Acidente c";"530";"BR-116/RS";"Sul";"Colisão Transversal";1;0;0;1;0;0;0;0;0;0;1;0;1;0;0
"19/10/2023";"07:03:00";"67";"Acidente c";"5.2";"BR-392/RS";"Norte";"Colisão Transversal";0;0;1;1;0;0;0;0;0;0;2;1;0;0;0
"20/10/2023";"08:25:00";"14";"Acidente c";"43.5";"BR-392/RS";"Sul";"Queda de Moto";0;0;1;1;0;0;0;0;0;0;1;0;1;0;0
"21/10/2023";"12:34:00";"1";"Acidente c";"54.2";"BR-392/RS";"Sul";"Atropelamento de Animal";0;0;0;1;0;0;0;0;0;0;0;0;2;0;0
"23/10/2023";"12:22:00";"1";"Acidente s";"658.1";"BR-116/RS";"Sul";"Colisão Transversal";2;0;0;0;0;0;0;0;0;0;2;0;0;0;0
"24/10/2023";"12:42:00";"2";"Acidente c";"192.7";"BR-392/RS";"Norte";"Saída de Pista";0;0;1;0;0;0;0;0;0;0;0;1;0;0;0
"24/10/2023";"08:01:00";"16";"Acidente c";"118.3";"BR-392/RS";"Sul";"Queda de Moto";0;0;0;1;0;0;0;0;0;0;0;1;0;0;0
"25/10/2023";"03:39:00";"56";"Acidente c";"13";"BR-392/RS";"Sul";"Queda de Moto";0;0;0;1;0;0;0;0;0;0;0;0;1;0;0
"27/10/2023";"01:20:00";"33";"Acidente c";"104";"BR-392/RS";"Sul";"Capotamento";1;0;0;0;0;0;0;0;0;0;0;0;0;4;0
"31/10/2023";"08:55:00";"25";"Acidente s";"82.5";"BR-392/RS";"Norte";"Colisão lateral no sentido contrário";0;0;3;0;0;0;0;0;0;0;8;0;0;0;0
"02/11/2023";"12:02:00";"36";"Acidente c";"194.2";"BR-392/RS";"Norte";"Capotamento";1;0;0;0;0;0;0;0;0;0;0;2;0;0;0
"04/11/2023";"04:46:00";"4";"Acidente c";"524";"BR-116/RS";"Norte";"Colisão lateral no sentido contrário";1;0;1;0;0;0;0;0;0;0;1;0;1;0;0
"05/11/2023";"08:55:00";"68";"Acidente c";"648.8";"BR-116/RS";"Sul";"Saída de Pista";1;0;0;0;0;0;0;0;0;0;0;1;0;0;0
"06/11/2023";"06:31:00";"77";"Acidente c";"521";"BR-116/RS";"Sul";"Colisão Transversal";1;0;0;1;0;0;0;0;0;0;3;0;1;0;0
"06/11/2023";"09:15:00";"89";"Acidente c";"65.5";"BR-392/RS";"Sul";"Colisão Traseira";0;1;0;1;0;0;0;0;0;0;0;0;0;2;0
"06/11/2023";"09:16:00";"90";"Acidente c";"108";"BR-392/RS";"Sul";"Atropelamento de Animal";0;0;0;1;0;0;0;0;0;0;0;2;0;0;0
"07/11/2023";"07:44:00";"75";"Acidente c";"173";"BR-392/RS";"Sul";"Colisão Traseira";0;0;1;0;0;1;0;0;0;0;1;0;1;0;0
"07/11/2023";"11:00:00";"81";"Acidente c";"89.3";"BR-392/RS";"Norte";"Saída de Pista";0;0;0;1;0;0;0;0;0;0;0;0;0;0;1
"08/11/2023";"01:06:00";"3";"Acidente s";"173";"BR-392/RS";"Sul";"Atropelamento - Pedestre";1;0;0;0;0;0;0;0;0;0;3;0;0;0;0
"08/11/2023";"03:33:00";"8";"Acidente c";"440.5";"BR-116/RS";"Norte";"Saída de Pista";0;0;1;0;0;0;0;0;0;0;0;1;0;0;0
"10/11/2023";"05:34:00";"58";"Acidente c";"526.5";"BR-116/RS";"Norte";"Colisão Transversal";2;0;0;0;0;0;0;0;0;0;3;2;0;0;0
"13/11/2023";"04:22:00";"4";"Acidente c";"490.5";"BR-116/RS";"Sul";"Saída de Pista";1;0;0;0;0;0;0;0;0;0;3;0;2;0;0
"15/11/2023";"10:26:00";"91";"Acidente c";"195.2";"BR-392/RS";"Sul";"Tombamento";0;0;1;0;0;0;0;0;0;0;0;0;1;0;0
"17/11/2023";"03:55:00";"72";"Acidente c";"522.6";"BR-116/RS";"Norte";"Queda de Moto";0;0;0;1;0;0;0;0;0;0;0;2;0;0;0
"18/11/2023";"07:30:00";"13";"Acidente s";"580.9";"BR-116/RS";"Norte";"Atropelamento de Animal";1;0;0;0;0;0;0;0;0;0;1;0;0;0;0
"21/11/2023";"08:29:00";"101";"Acidente s";"524.8";"BR-116/RS";"Sul";"Saída de Pista";1;0;0;0;0;0;0;0;0;0;1;0;0;0;0
"22/11/2023";"06:09:00";"57";"Acidente c";"61.9";"BR-392/RS";"Sul";"Colisão lateral no mesmo sentido";1;0;0;1;0;0;0;0;0;0;1;1;0;0;0
"24/11/2023";"08:31:00";"66";"Acidente c";"56";"BR-392/RS";"Norte";"Capotamento";1;0;0;0;0;0;0;0;0;0;0;0;1;1;0
"24/11/2023";"09:16:00";"68";"Acidente c";"519.6";"BR-116/RS";"Norte";"Queda de Moto";0;0;0;1;0;0;0;0;0;0;0;1;0;0;0
"25/11/2023";"03:09:00";"4";"Acidente s";"477.7";"BR-116/RS";"Norte";"Saída de Pista";1;0;0;0;0;0;0;0;0;0;1;0;0;0;0
"26/11/2023";"11:31:00";"45";"Acidente s";"497.8";"BR-116/RS";"Norte";"Saída de Pista";1;0;0;0;0;0;0;0;0;0;1;0;0;0;0
"26/11/2023";"07:48:00";"76";"Acidente c";"450";"BR-116/RS";"Sul";"Queda de Moto";0;0;0;1;0;0;0;0;0;0;0;0;0;1;0
"28/11/2023";"10:37:00";"32";"Acidente s";"94";"BR-392/RS";"Norte";"Outros";0;0;1;0;0;0;0;0;0;0;1;0;0;0;0
"28/11/2023";"01:51:00";"50";"Acidente c";"118";"BR-392/RS";"Sul";"Choque - Outros";1;0;0;0;0;0;0;0;0;0;1;1;0;0;0
"28/11/2023";"05:42:00";"70";"Acidente s";"577.5";"BR-116/RS";"Sul";"Atropelamento de Animal";1;0;0;0;0;0;0;0;0;0;1;0;0;0;0
"29/11/2023";"04:20:00";"4";"Acidente s";"608.5";"BR-116/RS";"Norte";"Atropelamento de Animal";1;0;0;0;0;0;0;0;0;0;7;0;0;0;0
"29/11/2023";"07:33:00";"11";"Acidente s";"4.8";"BR-392/RS";"Sul";"Colisão Transversal";2;0;0;0;0;0;0;0;0;0;2;0;0;0;0
"29/11/2023";"09:49:00";"25";"Acidente s";"99";"BR-392/RS";"Norte";"Saída de Pista";1;0;0;0;0;0;0;0;0;0;1;0;0;0;0
"29/11/2023";"10:42:00";"33";"Acidente c";"73.3";"BR-392/RS";"Sul";"Colisão Traseira";0;0;2;0;0;0;0;0;0;0;1;0;1;0;0
"29/11/2023";"04:27:00";"56";"Acidente c";"193.9";"BR-392/RS";"Norte";"Saída de Pista";0;0;1;0;0;0;0;0;0;0;0;1;0;0;0
"29/11/2023";"06:15:00";"68";"Acidente s";"526";"BR-116/RS";"Sul";"Colisão Transversal";2;0;0;0;0;0;0;0;0;0;3;0;0;0;0
"29/11/2023";"08:16:00";"77";"Acidente s";"534";"BR-116/RS";"Sul";"Atropelamento de Animal";1;0;0;0;0;0;0;0;0;0;2;0;0;0;0
"29/11/2023";"08:46:00";"79";"Acidente s";"648.3";"BR-116/RS";"Sul";"Saída de Pista";0;0;1;0;0;0;0;0;0;0;1;0;0;0;0
"29/11/2023";"10:20:00";"90";"Acidente s";"645.4";"BR-116/RS";"Sul";"Atropelamento de Animal";1;0;0;0;0;0;0;0;0;0;1;0;0;0;0
"30/11/2023";"05:55:00";"59";"Acidente c";"37.9";"BR-392/RS";"Norte";"Saída de Pista";1;0;0;0;0;0;0;0;0;0;1;1;2;1;0
"01/12/2023";"01:40:00";"26";"Acidente s";"526";"BR-116/RS";"Norte";"Colisão Transversal";2;0;0;0;0;0;0;0;0;0;3;0;0;0;0
"01/12/2023";"03:33:00";"36";"Acidente s";"59.6";"BR-392/RS";"Norte";"Objeto lançado contra veículo";3;0;0;0;0;0;0;0;0;0;5;0;0;0;0
"02/12/2023";"06:31:00";"8";"Acidente s";"515";"BR-116/RS";"Norte";"Saída de Pista";1;0;0;0;0;0;0;0;0;0;1;0;0;0;0
"02/12/2023";"09:39:00";"19";"Acidente s";"517";"BR-116/RS";"Norte";"Colisão Transversal";2;0;0;0;0;0;0;0;0;0;4;0;0;0;0
"02/12/2023";"11:27:00";"24";"Acidente s";"523";"BR-116/RS";"Norte";"Tombamento";0;0;1;0;0;0;0;0;0;0;1;0;0;0;0
"02/12/2023";"04:14:00";"42";"Acidente s";"526.5";"BR-116/RS";"Sul";"Saída de Pista";1;0;0;0;0;0;0;0;0;0;1;0;0;0;0
"04/12/2023";"02:54:00";"47";"Acidente c";"119.3";"BR-392/RS";"Sul";"Tombamento";0;0;1;0;0;0;0;0;0;0;0;0;0;1;0
"05/12/2023";"03:08:00";"38";"Acidente c";"111.4";"BR-392/RS";"Norte";"Choque na praça – cabine";0;0;1;0;0;0;0;0;0;0;1;0;1;0;0
"05/12/2023";"09:45:00";"62";"Acidente s";"195.2";"BR-392/RS";"Norte";"Saída de Pista";1;0;0;0;0;0;0;0;0;0;2;0;0;0;0
"06/12/2023";"10:06:00";"20";"Acidente c";"107";"BR-392/RS";"Sul";"Saída de Pista";1;0;0;0;0;0;0;0;0;0;0;1;0;0;0
"09/12/2023";"05:06:00";"13";"Acidente s";"522.2";"BR-116/RS";"Sul";"Choque - Outros";1;0;0;0;0;0;0;0;0;0;1;0;0;0;0
"09/12/2023";"02:46:00";"54";"Acidente c";"656";"BR-116/RS";"Sul";"Colisão Frontal";2;0;0;0;0;0;0;0;0;0;0;3;1;0;0
"10/12/2023";"06:51:00";"14";"Acidente s";"52.3";"BR-392/RS";"Sul";"Colisão Traseira";2;0;0;0;0;0;0;0;0;0;5;0;0;0;0
"11/12/2023";"07:13:00";"10";"Acidente c";"16";"BR-392/RS";"Sul";"Colisão lateral no mesmo sentido";1;0;0;1;0;0;0;0;0;0;1;1;0;0;0
"11/12/2023";"08:21:00";"14";"Acidente c";"4";"BR-392/RS";"Norte";"Colisão Transversal";1;0;0;1;0;0;0;0;0;0;1;2;0;0;0
"12/12/2023";"09:20:00";"26";"Acidente c";"44.3";"BR-392/RS";"Sul";"Queda de Moto";0;0;0;1;0;0;0;0;0;0;0;0;0;1;0
"12/12/2023";"06:01:00";"81";"Acidente c";"77.3";"BR-392/RS";"Sul";"Queda de Moto";0;0;0;1;0;0;0;0;0;0;0;1;1;0;0
"13/12/2023";"06:01:00";"73";"Acidente c";"7.6";"BR-392/RS";"Norte";"Colisão Transversal";0;0;1;1;0;0;0;0;0;0;1;1;0;0;0
"14/12/2023";"05:03:00";"43";"Acidente c";"516.7";"BR-116/RS";"Sul";"Colisão Transversal";0;0;2;0;0;0;0;0;0;0;1;1;0;0;0
"15/12/2023";"04:10:00";"3";"Acidente c";"517.9";"BR-116/RS";"Sul";"Colisão Traseira";1;0;1;0;0;0;0;0;0;0;1;1;0;0;0
"15/12/2023";"09:13:00";"20";"Acidente s";"21.4";"BR-392/RS";"Norte";"Colisão Frontal";1;0;0;0;1;0;0;0;0;0;2;0;0;0;0
"15/12/2023";"10:23:00";"27";"Acidente c";"530";"BR-116/RS";"Sul";"Colisão Transversal";1;0;1;0;0;0;0;0;0;0;1;0;3;1;0
"16/12/2023";"04:30:00";"63";"Acidente c";"564.5";"BR-116/RS";"Norte";"Saída de Pista";1;0;0;0;0;0;0;0;0;0;2;0;3;0;0
"16/12/2023";"05:45:00";"71";"Acidente c";"117";"BR-392/RS";"Sul";"Colisão Transversal";1;0;0;1;0;0;0;0;0;0;1;1;0;0;0
"17/12/2023";"03:14:00";"4";"Acidente s";"132.5";"BR-392/RS";"Sul";"Saída de Pista";1;0;0;0;0;0;0;0;0;0;1;0;0;0;0
"17/12/2023";"08:04:00";"13";"Acidente c";"85.8";"BR-392/RS";"Norte";"Colisão Traseira";2;0;0;0;0;0;0;0;0;0;2;0;1;0;0
"17/12/2023";"03:02:00";"53";"Acidente c";"115.1";"BR-392/RS";"Norte";"Saída de Pista";1;0;0;0;0;0;0;0;0;0;0;0;1;0;0
"17/12/2023";"08:48:00";"85";"Acidente c";"429.3";"BR-116/RS";"Norte";"Colisão Transversal";1;0;0;1;0;0;0;0;0;0;4;2;0;0;0
"18/12/2023";"07:39:00";"70";"Acidente c";"4.3";"BR-392/RS";"Norte";"Colisão Frontal";2;0;0;0;0;0;0;0;0;0;0;0;4;0;0
"19/12/2023";"07:50:00";"15";"Acidente c";"471";"BR-116/RS";"Sul";"Colisão lateral no sentido contrário";1;0;1;0;0;0;0;0;0;0;2;1;0;0;0
"20/12/2023";"03:23:00";"59";"Acidente c";"516.8";"BR-116/RS";"Sul";"Queda de Moto";0;0;0;1;0;0;0;0;0;0;0;1;0;0;0
"22/12/2023";"06:56:00";"7";"Acidente s";"118";"BR-392/RS";"Norte";"Saída de Pista";1;0;0;0;0;0;0;0;0;0;1;0;0;0;0
"22/12/2023";"07:17:00";"9";"Acidente c";"194";"BR-392/RS";"Norte";"Tombamento";0;0;2;0;0;0;0;0;0;0;1;1;0;0;0
"24/12/2023";"06:55:00";"14";"Acidente c";"619.8";"BR-116/RS";"Norte";"Saída de Pista";1;0;0;0;0;0;0;0;0;0;2;1;0;0;0
"24/12/2023";"07:49:00";"18";"Acidente s";"522.1";"BR-116/RS";"Sul";"Choque - Outros";1;0;0;0;0;0;0;0;0;0;1;0;0;0;0
"24/12/2023";"11:38:00";"35";"Acidente c";"442";"BR-116/RS";"Sul";"Saída de Pista";1;0;0;0;0;0;0;0;0;0;0;1;0;0;0
"25/12/2023";"05:49:00";"9";"Acidente s";"515.2";"BR-116/RS";"Norte";"Saída de Pista";1;0;0;0;0;0;0;0;0;0;1;0;0;0;0
"25/12/2023";"02:44:00";"32";"Acidente c";"435.2";"BR-116/RS";"Norte";"Saída de Pista";1;0;0;0;0;0;0;0;0;0;1;1;0;0;0
"25/12/2023";"04:17:00";"39";"Acidente c";"66.8";"BR-392/RS";"Sul";"Colisão Traseira";1;0;0;1;0;0;0;0;0;0;5;0;1;0;0
"28/12/2023";"04:21:00";"57";"Acidente c";"61";"BR-392/RS";"Norte";"Atropelamento - Sem Informação";0;1;1;0;0;0;0;0;0;0;1;0;0;1;0
"29/12/2023";"08:29:00";"10";"Acidente s";"17.6";"BR-392/RS";"Norte";"Saída de Pista";1;0;0;0;0;0;0;0;0;0;1;0;0;0;0
"30/12/2023";"08:32:00";"22";"Acidente c";"12.8";"BR-392/RS";"Sul";"Colisão lateral no mesmo sentido";1;0;0;1;0;0;0;0;0;0;1;1;0;0;0
"02/01/2024";"05:56:00";"54";"Com vítima";"523,200";"BR-116/RS";"Crescente";"Tombamento";0;0;0;0;0;0;0;0;0;0;0;0;1;0;0
"05/01/2024";"01:00:00";"52";"Com vítima";"78,400";"BR-392/RS";"Decrescente";"Saída de pista";0;0;0;0;0;0;0;0;0;0;28;3;0;0;0
"06/01/2024";"04:12:00";"74";"Com vítima";"119,800";"BR-392/RS";"Crescente";"Colisão lateral em sentido contrário";0;0;0;0;0;0;0;0;0;0;1;0;0;0;1
"07/01/2024";"03:13:00";"6";"Com vítima";"20,000";"BR-392/RS";"Decrescente";"Atropelamento de pedestre";0;0;0;0;0;0;0;0;0;0;1;0;0;0;0
"07/01/2024";"08:36:00";"80";"Sem vítima";"52,300";"BR-392/RS";"Crescente";"Colisão traseira";0;0;0;0;0;0;0;0;0;0;3;0;0;0;0
"08/01/2024";"09:18:00";"33";"Com vítima";"530,000";"BR-116/RS";"Decrescente";"Colisão transversal";0;0;0;0;0;0;0;0;0;0;2;0;2;0;0
"09/01/2024";"12:01:00";"1";"Com vítima";"159,300";"BR-392/RS";"Decrescente";"Tombamento";0;0;0;0;0;0;0;0;0;0;0;1;0;0;0
"10/01/2024";"07:37:00";"11";"Com vítima";"3,600";"BR-392/RS";"Crescente";"Colisão transversal";0;0;0;0;0;0;0;0;0;0;1;0;1;0;0
"11/01/2024";"08:32:00";"16";"Com vítima";"67,000";"BR-392/RS";"Decrescente";"Colisão transversal";0;0;0;0;0;0;0;0;0;0;1;0;1;0;0
"11/01/2024";"08:48:00";"78";"Com vítima";"533,300";"BR-116/RS";"Decrescente";"Atropelamento de pedestre";0;0;0;0;0;0;0;0;0;0;0;1;0;0;0
"12/01/2024";"02:38:00";"44";"Com vítima";"421,900";"BR-116/RS";"Crescente";"Saída de pista";0;0;0;0;0;0;0;0;0;0;1;1;0;0;0
"12/01/2024";"10:04:00";"82";"Com vítima";"488,000";"BR-116/RS";"Crescente";"Saída de pista";0;0;0;0;0;0;0;0;0;0;1;1;0;0;0
"13/01/2024";"08:42:00";"99";"Com vítima";"427,000";"BR-116/RS";"Decrescente";"Atropelamento de pedestre";0;0;0;0;0;0;0;0;0;0;2;0;0;0;0
"14/01/2024";"05:02:00";"4";"Sem vítima";"40,500";"BR-392/RS";"Crescente";"Saída de pista";0;0;0;0;0;0;0;0;0;0;4;0;0;0;0
"14/01/2024";"09:08:00";"17";"Com vítima";"110,100";"BR-392/RS";"Crescente";"Colisão transversal";0;0;0;0;0;0;0;0;0;0;2;1;0;0;0
"15/01/2024";"01:22:00";"1";"Com vítima";"26,500";"BR-392/RS";"Decrescente";"Colisão traseira";0;0;0;0;0;0;0;0;0;0;1;1;0;0;0
"15/01/2024";"09:32:00";"20";"Com vítima";"474,500";"BR-116/RS";"Crescente";"Colisão traseira";0;0;0;0;0;0;0;0;0;0;2;0;1;0;0
"15/01/2024";"03:11:00";"50";"Com vítima";"120,800";"BR-392/RS";"Crescente";"Colisão transversal";0;0;0;0;0;0;0;0;0;0;2;0;0;1;0
"16/01/2024";"08:00:00";"18";"Com vítima";"41,800";"BR-392/RS";"Decrescente";"Atropelamento de pedestre";0;0;0;0;0;0;0;0;0;0;0;0;1;0;0
"18/01/2024";"02:58:00";"52";"Com vítima";"44,000";"BR-392/RS";"Crescente";"Colisão lateral no mesmo sentido";0;0;0;0;0;0;0;0;0;0;1;0;1;0;0
"19/01/2024";"07:49:00";"101";"Com vítima";"439,500";"BR-116/RS";"Decrescente";"Saída de pista";0;0;0;0;0;0;0;0;0;0;0;0;1;0;0
"22/01/2024";"09:56:00";"21";"Com vítima";"19,900";"BR-392/RS";"Crescente";"Saída de pista";0;0;0;0;0;0;0;0;0;0;0;1;0;0;0
"22/01/2024";"07:32:00";"70";"Com vítima";"516,700";"BR-116/RS";"Crescente";"Colisão transversal";0;0;0;0;0;0;0;0;0;0;1;0;1;0;0
"22/01/2024";"09:26:00";"76";"Com vítima";"530,000";"BR-116/RS";"Decrescente";"Colisão transversal";0;0;0;0;0;0;0;0;0;0;3;0;1;0;0
"23/01/2024";"08:13:00";"20";"Com vítima";"519,000";"BR-116/RS";"Crescente";"Colisão transversal";0;0;0;0;0;0;0;0;0;0;1;1;0;0;0
"23/01/2024";"11:40:00";"49";"Com vítima";"523,000";"BR-116/RS";"Decrescente";"Queda de moto";0;0;0;0;0;0;0;0;0;0;0;2;0;0;0
"24/01/2024";"04:52:00";"11";"Com vítima";"61,000";"BR-392/RS";"Decrescente";"Saída de pista";0;0;0;0;0;0;0;0;0;0;0;0;1;0;0
"24/01/2024";"07:57:00";"18";"Com vítima";"67,000";"BR-392/RS";"Crescente";"Colisão transversal";0;0;0;0;0;0;0;0;0;0;1;0;0;0;0
"24/01/2024";"01:06:00";"49";"Sem vítima";"59,300";"BR-392/RS";"Decrescente";"Capotamento";0;0;0;0;0;0;0;0;0;0;1;0;0;0;0
"25/01/2024";"08:31:00";"9";"Com vítima";"117,100";"BR-392/RS";"Crescente";"Colisão transversal";0;0;0;0;0;0;0;0;0;0;1;2;0;0;0
"27/01/2024";"12:48:00";"2";"Sem vítima";"67,000";"BR-392/RS";"Decrescente";"Colisão transversal";0;0;0;0;0;0;0;0;0;0;5;0;0;0;0
"27/01/2024";"09:56:00";"83";"Com vítima";"530,000";"BR-116/RS";"Crescente";"Colisão transversal";0;0;0;0;0;0;0;0;0;0;4;0;1;0;0
"28/01/2024";"04:51:00";"6";"Sem vítima";"17,000";"BR-392/RS";"Crescente";"Capotamento";0;0;0;0;0;0;0;0;0;0;2;0;0;0;0
"28/01/2024";"07:37:00";"11";"Com vítima";"36,800";"BR-392/RS";"Crescente";"Colisão lateral no mesmo sentido";0;0;0;0;0;0;0;0;0;0;9;1;1;0;0
"29/01/2024";"01:45:00";"1";"Com vítima";"83,700";"BR-392/RS";"Decrescente";"Colisão transversal";0;0;0;0;0;0;0;0;0;0;0;1;0;2;0
"29/01/2024";"05:57:00";"7";"Com vítima";"12,800";"BR-392/RS";"Decrescente";"Colisão lateral no mesmo sentido";0;0;0;0;0;0;0;0;0;0;1;1;0;0;0
"29/01/2024";"10:26:00";"38";"Com vítima";"125,000";"BR-392/RS";"Crescente";"Colisão transversal";0;0;0;0;0;0;0;0;0;0;1;0;0;3;1
"29/01/2024";"10:52:00";"44";"Com vítima";"103,100";"BR-392/RS";"Crescente";"Colisão transversal";0;0;0;0;0;0;0;0;0;0;1;1;0;0;0
"29/01/2024";"05:05:00";"76";"Com vítima";"72,100";"BR-392/RS";"Crescente";"Colisão lateral no mesmo sentido";0;0;0;0;0;0;0;0;0;0;1;0;3;0;0
"29/01/2024";"06:05:00";"80";"Sem vítima";"525,000";"BR-116/RS";"Decrescente";"Colisão lateral no mesmo sentido";0;0;0;0;0;0;0;0;0;0;2;0;0;0;0
"30/01/2024";"12:14:00";"42";"Sem vítima";"18,100";"BR-392/RS";"Decrescente";"Colisão transversal";0;0;0;0;0;0;0;0;0;0;2;0;0;0;0
"30/01/2024";"02:27:00";"60";"Com vítima";"31,300";"BR-392/RS";"Decrescente";"Saída de pista";0;0;0;0;0;0;0;0;0;0;5;0;1;0;0
"31/01/2024";"02:23:00";"46";"Sem vítima";"197,700";"BR-392/RS";"Crescente";"Tombamento";0;0;0;0;0;0;0;0;0;0;1;0;0;0;0
"03/02/2024";"08:16:00";"16";"Sem vítima";"527,000";"BR-116/RS";"Crescente";"Saída de pista";0;0;0;0;0;0;0;0;0;0;2;0;0;0;0
"04/02/2024";"06:31:00";"77";"Com vítima";"563,500";"BR-116/RS";"Crescente";"Colisão transversal";0;0;0;0;0;0;0;0;0;0;3;4;1;0;0
"04/02/2024";"07:07:00";"83";"Com vítima";"471,000";"BR-116/RS";"Decrescente";"Colisão traseira";0;0;0;0;0;0;0;0;0;0;2;0;1;0;0
"04/02/2024";"11:07:00";"106";"Sem vítima";"72,000";"BR-392/RS";"Crescente";"Colisão transversal";0;0;0;0;0;0;0;0;0;0;3;0;0;0;0
"05/02/2024";"05:38:00";"73";"Com vítima";"638,000";"BR-116/RS";"Decrescente";"Saída de pista";0;0;0;0;0;0;0;0;0;0;0;1;0;0;0
"09/02/2024";"08:21:00";"93";"Com vítima";"19,400";"BR-392/RS";"Crescente";"Colisão transversal";0;0;0;0;0;0;0;0;0;0;1;0;1;0;0
"10/02/2024";"06:33:00";"12";"Com vítima";"5,600";"BR-392/RS";"Decrescente";"Colisão frontal";0;0;0;0;0;0;0;0;0;0;0;0;2;0;0
"11/02/2024";"08:28:00";"23";"Sem vítima";"52,300";"BR-392/RS";"Crescente";"Colisão traseira";0;0;0;0;0;0;0;0;0;0;6;0;0;0;0
"13/02/2024";"03:38:00";"75";"Com vítima";"17,500";"BR-392/RS";"Decrescente";"Colisão transversal";0;0;0;0;0;0;0;0;0;0;4;0;1;0;0
"13/02/2024";"07:11:00";"87";"Com vítima";"517,000";"BR-116/RS";"Decrescente";"Colisão transversal";0;0;0;0;0;0;0;0;0;0;2;1;0;0;0
"15/02/2024";"08:34:00";"13";"Com vítima";"512,500";"BR-116/RS";"Decrescente";"Atropelamento de animal";0;0;0;0;0;0;0;0;0;0;0;1;0;0;0
"15/02/2024";"09:25:00";"19";"Com vítima";"68,000";"BR-392/RS";"Decrescente";"Colisão transversal";0;0;0;0;0;0;0;0;0;0;1;1;0;0;0
"16/02/2024";"07:04:00";"9";"Com vítima";"12,500";"BR-392/RS";"Decrescente";"Colisão lateral no mesmo sentido";0;0;0;0;0;0;0;0;0;0;1;1;0;0;0
"16/02/2024";"09:05:00";"20";"Sem vítima";"52,300";"BR-392/RS";"Decrescente";"Choque";0;0;0;0;0;0;0;0;0;0;2;0;0;0;0
"16/02/2024";"09:18:00";"22";"Sem vítima";"16,000";"BR-392/RS";"Decrescente";"Saída de pista";0;0;0;0;0;0;0;0;0;0;1;0;0;0;0
"16/02/2024";"09:24:00";"23";"Sem vítima";"464,000";"BR-116/RS";"Crescente";"Saída de pista";0;0;0;0;0;0;0;0;0;0;2;0;0;0;0
"16/02/2024";"09:49:00";"25";"Sem vítima";"194,000";"BR-392/RS";"Decrescente";"Saída de pista";0;0;0;0;0;0;0;0;0;0;2;0;0;0;0
"16/02/2024";"11:30:00";"32";"Sem vítima";"514,000";"BR-116/RS";"Decrescente";"Colisão traseira";0;0;0;0;0;0;0;0;0;0;3;0;0;0;0
"16/02/2024";"12:18:00";"38";"Sem vítima";"557,500";"BR-116/RS";"Crescente";"Queda de moto";0;0;0;0;0;0;0;0;0;0;2;0;0;0;0
"16/02/2024";"02:44:00";"49";"Com vítima";"120,900";"BR-392/RS";"Decrescente";"Colisão transversal";0;0;0;0;0;0;0;0;0;0;3;0;1;0;0
"16/02/2024";"03:02:00";"54";"Sem vítima";"487,800";"BR-116/RS";"Crescente";"Acidentes de outra natureza";0;0;0;0;0;0;0;0;0;0;4;0;0;0;0