data;horario;n_da_ocorrencia;tipo_de_ocorrencia;km;trecho;sentido;tipo_de_acidente;automovel;bicicleta;caminhao;moto;onibus;outros;tracao_animal;transporte_de_cargas_especiais;trator_maquinas;utilitarios;ilesos;levemente_feridos;moderadamente_feridos;gravemente_feridos;mortos
"23/10/2024";"07:42:00";"12";"Com vítima";"8,600";"BR-392/RS";"Crescente";"Queda de moto";0;0;0;1;0;0;0;0;0;0;0;2;0;0;0
"23/10/2024";"07:06:00";"67";"Com vítima";"67,000";"BR-392/RS";"Crescente";"Colisão transversal";1;1;0;0;0;0;0;0;0;0;2;0;0;0;0
"24/10/2024";"05:03:00";"37";"Com vítima";"52,500";"BR-392/RS";"Crescente";"Queda de moto";0;0;0;1;0;0;0;0;0;0;0;0;1;0;0
"24/10/2024";"10:39:00";"63";"Com vítima";"62,500";"BR-392/RS";"Crescente";"Saída de pista";0;0;1;0;0;0;0;0;0;0;2;0;1;0;0
"26/10/2024";"10:39:00";"32";"Com vítima";"68,000";"BR-392/RS";"Crescente";"Queda de moto";0;0;0;1;0;0;0;0;0;0;0;0;2;0;0
"26/10/2024";"11:08:00";"35";"Sem vítima";"4,700";"BR-392/RS";"Crescente";"Colisão traseira";2;0;0;0;0;0;0;0;0;0;3;0;0;0;0
"29/10/2024";"09:58:00";"29";"Com vítima";"97,280";"BR-392/RS";"Crescente";"Tombamento";0;0;0;0;0;1;0;0;0;0;0;0;1;0;0
"29/10/2024";"02:27:00";"48";"Com vítima";"543,000";"BR-116/RS";"Decrescente";"Saída de pista";1;0;0;0;0;0;0;0;0;0;0;0;1;0;0
"30/10/2024";"05:03:00";"68";"Com vítima";"20,500";"BR-392/RS";"Crescente";"Colisão traseira";1;0;0;1;0;0;0;0;0;0;2;0;1;0;0
"31/10/2024";"12:30:00";"1";"Com vítima";"91,100";"BR-392/RS";"Decrescente";"Colisão traseira";0;0;0;0;0;2;0;0;0;0;2;1;0;0;0
"02/11/2024";"06:41:00";"82";"Com vítima";"18,150";"BR-392/RS";"Crescente";"Atropelamento de pedestre";0;0;0;1;0;0;0;0;0;0;0;0;0;1;1
"03/11/2024";"05:27:00";"76";"Com vítima";"194,800";"BR-392/RS";"Decrescente";"Colisão lateral em sentido contrário";1;0;0;0;0;1;0;0;0;0;1;1;0;1;0
"04/11/2024";"05:15:00";"4";"Com vítima";"5,500";"BR-392/RS";"Decrescente";"Saída de pista";1;0;0;0;0;0;0;0;0;0;1;0;1;0;0
"05/11/2024";"06:45:00";"77";"Com vítima";"658,000";"BR-116/RS";"Crescente";"Acidentes de outra natureza";0;1;0;0;0;1;0;0;0;0;1;0;0;0;0
"06/11/2024";"05:14:00";"4";"Com vítima";"404,000";"BR-116/RS";"Crescente";"Saída de pista";0;0;1;0;0;0;0;0;0;0;0;0;1;0;0
"08/11/2024";"06:43:00";"69";"Com vítima";"528,000";"BR-116/RS";"Decrescente";"Colisão transversal";1;0;1;0;0;0;0;0;0;0;1;0;1;0;0
"08/11/2024";"08:15:00";"79";"Com vítima";"84,900";"BR-392/RS";"Crescente";"Saída de pista";0;0;0;0;0;1;0;0;0;0;0;0;1;0;0
"09/11/2024";"06:44:00";"8";"Com vítima";"523,900";"BR-116/RS";"Crescente";"Choque";1;0;0;0;0;0;0;0;0;0;0;0;1;0;0
"10/11/2024";"07:14:00";"62";"Com vítima";"503,000";"BR-116/RS";"Crescente";"Saída de pista";0;0;1;0;0;0;0;0;0;0;0;0;1;0;0
"10/11/2024";"10:58:00";"79";"Com vítima";"516,000";"BR-116/RS";"Decrescente";"Queda de moto";0;0;0;1;0;0;0;0;0;0;0;0;2;0;0
"11/11/2024";"11:49:00";"59";"Com vítima";"521,300";"BR-116/RS";"Crescente";"Colisão transversal";1;0;0;1;0;0;0;0;0;0;1;0;1;0;0
"11/11/2024";"05:36:00";"95";"Sem vítima";"528,600";"BR-116/RS";"Crescente";"Colisão traseira";2;0;0;0;0;0;0;0;0;0;2;0;0;0;0
"12/11/2024";"10:27:00";"28";"Com vítima";"526,500";"BR-116/RS";"Crescente";"Tombamento";0;0;0;0;0;1;0;0;0;0;0;0;1;0;0
"12/11/2024";"12:55:00";"41";"Com vítima";"97,800";"BR-392/RS";"Crescente";"Saída de pista";0;0;0;0;0;1;0;0;0;0;0;0;0;1;0
"14/11/2024";"12:55:00";"34";"Com vítima";"622,000";"BR-116/RS";"Decrescente";"Colisão lateral em sentido contrário";1;0;1;0;0;0;0;0;0;0;2;0;1;0;0
"14/11/2024";"04:18:00";"51";"Com vítima";"494,000";"BR-116/RS";"Decrescente";"Capotamento";1;0;0;0;0;0;0;0;0;0;1;0;1;0;0
"14/11/2024";"05:01:00";"53";"Com vítima";"493,500";"BR-116/RS";"Crescente";"Saída de pista";1;0;0;0;0;0;0;0;0;0;0;2;0;0;0
"17/11/2024";"08:30:00";"15";"Com vítima";"28,000";"BR-392/RS";"Crescente";"Colisão lateral no mesmo sentido";1;0;0;0;0;1;0;0;0;0;1;0;1;0;0
"19/11/2024";"02:54:00";"53";"Com vítima";"193,000";"BR-392/RS";"Decrescente";"Queda de moto";0;0;0;1;0;0;0;0;0;0;0;0;1;0;0
"19/11/2024";"08:00:00";"88";"Sem vítima";"421,000";"BR-116/RS";"Crescente";"Colisão lateral em sentido contrário";2;0;0;0;0;0;0;0;0;0;4;0;0;0;0
"21/11/2024";"03:18:00";"4";"Com vítima";"121,500";"BR-392/RS";"Decrescente";"Colisão frontal";1;0;0;0;0;1;0;0;0;0;1;0;1;0;0
"21/11/2024";"08:23:00";"52";"Com vítima";"496,500";"BR-116/RS";"Decrescente";"Atropelamento de pedestre";1;0;0;0;0;0;0;0;0;0;1;0;0;0;1
"22/11/2024";"12:17:00";"33";"Com vítima";"26,800";"BR-392/RS";"Crescente";"Queda de moto";0;0;0;1;0;0;0;0;0;0;0;0;0;1;0
"23/11/2024";"03:44:00";"2";"Sem vítima";"72,400";"BR-392/RS";"Crescente";"Saída de pista";0;0;1;0;0;0;0;0;0;0;1;0;0;0;0
"24/11/2024";"06:23:00";"7";"Com vítima";"47,900";"BR-392/RS";"Decrescente";"Queda de moto";0;0;0;1;0;0;0;0;0;0;0;2;0;0;0
"25/11/2024";"04:50:00";"7";"Com vítima";"130,100";"BR-392/RS";"Decrescente";"Colisão frontal";2;0;0;0;0;1;0;0;0;0;0;0;5;0;1
"25/11/2024";"03:32:00";"53";"Com vítima";"97,400";"BR-392/RS";"Crescente";"Saída de pista";0;0;0;0;0;1;0;0;0;0;0;1;0;0;0
"25/11/2024";"07:53:00";"66";"Com vítima";"67,000";"BR-392/RS";"Crescente";"Colisão transversal";1;0;0;1;0;0;0;0;0;0;1;1;0;0;0
"26/11/2024";"02:52:00";"48";"Com vítima";"75,400";"BR-392/RS";"Decrescente";"Colisão traseira";1;0;0;0;0;1;0;0;0;0;2;1;0;0;0
"26/11/2024";"04:10:00";"54";"Com vítima";"517,150";"BR-116/RS";"Decrescente";"Colisão transversal";2;0;0;0;0;0;0;0;0;0;2;1;2;0;0
"28/11/2024";"05:57:00";"48";"Com vítima";"166,500";"BR-392/RS";"Crescente";"Queda de moto";0;0;0;1;0;0;0;0;0;0;0;1;0;0;0
"29/11/2024";"07:58:00";"9";"Com vítima";"64,000";"BR-392/RS";"Decrescente";"Colisão traseira";0;0;0;1;0;1;0;0;0;0;1;0;1;0;0
"01/12/2024";"09:14:00";"48";"Com vítima";"406,300";"BR-116/RS";"Decrescente";"Saída de pista";1;0;0;0;0;0;0;0;0;0;1;1;0;0;0
"03/12/2024";"03:01:00";"2";"Sem vítima";"27,000";"BR-392/RS";"Crescente";"Saída de pista";1;0;0;0;0;0;0;0;0;0;4;0;0;0;0
"07/12/2024";"09:24:00";"17";"Sem vítima";"42,000";"BR-392/RS";"Crescente";"Colisão lateral no mesmo sentido";1;0;0;0;0;1;0;0;0;0;3;0;0;0;0
"08/12/2024";"12:18:00";"35";"Com vítima";"450,000";"BR-116/RS";"Crescente";"Saída de pista";1;0;0;0;0;0;0;0;0;0;0;0;0;1;0
"09/12/2024";"02:00:00";"7";"Sem vítima";"67,800";"BR-392/RS";"Crescente";"Saída de pista";1;0;0;0;0;0;0;0;0;0;1;0;0;0;0
"09/12/2024";"11:36:00";"37";"Sem vítima";"120,500";"BR-392/RS";"Crescente";"Colisão traseira";2;0;0;0;0;0;0;0;0;0;6;0;0;0;0
"09/12/2024";"02:04:00";"46";"Com vítima";"625,200";"BR-116/RS";"Crescente";"Saída de pista";1;0;0;0;0;0;0;0;0;0;0;0;1;0;0
"11/12/2024";"08:10:00";"58";"Sem vítima";"593,800";"BR-116/RS";"Crescente";"Atropelamento de animal";1;0;0;0;0;0;0;0;0;0;1;0;0;0;0
"11/12/2024";"09:17:00";"63";"Com vítima";"140,000";"BR-392/RS";"Crescente";"Colisão transversal";1;0;0;0;0;1;0;0;0;0;2;0;2;0;0
"12/12/2024";"02:26:00";"43";"Com vítima";"531,000";"BR-116/RS";"Decrescente";"Colisão transversal";1;0;0;1;0;1;0;0;0;0;2;0;0;2;0
"12/12/2024";"10:07:00";"455";"Com vítima";"35,600";"BR-392/RS";"Decrescente";"Colisão traseira";0;0;1;0;0;2;0;0;0;0;1;2;0;0;0
"13/12/2024";"06:06:00";"9";"Com vítima";"74,700";"BR-392/RS";"Crescente";"Choque";1;0;0;0;0;0;0;0;0;0;1;0;1;0;0
"13/12/2024";"09:12:00";"82";"Sem vítima";"64,600";"BR-392/RS";"Crescente";"Saída de pista";1;0;0;0;0;0;0;0;0;0;2;0;0;0;0
"14/12/2024";"06:27:00";"50";"Com vítima";"60,050";"BR-392/RS";"Crescente";"Colisão frontal";2;0;0;0;0;0;0;0;0;0;1;0;1;0;0
"14/12/2024";"06:59:00";"51";"Com vítima";"182,000";"BR-392/RS";"Decrescente";"Choque";2;0;0;0;0;0;0;0;0;0;1;1;0;0;0
"14/12/2024";"07:48:00";"55";"Sem vítima";"457,000";"BR-116/RS";"Decrescente";"Saída de pista";0;0;1;0;0;0;0;0;0;0;1;0;0;0;0
"14/12/2024";"09:34:00";"63";"Com vítima";"38,800";"BR-392/RS";"Decrescente";"Colisão traseira";2;0;0;0;0;0;0;0;0;0;6;1;0;0;0
"17/12/2024";"07:55:00";"13";"Sem vítima";"5,500";"BR-392/RS";"Decrescente";"Engavetamento";3;0;0;0;0;0;0;0;0;0;3;0;0;0;0
"17/12/2024";"01:16:00";"49";"Com vítima";"528,000";"BR-116/RS";"Decrescente";"Colisão transversal";1;0;0;1;0;0;0;0;0;0;1;0;2;0;0
"19/12/2024";"01:28:00";"38";"Sem vítima";"425,500";"BR-116/RS";"Decrescente";"Colisão lateral no mesmo sentido";2;0;0;0;0;0;0;0;0;0;2;0;0;0;0
"19/12/2024";"03:58:00";"49";"Com vítima";"15,000";"BR-392/RS";"Decrescente";"Colisão lateral no mesmo sentido";1;0;1;0;0;1;0;0;0;0;2;1;0;0;0
"19/12/2024";"07:36:00";"60";"Com vítima";"17,800";"BR-392/RS";"Decrescente";"Saída de pista";1;0;0;0;0;0;0;0;0;0;0;0;1;0;0
"20/12/2024";"07:38:00";"9";"Com vítima";"117,500";"BR-392/RS";"Crescente";"Colisão lateral no mesmo sentido";1;0;0;1;0;0;0;0;0;0;2;1;0;0;0
"22/12/2024";"04:07:00";"7";"Com vítima";"81,000";"BR-392/RS";"Decrescente";"Atropelamento de animal";1;0;0;0;0;0;0;0;0;0;0;1;0;0;0
"22/12/2024";"08:36:00";"16";"Com vítima";"406,000";"BR-116/RS";"Crescente";"Saída de pista";1;0;0;0;0;0;0;0;0;0;0;0;1;0;0
"23/12/2024";"03:55:00";"50";"Sem vítima";"530,000";"BR-116/RS";"Crescente";"Colisão transversal";2;0;0;0;0;0;0;0;0;0;5;0;0;0;0
"23/12/2024";"06:33:00";"64";"Com vítima";"28,100";"BR-392/RS";"Crescente";"Colisão lateral no mesmo sentido";1;0;0;0;0;1;0;0;0;0;2;0;1;0;0
"23/12/2024";"08:45:00";"74";"Com vítima";"538,500";"BR-116/RS";"Crescente";"Atropelamento de animal";1;0;0;0;0;0;0;0;0;0;3;0;0;0;0
"24/12/2024";"01:05:00";"29";"Com vítima";"406,300";"BR-116/RS";"Decrescente";"Saída de pista";0;0;0;0;0;1;0;0;0;0;0;1;0;0;0
"24/12/2024";"04:05:00";"39";"Com vítima";"441,600";"BR-116/RS";"Decrescente";"Saída de pista";1;0;0;0;0;0;0;0;0;0;0;0;1;1;0
"24/12/2024";"08:34:00";"60";"Sem vítima";"478,000";"BR-116/RS";"Decrescente";"Colisão traseira";2;0;0;0;0;0;0;0;0;0;4;0;0;0;0
"24/12/2024";"10:17:00";"64";"Com vítima";"29,000";"BR-392/RS";"Crescente";"Saída de pista";1;0;0;0;0;0;0;0;0;0;0;3;0;0;0
"26/12/2024";"10:55:00";"83";"Com vítima";"46,500";"BR-392/RS";"Crescente";"Saída de pista";1;0;0;0;0;0;0;0;0;0;0;0;1;0;0
"27/12/2024";"09:17:00";"17";"Com vítima";"505,800";"BR-116/RS";"Crescente";"Saída de pista";1;0;0;0;0;0;0;0;0;0;0;1;0;0;0
"27/12/2024";"01:29:00";"38";"Com vítima";"448,000";"BR-116/RS";"Crescente";"Colisão traseira";2;0;0;0;0;0;0;0;0;0;1;3;0;0;0
"27/12/2024";"04:53:00";"55";"Com vítima";"529,640";"BR-116/RS";"Crescente";"Colisão transversal";0;0;0;1;0;1;0;0;0;0;1;0;0;1;0
"27/12/2024";"07:15:00";"69";"Com vítima";"525,000";"BR-116/RS";"Decrescente";"Choque";0;0;0;1;0;0;0;0;0;0;0;0;1;1;0
"29/12/2024";"10:14:00";"76";"Com vítima";"74,500";"BR-392/RS";"Crescente";"Colisão traseira";1;0;0;1;0;0;0;0;0;0;1;0;0;1;0
"30/12/2024";"06:41:00";"6";"Com vítima";"429,300";"BR-116/RS";"Crescente";"Colisão transversal";1;0;1;0;0;0;0;0;0;0;4;2;0;0;0
"30/12/2024";"12:50:00";"31";"Sem vítima";"510,300";"BR-116/RS";"Crescente";"Colisão traseira";0;0;0;0;0;2;0;0;0;0;2;0;0;0;0
"30/12/2024";"11:53:00";"91";"Com vítima";"511,000";"BR-116/RS";"Decrescente";"Choque";0;0;0;1;0;0;0;0;0;0;0;0;1;0;0
"01/01/2025";"09:11:00";"24";"Com vítima";"634,300";"BR-116/RS";"Decrescente";"Saída de pista";1;0;0;0;0;0;0;0;0;0;0;1;1;0;0
"02/01/2025";"05:57:00";"57";"Com vítima";"459,500";"BR-116/RS";"Crescente";"Colisão traseira";1;0;0;0;0;1;0;0;0;0;2;1;0;0;0
"04/01/2025";"03:23:00";"3";"Com vítima";"657,700";"BR-116/RS";"Crescente";"Saída de pista";1;0;0;0;0;0;0;0;0;0;0;1;0;0;0
"05/01/2025";"04:06:00";"33";"Com vítima";"54,000";"BR-392/RS";"Decrescente";"Saída de pista";1;0;0;0;0;0;0;0;0;0;0;0;1;0;0
"05/01/2025";"06:27:00";"44";"Com vítima";"96,400";"BR-392/RS";"Decrescente";"Queda de moto";0;0;0;1;0;0;0;0;0;0;0;1;0;0;0
"05/01/2025";"10:47:00";"57";"Com vítima";"465,500";"BR-116/RS";"Crescente";"Colisão traseira";1;0;0;1;0;0;0;0;0;0;1;0;0;1;1
"09/01/2025";"07:51:00";"23";"Com vítima";"84,900";"BR-392/RS";"Crescente";"Saída de pista";0;0;0;0;0;1;0;0;0;0;0;1;0;0;0
"09/01/2025";"02:53:00";"65";"Com vítima";"495,600";"BR-116/RS";"Decrescente";"Queda de moto";0;0;0;1;0;0;0;0;0;0;0;2;0;0;0
"10/01/2025";"05:43:00";"64";"Com vítima";"521,600";"BR-116/RS";"Decrescente";"Colisão lateral no mesmo sentido";0;1;1;0;0;0;0;0;0;0;1;0;0;0;0
"10/01/2025";"09:04:00";"79";"Com vítima";"419,800";"BR-116/RS";"Crescente";"Saída de pista";1;0;0;0;0;0;0;0;0;0;0;0;0;0;1
"11/01/2025";"12:44:00";"2";"Com vítima";"520,500";"BR-116/RS";"Crescente";"Acidentes de outra natureza";0;0;0;1;0;0;0;0;0;0;0;0;0;0;1
"12/01/2025";"04:07:00";"6";"Sem vítima";"6,800";"BR-392/RS";"Decrescente";"Choque";1;0;0;0;0;0;0;0;0;0;1;0;0;0;0
"16/01/2025";"10:53:00";"27";"Com vítima";"611,800";"BR-116/RS";"Crescente";"Saída de pista";1;0;0;0;0;1;0;0;0;0;1;1;0;0;0
"17/01/2025";"12:19:00";"33";"Com vítima";"476,000";"BR-116/RS";"Crescente";"Colisão traseira";1;0;0;0;0;1;0;0;0;0;1;0;1;0;0
"17/01/2025";"08:33:00";"75";"Com vítima";"534,000";"BR-116/RS";"Decrescente";"Colisão traseira";1;0;0;0;0;0;1;0;0;0;0;0;1;0;1
"18/01/2025";"05:02:00";"5";"Com vítima";"8,600";"BR-392/RS";"Decrescente";"Saída de pista";0;0;0;0;0;1;0;0;0;0;0;3;0;0;0
"18/01/2025";"06:33:00";"8";"Sem vítima";"71,800";"BR-392/RS";"Crescente";"Saída de pista";1;0;0;0;0;0;0;0;0;0;1;0;0;0;0
"19/01/2025";"02:44:00";"4";"Com vítima";"472,000";"BR-116/RS";"Crescente";"Queda de bicicleta";0;1;0;0;0;0;0;0;0;0;0;0;0;0;0
"19/01/2025";"06:20:00";"70";"Com vítima";"196,100";"BR-392/RS";"Decrescente";"Saída de pista";1;0;0;0;0;0;0;0;0;0;0;2;0;0;0
"20/01/2025";"01:25:00";"1";"Com vítima";"137,500";"BR-392/RS";"Crescente";"Tombamento";0;0;0;0;0;1;0;0;0;0;0;0;0;0;1
"21/01/2025";"01:07:00";"2";"Sem vítima";"504,000";"BR-116/RS";"Decrescente";"Saída de pista";0;0;0;0;0;1;0;0;0;0;1;0;0;0;0
"21/01/2025";"08:26:00";"9";"Com vítima";"427,000";"BR-116/RS";"Crescente";"Colisão transversal";1;0;0;0;0;2;0;0;0;0;3;0;1;0;1
"22/01/2025";"05:45:00";"56";"Com vítima";"527,500";"BR-116/RS";"Crescente";"Colisão traseira";1;0;0;1;0;0;0;0;0;0;2;1;0;0;0
"23/01/2025";"12:51:00";"36";"Com vítima";"452,200";"BR-116/RS";"Decrescente";"Colisão traseira";0;0;2;0;0;0;0;0;0;0;2;2;0;0;0
"23/01/2025";"03:05:00";"53";"Com vítima";"552,500";"BR-116/RS";"Crescente";"Colisão frontal";2;0;0;0;0;0;0;0;0;0;1;0;3;1;0
"26/01/2025";"08:14:00";"68";"Com vítima";"101,300";"BR-392/RS";"Crescente";"Colisão lateral no mesmo sentido";1;0;0;1;0;0;0;0;0;0;1;0;1;0;0
"27/01/2025";"04:49:00";"6";"Sem vítima";"117,500";"BR-392/RS";"Crescente";"Choque";1;0;0;0;0;0;0;0;0;0;2;0;0;0;0
"27/01/2025";"07:05:00";"14";"Com vítima";"529,000";"BR-116/RS";"Decrescente";"Colisão frontal";0;1;0;1;0;0;0;0;0;0;1;0;0;0;0
"28/01/2025";"05:20:00";"65";"Com vítima";"552,000";"BR-116/RS";"Crescente";"Queda de moto";0;0;0;1;0;0;0;0;0;0;0;2;0;0;0
"28/01/2025";"07:11:00";"76";"Sem vítima";"100,200";"BR-392/RS";"Crescente";"Colisão frontal";2;0;0;0;0;0;0;0;0;0;2;0;0;0;0
"28/01/2025";"08:08:00";"83";"Com vítima";"530,000";"BR-116/RS";"Decrescente";"Colisão transversal";1;0;0;1;0;0;0;0;0;0;1;0;1;0;0
"30/01/2025";"08:36:00";"72";"Com vítima";"58,500";"BR-392/RS";"Decrescente";"Queda de moto";0;0;0;1;0;0;0;0;0;0;0;0;1;0;0
"31/01/2025";"10:47:00";"41";"Com vítima";"64,900";"BR-392/RS";"Decrescente";"Saída de pista";1;0;0;0;0;0;0;0;0;0;0;0;2;0;0
"01/02/2025";"05:13:00";"59";"Com vítima";"74,500";"BR-392/RS";"Decrescente";"Colisão transversal";1;0;0;1;0;0;0;0;0;0;3;0;1;0;0
"01/02/2025";"11:37:00";"75";"Com vítima";"529,500";"BR-116/RS";"Crescente";"Colisão traseira";0;0;0;1;0;0;1;0;0;0;0;1;0;0;0
"02/02/2025";"05:48:00";"14";"Com vítima";"56,000";"BR-392/RS";"Crescente";"Choque";1;0;0;0;0;0;0;0;0;0;2;2;0;0;0
"02/02/2025";"07:28:00";"75";"Com vítima";"511,900";"BR-116/RS";"Crescente";"Colisão lateral no mesmo sentido";1;0;1;1;0;0;0;0;0;0;2;0;2;0;0
"03/02/2025";"09:04:00";"20";"Com vítima";"67,000";"BR-392/RS";"Decrescente";"Colisão transversal";0;0;1;1;0;0;0;0;0;0;2;0;1;0;0
"03/02/2025";"05:07:00";"67";"Com vítima";"516,600";"BR-116/RS";"Decrescente";"Colisão traseira";0;0;0;1;0;1;0;0;0;0;1;0;1;0;0
"04/02/2025";"06:39:00";"65";"Com vítima";"525,000";"BR-116/RS";"Decrescente";"Choque";0;0;0;1;0;0;0;0;0;0;0;1;1;0;0
"04/02/2025";"06:40:00";"64";"Com vítima";"67,000";"BR-392/RS";"Crescente";"Colisão traseira";1;0;0;1;0;0;0;0;0;0;1;0;1;0;0
"05/02/2025";"06:22:00";"76";"Com vítima";"529,000";"BR-116/RS";"Crescente";"Colisão transversal";1;0;0;1;0;0;0;0;0;0;1;0;1;0;0
"07/02/2025";"07:38:00";"85";"Com vítima";"32,800";"BR-392/RS";"Decrescente";"Colisão traseira";0;0;1;1;0;0;0;0;0;0;2;1;0;0;0
"08/02/2025";"12:52:00";"3";"Com vítima";"511,000";"BR-116/RS";"Decrescente";"Atropelamento de animal";0;0;0;1;0;0;0;0;0;0;0;1;0;0;0
"08/02/2025";"04:56:00";"7";"Com vítima";"118,400";"BR-392/RS";"Decrescente";"Choque";1;0;0;0;0;0;0;0;0;0;0;3;0;0;0
"08/02/2025";"07:57:00";"16";"Com vítima";"530,100";"BR-116/RS";"Decrescente";"Colisão transversal";2;0;0;0;0;0;0;0;0;0;3;1;0;0;0
"08/02/2025";"01:50:00";"59";"Com vítima";"453,500";"BR-116/RS";"Crescente";"Saída de pista";1;0;0;0;0;0;0;0;0;0;0;1;0;0;0
"08/02/2025";"11:43:00";"104";"Com vítima";"419,850";"BR-116/RS";"Crescente";"Saída de pista";1;0;0;0;0;0;0;0;0;0;0;1;0;0;0
"09/02/2025";"03:40:00";"4";"Com vítima";"482,100";"BR-116/RS";"Crescente";"Queda de moto";0;0;0;1;0;0;0;0;0;0;0;1;0;0;0
"09/02/2025";"02:56:00";"45";"Com vítima";"43,000";"BR-392/RS";"Decrescente";"Saída de pista";1;0;0;0;0;0;0;0;0;0;1;0;2;0;0
"09/02/2025";"07:27:00";"75";"Com vítima";"586,000";"BR-116/RS";"Decrescente";"Capotamento";1;0;0;0;0;0;0;0;0;0;0;3;0;0;0
"09/02/2025";"10:01:00";"94";"Com vítima";"110,700";"BR-392/RS";"Crescente";"Colisão frontal";2;0;0;0;0;0;0;0;0;0;0;3;1;0;1
"13/02/2025";"02:40:00";"41";"Com vítima";"1,100";"BR-392/RS";"Crescente";"Colisão lateral no mesmo sentido";0;1;0;1;0;0;0;0;0;0;0;1;0;0;0
"14/02/2025";"09:14:00";"77";"Com vítima";"574,000";"BR-116/RS";"Decrescente";"Atropelamento de animal";0;0;0;1;0;0;0;0;0;0;0;1;0;0;0
"16/02/2025";"07:32:00";"77";"Com vítima";"485,000";"BR-116/RS";"Decrescente";"Colisão lateral no mesmo sentido";1;0;0;0;0;1;0;0;0;0;1;0;1;0;0
"16/02/2025";"09:22:00";"82";"Com vítima";"87,800";"BR-392/RS";"Crescente";"Queda de moto";0;0;0;1;0;0;0;0;0;0;0;0;1;0;0
"18/02/2025";"11:36:00";"28";"Com vítima";"566,270";"BR-116/RS";"Crescente";"Saída de pista";0;0;0;0;0;1;0;0;0;0;0;0;1;0;1
"18/02/2025";"05:40:00";"47";"Com vítima";"67,000";"BR-392/RS";"Crescente";"Colisão traseira";0;0;0;2;0;0;0;0;0;0;1;1;0;0;0
"20/02/2025";"01:48:00";"29";"Com vítima";"477,300";"BR-116/RS";"Decrescente";"Choque";1;0;0;0;0;0;0;0;0;0;0;1;0;0;0
"20/02/2025";"10:53:00";"64";"Sem vítima";"505,000";"BR-116/RS";"Decrescente";"Queda de moto";0;0;0;1;0;0;0;0;0;0;1;0;0;0;0
"21/02/2025";"10:10:00";"89";"Com vítima";"531,300";"BR-116/RS";"Crescente";"Colisão lateral no mesmo sentido";1;1;0;0;0;0;0;0;0;0;1;0;0;0;0
"22/02/2025";"04:47:00";"4";"Com vítima";"524,200";"BR-116/RS";"Crescente";"Queda de moto";0;0;0;1;0;0;0;0;0;0;0;0;1;0;0
"23/02/2025";"09:38:00";"17";"Com vítima";"526,600";"BR-116/RS";"Decrescente";"Tombamento";0;0;0;1;0;0;0;0;0;0;0;0;1;0;0
"23/02/2025";"01:53:00";"49";"Com vítima";"93,300";"BR-392/RS";"Decrescente";"Colisão transversal";1;0;0;0;0;1;0;0;0;0;1;0;0;1;0
"23/02/2025";"05:04:00";"65";"Com vítima";"521,000";"BR-116/RS";"Decrescente";"Colisão transversal";1;0;0;1;0;0;0;0;0;0;4;0;2;0;0
"24/02/2025";"04:10:00";"53";"Com vítima";"501,900";"BR-116/RS";"Crescente";"Saída de pista";1;0;0;0;0;0;0;0;0;0;0;1;0;0;0
"25/02/2025";"05:58:00";"70";"Com vítima";"137,000";"BR-392/RS";"Decrescente";"Colisão transversal";1;0;0;1;0;0;0;0;0;0;1;0;1;0;0
"25/02/2025";"11:55:00";"101";"Com vítima";"61,300";"BR-392/RS";"Decrescente";"Saída de pista";1;0;0;0;0;0;0;0;0;0;1;0;0;1;0
"26/02/2025";"06:39:00";"17";"Com vítima";"641,975";"BR-116/RS";"Crescente";"Capotamento";1;0;0;0;0;0;0;0;0;0;0;1;0;0;0
"27/02/2025";"11:17:00";"35";"Com vítima";"501,700";"BR-116/RS";"Decrescente";"Queda de moto";0;0;0;1;0;0;0;0;0;0;1;0;0;1;0
"27/02/2025";"08:15:00";"85";"Com vítima";"429,600";"BR-116/RS";"Crescente";"Colisão transversal";1;0;0;1;0;0;0;0;0;0;1;0;0;2;0
"28/02/2025";"05:38:00";"73";"Com vítima";"431,500";"BR-116/RS";"Decrescente";"Saída de pista";1;0;0;0;0;0;0;0;0;0;1;1;0;0;0